id2,name,zindex,latitude3,longitude4
12447,Los Angeles,521800,34.020921,-118.411732
54296,San Diego,488800,32.824552,-117.10289
33839,San Jose,727300,37.297016,-121.817409
20330,San Francisco,982900,37.770662,-122.437399
18203,Fresno,173900,36.785534,-119.79456
20288,Sacramento,253700,38.571943,-121.443186
46298,Long Beach,480500,33.806589,-118.156108
13072,Oakland,487700,37.792002,-122.228796
16764,Anaheim,469600,33.835232,-117.846098
47568,Santa Ana,411800,33.738054,-117.887413
47401,Riverside,296200,33.925905,-117.399528
3506,Bakersfield,197700,35.354482,-118.992256
7266,Stockton,192800,37.973024,-121.301881
25934,Modesto,202900,37.627038,-121.022602
20328,San Bernardino,195500,34.182995,-117.337649
24225,Corona,441400,33.815493,-117.54049
51405,Chula Vista,417400,32.631766,-117.020955
24741,Fontana,301500,34.117788,-117.462567
11540,Fremont,736100,37.529387,-122.00847
52650,Irvine,747200,33.687,-117.774251
13150,Oxnard,398400,34.185277,-119.139518
26967,Santa Rosa,443100,38.460124,-122.687379
6285,Oceanside,416900,33.330076,-117.417367
45457,Glendale,659500,34.192997,-118.244926
25218,Huntington Beach,682500,33.692536,-118.020173
54288,Salinas,352400,36.673588,-121.597393
25981,Moreno Valley,245400,33.920065,-117.138775
5534,Lancaster,198500,34.742058,-118.209698
18518,Hayward,447700,37.628581,-122.041381
13108,Ontario,326600,34.033953,-117.613221
40492,Rancho Cucamonga,434600,34.163747,-117.55055
24832,Garden Grove,457800,33.767662,-117.968762
38333,El Cajon,406700,32.809722,-116.895902
40227,Palmdale,220100,34.478743,-118.019087
17950,Elk Grove,329200,38.3826,-121.349339
54311,Santa Clarita,440600,34.406765,-118.456709
20008,Pomona,328100,34.065723,-117.769941
54626,Sunnyvale,1096300,37.397162,-122.02412
21114,Visalia,180900,36.362443,-119.314348
11337,Escondido,385300,33.134725,-117.069977
47019,Pasadena,659200,34.184471,-118.131808
54722,Torrance,690800,33.833639,-118.343172
24812,Fullerton,534400,33.888763,-117.924734
47570,Santa Maria,304300,34.951851,-120.296537
45888,Inglewood,374400,33.95331,-118.348271
33252,Orange,561800,33.809721,-117.818333
24174,Compton,272300,33.88535,-118.225117
17882,East Los Angeles,329700,34.035166,-118.159634
27110,Simi Valley,481900,34.29824,-118.734918
51518,Concord,447500,37.990504,-121.990558
34520,Vallejo,257800,38.125666,-122.253008
13713,Santa Clara,813100,37.370884,-121.968112
16992,Berkeley,850800,37.889993,-122.270136
11865,Hemet,190000,33.654923,-116.907085
4406,Downey,457800,33.937677,-118.130422
27683,Victorville,182000,34.530465,-117.372849
7386,Temecula,395400,33.535787,-117.129217
38032,Costa Mesa,648100,33.66356,-117.908966
41517,Vista,428200,33.203408,-117.217696
7453,Tracy,375000,37.651965,-121.455836
34543,Ventura,488000,34.227675,-119.294243
6103,Murrieta,361300,33.553213,-117.305217
37863,Chico,266000,39.797028,-121.840985
44655,Clovis,268000,36.936256,-119.563372
13594,Roseville,360700,38.781426,-121.332832
53636,Norwalk,375800,33.907785,-118.076991
47322,Redding,222300,40.64402,-122.311076
51861,El Monte,410000,34.070832,-118.03527
396054,Burbank,634100,34.183451,-118.325211
45732,Hesperia,191400,34.36317,-117.327836
14542,West Covina,453700,34.047044,-117.912699
3975,Carlsbad,694300,33.121805,-117.281504
41446,Vacaville,348600,38.380067,-121.966802
18053,Fairfield,329700,38.235677,-122.068441
32629,Madera,172300,36.982467,-120.067181
13699,San Mateo,892200,37.552322,-122.315011
25855,Merced,,37.330944,-120.504516
31163,Daly City,673600,37.678682,-122.452917
13256,Perris,225300,33.784323,-117.320018
13698,San Leandro,461500,37.70483,-122.149689
47762,South Gate,332900,33.937907,-118.193865
6112,Napa,485800,38.521355,-122.279484
12773,Mission Viejo,622800,33.604207,-117.657512
13715,Santa Cruz,709000,37.04497,-122.074987
16780,Antioch,310500,37.998129,-121.806377
33645,Rialto,267900,34.528828,-117.437588
45878,Indio,246000,33.725727,-116.248749
26964,Santa Monica,1106800,34.02186,-118.480566
32540,Livermore,624700,37.578306,-121.604191
51414,Citrus Heights,256300,38.693471,-121.287889
10608,Buena Park,457200,33.854117,-118.00679
26751,Richmond,296900,37.953325,-122.336446
42150,Hawthorne,464100,33.913399,-118.346038
44583,Chino,409400,33.986582,-117.671587
13712,Santa Barbara,979200,34.037451,-119.746453
50677,Alhambra,542900,34.08484,-118.136601
20128,Redwood City,1055800,37.4997,-122.227032
396020,Arden-Arcade,233700,38.604226,-121.374065
7784,Watsonville,422000,36.951695,-121.724157
12292,Lakewood,467600,33.845586,-118.112923
27491,Tustin,610300,33.736556,-117.788323
34637,Walnut Creek,700300,37.893953,-122.03859
14634,Whittier,453500,33.979441,-118.01891
34278,Thousand Oaks,643600,34.198692,-118.891307
27512,Upland,485900,34.153434,-117.661937
53148,Manteca,282400,37.774684,-121.22707
10723,Carson,416700,33.84236,-118.258572
32999,Mountain View,1115500,37.403693,-122.081266
44116,Bellflower,401600,33.888014,-118.128878
34780,Westminster,527900,33.747121,-117.997228
24245,Covina,432000,34.082932,-117.884059
40355,Pittsburg,293800,38.009658,-121.933497
40524,Redlands,343100,34.052713,-117.150769
54759,Turlock,245300,37.478741,-120.860161
40414,Porterville,144000,35.967879,-118.919747
11462,Folsom,426200,38.66446,-121.146157
7484,Tulare,147100,36.080398,-119.364185
10241,Baldwin Park,359900,34.081113,-117.975189
32380,Lake Forest,614700,33.659589,-117.673626
20337,San Ramon,851300,37.768426,-121.960105
51239,Camarillo,523000,34.201914,-119.003383
26469,Petaluma,546100,38.218337,-122.725587
46089,La Mesa,438400,32.767884,-116.993982
39076,Huntington Park,335300,33.977788,-118.213462
47164,Pleasanton,849800,37.681181,-121.889053
50742,Apple Valley,188900,34.552224,-117.15755
33612,Redondo Beach,829300,33.849385,-118.377119
34940,Yuba City,217600,39.051062,-121.689714
40737,San Marcos,464300,33.159466,-117.171952
41025,Spring Valley,364700,32.716876,-116.966496
39483,Lodi,250200,38.141774,-121.299078
18453,Hanford,159900,36.258522,-119.615619
32616,Lynwood,304300,33.924499,-118.20317
54301,San Rafael,809700,37.999967,-122.544409
26374,Palo Alto,2105800,37.381592,-122.135671
39798,Milpitas,729600,37.446502,-121.853992
41333,Union City,603800,37.598554,-122.030259
10815,Chino Hills,583800,33.955293,-117.722971
16697,Alameda,730200,37.757932,-122.278266
26483,Pico Rivera,370700,33.989459,-118.088081
54212,Rosemead,490900,34.057849,-118.082032
25459,Laguna Niguel,741700,33.530415,-117.706797
50749,Arcadia,1069100,34.140426,-118.029811
21412,Yorba Linda,720400,33.898388,-117.757562
18874,La Habra,446700,33.926132,-117.947859
6923,San Luis Obispo,614600,35.269016,-120.696751
33837,San Gabriel,645300,34.101625,-118.094048
45164,Encinitas,818700,33.049633,-117.253494
45398,Gardena,405500,33.891008,-118.308626
53643,Novato,676200,38.112831,-122.593237
396053,Florence-Graham,259700,33.966116,-118.241936
53571,Newport Beach,1293500,33.627799,-117.899136
53487,National City,316800,32.669908,-117.090037
11604,Gilroy,596300,37.074307,-121.556363
13693,San Clemente,832900,33.454278,-117.594815
17155,Brentwood,453700,37.908393,-121.681435
6809,Rocklin,389100,38.809539,-121.26166
48569,Woodland,270600,38.727711,-121.818707
13929,South San Francisco,700900,37.656627,-122.423123
52852,Lake Elsinore,263100,33.660419,-117.367734
19078,Lompoc,254400,34.640326,-120.431864
6021,Monterey Park,546200,34.050917,-118.133323
51659,Davis,551200,38.556817,-121.735171
26679,Rancho Cordova,266800,38.56999,-121.201842
737790,Eastvale,,33.975991,-117.5816
37015,Azusa,365100,34.172621,-117.857138
17310,Carmichael,392900,38.62161,-121.32816
24349,Delano,146800,35.75634,-119.152768
37971,Colton,209600,34.057163,-117.318854
25953,Montebello,422500,34.008811,-118.108367
4281,Cupertino,1550600,37.303153,-122.065913
6943,Santee,396300,32.859233,-116.988262
8384,Fountain Valley,666000,33.709868,-117.947894
118225,South Whittier,412600,33.936144,-118.028011
21417,Yucaipa,303600,34.041508,-117.014126
11626,Glendora,505500,34.164371,-117.844806
45602,Hacienda Heights,576900,34.002225,-117.967913
26531,Placentia,571500,33.881798,-117.850289
9255,San Pablo,293000,37.980211,-122.333302
20044,Poway,604800,32.99678,-117.012476
6395,Paramount,321000,33.899154,-118.165389
41665,West Sacramento,263100,38.633722,-121.596593
52547,Hollister,405900,36.895314,-121.243378
30788,Cathedral City,233500,33.816544,-116.458117
11274,El Centro,162200,32.771061,-115.603448
28485,Highland,257600,34.109605,-117.162052
38134,Danville,1047400,37.810227,-121.92867
13127,Oroville,157600,39.576652,-121.527953
5465,La Mirada,466000,33.900793,-118.00722
46500,Menifee,310200,33.698807,-117.18833
30785,Castro Valley,635000,37.715728,-122.064723
37086,Aliso Viejo,530600,33.573513,-117.72646
29143,Lincoln,379500,38.938844,-121.327846
33306,Palm Desert,323600,33.733142,-116.368706
24384,Diamond Bar,615600,34.000641,-117.815464
12592,Martinez,460300,37.985637,-122.142926
17272,Campbell,890400,37.280101,-121.956668
51701,Desert Hot Springs,152500,33.873246,-116.345311
10774,Cerritos,633500,33.866892,-118.069461
49611,Newark,581400,37.51463,-122.042433
16961,Bell Gardens,337200,33.965686,-118.149943
46965,Palm Springs,295600,33.761273,-116.58125
11400,Fallbrook,489500,33.417876,-117.314459
32923,Monrovia,561500,34.161116,-117.987594
15554,Rancho Santa Margarita,582200,33.598968,-117.607449
6919,San Jacinto,200500,33.811015,-116.971064
44833,Cypress,540400,33.819071,-118.037816
21991,Lakeside,409300,32.893918,-116.876369
50800,Auburn,354400,38.942691,-121.082933
17150,Brea,593800,33.937955,-117.846933
4650,Fair Oaks,497800,38.649728,-121.248938
22827,Rowland Heights,572700,33.979795,-117.890291
39306,La Puente,364100,34.034007,-117.960022
45191,Eureka,224300,40.754594,-123.938234
11685,Grass Valley,306700,39.116849,-121.076889
39748,Menlo Park,1638000,37.459349,-122.178952
46316,Los Banos,,36.988948,-120.969024
23635,Beaumont,253100,33.935251,-116.98925
43354,Ramona,433000,33.070023,-116.835219
13691,San Bruno,728800,37.620946,-122.434612
47746,Sonoma,587100,38.241203,-122.458654
30187,Altadena,652000,34.222347,-118.125885
32927,Montclair,332300,34.071638,-117.700826
20265,Rubidoux,271900,33.993964,-117.419078
51751,Dublin,668100,37.717821,-121.905636
19811,Pacifica,714100,37.602952,-122.465101
19728,Oakley,335400,38.034334,-121.65714
51617,Culver City,767800,34.0059,-118.409023
50616,Coachella,161700,33.706011,-116.150039
10389,Beverly Hills,2697700,34.082549,-118.399533
47021,Paso Robles,388600,35.461346,-120.799699
18883,La Quinta,375300,33.581905,-116.327636
30399,Bell,337400,33.981161,-118.179165
33840,San Juan Capistrano,693000,33.522811,-117.592542
48424,West Hollywood,647000,34.087231,-118.369611
53925,Pleasant Hill,597500,37.953827,-122.077801
19100,Los Gatos,1465800,37.231918,-121.951534
19177,Manhattan Beach,1855400,33.894794,-118.404256
7304,Barstow,93000,34.982144,-116.973385
40754,Sanger,174000,36.798283,-119.399819
46218,Lemoore,180700,36.289587,-119.83249
10662,Calexico,174000,32.737819,-115.559698
54666,Tehachapi,212500,35.130068,-118.505268
10772,Ceres,200900,37.555304,-120.962572
50797,Atwater,,37.299948,-120.65282
26965,Santa Paula,361300,34.425463,-119.082304
118914,Westmont,319000,33.945206,-118.304638
6819,Rohnert Park,414400,38.343412,-122.703912
57277,Reedley,170000,36.659035,-119.434549
54053,Rancho Palos Verdes,1157600,33.758699,-118.35981
31623,Foster City,1125100,37.554913,-122.266795
17931,El Dorado Hills,521000,38.674555,-121.052979
33935,Selma,156100,36.529445,-119.642469
6916,San Carlos,1310300,37.498401,-122.270318
46178,Lawndale,406900,33.887711,-118.356475
20172,Ridgecrest,152300,35.553253,-117.676493
6043,Morgan Hill,737700,37.129042,-121.639951
37206,Atascadero,425100,35.453409,-120.716803
19716,Oakdale,258000,37.78846,-120.746021
33874,Saratoga,2083700,37.252638,-122.055558
25974,Moorpark,573400,34.308793,-118.87893
50849,Banning,186700,33.908393,-116.811463
33836,San Dimas,521500,34.111986,-117.814438
49259,Dinuba,154000,36.52026,-119.400601
17235,Burlingame,1581600,37.586025,-122.367406
57132,Wildomar,327400,33.619805,-117.256935
39511,Los Altos,2224100,37.36719,-122.100708
14111,Temple City,655300,34.10305,-118.050872
40979,South Lake Tahoe,339900,38.879683,-120.021305
16684,Adelanto,,34.660985,-117.520962
47550,San Lorenzo,447300,37.681641,-122.135054
34636,Walnut,727800,34.033248,-117.860125
47677,Shingle Springs,367300,38.618751,-120.970689
25458,Laguna Hills,651800,33.595323,-117.709512
7518,Ukiah,285600,39.112538,-123.274625
26310,Orangevale,292000,38.685067,-121.225223
19434,Monterey,634100,36.471419,-121.828534
115107,Florin,180700,38.489612,-121.409021
19230,Marysville,163600,39.217478,-121.483786
29737,Norco,467800,33.929213,-117.563926
19379,Mill Valley,1272800,37.874585,-122.553772
23523,Arroyo Grande,580900,35.176433,-120.440536
30908,Claremont,599100,34.15787,-117.70539
5265,Imperial Beach,382600,32.56307,-117.116538
4931,Goleta,747700,34.5022,-120.121737
17686,Dana Point,781800,33.477342,-117.7053
11228,East Palo Alto,531900,37.467988,-122.135742
27011,Seaside,376100,36.639849,-121.785982
24216,Corcoran,103900,36.033401,-119.553773
46887,Olivehurst,169300,39.026131,-121.544955
36412,Wasco,135100,35.646653,-119.451404
33910,Sebastopol,651700,38.397684,-122.86506
42967,Stanton,399000,33.794746,-117.997268
10343,Belmont,1210300,37.570174,-122.33381
15381,Isla Vista,,34.414436,-119.8592
36288,Windsor,481800,38.536501,-122.814245
57317,Winchester,345300,33.634083,-117.064866
47144,Placerville,280400,38.748963,-120.805207
32753,Maywood,372300,33.988339,-118.187228
27183,South Pasadena,851200,34.112119,-118.156236
25547,Lemon Grove,347600,32.732712,-117.038768
24831,Galt,255100,38.278177,-121.232749
40516,Red Bluff,146100,40.144323,-122.261645
23504,Aptos,726600,37.008371,-121.876816
47547,San Fernando,345300,34.28574,-118.439354
20550,Sonora,216800,37.966284,-120.356
51858,El Cerrito,676300,37.918025,-122.302444
52835,Ladera Ranch,751600,33.551388,-117.644108
35927,Patterson,251000,37.483684,-121.249669
39308,La Verne,542300,34.124884,-117.774528
54352,Seal Beach,804100,33.757516,-118.078528
40242,Paradise,195000,39.741266,-121.665551
396236,Vineyard,298800,38.467121,-121.334765
117041,Oildale,119000,35.428409,-119.031165
47889,Suisun City,285300,38.155691,-121.941655
117769,Rosemont,232600,38.547545,-121.359891
17442,Chowchilla,155700,37.087528,-120.229612
28063,Yucca Valley,135200,34.15167,-116.425029
40955,Soledad,253000,36.416977,-121.35765
5994,Mira Loma,381400,33.99004,-117.528303
44131,Benicia,509000,38.114786,-122.12819
31134,Cudahy,338100,33.962621,-118.185571
53327,Millbrae,1189700,37.601057,-122.402393
25455,Lafayette,1229000,37.898186,-122.128292
40081,North Tustin,938700,33.763513,-117.795562
12423,Loma Linda,357600,34.047444,-117.248723
9840,Agoura Hills,769600,34.129969,-118.769701
3719,Blythe,121100,33.746772,-114.71296
17788,Dixon,334500,38.379364,-121.78693
4148,Coalinga,135400,36.173379,-120.440076
28136,Bloomington,235200,34.059512,-117.40093
41951,Brawley,145300,32.965136,-115.383345
17587,Coronado,1423000,32.650442,-117.171759
118878,West Carson,397700,33.822055,-118.292277
7662,Valley Center,496100,33.258609,-117.008075
7332,Susanville,118500,40.546936,-120.672576
36502,South El Monte,387500,34.048931,-118.048531
52842,Laguna Beach,1377900,33.548417,-117.774752
53027,Lomita,571100,33.79131,-118.317965
30025,Marina,415800,36.678727,-121.781069
46080,La Canada Flintridge,1432900,34.231384,-118.148805
40633,Rosamond,159200,34.912181,-118.373774
50774,Arvin,124900,35.080066,-118.787684
11677,Granite Bay,646000,38.751688,-121.170725
13091,Ojai,617600,34.556469,-119.114462
7026,Shafter,135700,35.492732,-119.296399
24435,Duarte,439600,34.157856,-117.957623
51863,El Sobrante,427600,37.955814,-122.269111
37073,Albany,716700,37.882825,-122.32788
9020,Nipomo,453600,35.050901,-120.517085
16760,American Canyon,418100,38.202296,-122.238024
29712,Hermosa Beach,1263600,33.864996,-118.396929
10157,Arcata,276000,40.845532,-124.050449
396551,La Crescenta-Montrose,731500,34.228709,-118.235181
46314,Los Alamitos,797400,33.797197,-118.061785
47198,Port Hueneme,312100,34.133809,-119.14187
6485,Phelan,219600,34.461268,-117.546868
10991,Crescent City,,41.663848,-123.961974
41673,Westlake Village,866000,34.143506,-118.89374
118994,Willowbrook,289800,33.91571,-118.255601
48047,Truckee,495000,39.283997,-120.2489
43102,Taft,106200,35.183128,-119.362059
19033,Lindsay,137500,36.210079,-119.07879
36363,Thermal,,33.454839,-116.000046
30105,Kerman,172100,36.70087,-120.139184
55753,El Segundo,815900,33.916583,-118.401146
31854,Greenfield,198500,36.251748,-121.364384
25411,Kingsburg,221900,36.488396,-119.515482
30145,Alamo,1453800,37.852329,-121.977578
38965,Hercules,457700,38.002639,-122.255091
35591,Lathrop,288700,37.809883,-121.32186
30267,Artesia,444800,33.866644,-118.080345
12654,McKinleyville,264700,40.953822,-124.020605
4632,Exeter,180100,36.289168,-119.03109
118217,South San Jose Hills,344400,34.014947,-117.905007
396556,West Whittier-Los Nietos,382500,33.977679,-118.070019
46098,Laguna Woods,279300,33.608397,-117.727865
18098,Fillmore,339400,34.414151,-118.864755
40493,Rancho Mirage,478100,33.761256,-116.433039
47544,San Anselmo,1020500,37.999045,-122.583525
41317,Twentynine Palms,86400,34.241733,-115.896855
10128,Anderson,174000,40.45149,-122.288767
25078,Healdsburg,587300,38.536443,-122.809745
3980,Carpinteria,777800,34.428323,-119.515207
30526,Bonita,523000,32.664641,-117.027704
115282,Glen Avon,287800,34.015446,-117.473653
13716,Santa Fe Springs,405300,33.926546,-118.063802
118895,West Puente Valley,371900,34.049861,-117.970047
6343,Orland,,39.703425,-122.405407
37688,Calabasas,1053800,34.136214,-118.662693
33300,Pacific Grove,716300,36.613793,-121.921264
118694,Valinda,387000,34.038453,-117.931897
8935,Parlier,123300,36.624427,-119.519452
53655,Oak Park,693200,34.192957,-118.753434
17597,Coto de Caza,861000,33.600388,-117.58858
15237,La Palma,627200,33.850921,-118.043375
113441,Alum Rock,503800,37.367819,-121.827161
36958,Pinole,405500,37.992602,-122.276312
21778,Hawaiian Gardens,327900,33.830604,-118.072137
272578,Commerce,332400,33.995079,-118.157362
54158,Riverbank,212800,37.729923,-120.943421
25652,Los Osos,421500,35.2986,-120.826899
39704,Mc Farland,128700,35.652774,-119.169302
26767,Rio Linda,,38.691756,-121.470724
9355,Winton,128000,37.413965,-120.591218
11745,Grover Beach,383200,35.118874,-120.621662
10734,Castaic,468600,34.535457,-118.684982
12520,Malibu,2424100,34.072266,-118.818419
27244,Stanford,2290500,37.410265,-122.172101
28774,Half Moon Bay,907400,37.42177,-122.411626
23717,Bishop,344600,37.506054,-118.311377
8572,Hughson,264200,37.591966,-120.848908
42569,Orinda,1270300,37.886782,-122.196235
15294,Escalon,252800,37.833386,-121.033442
5693,Loomis,478000,38.806693,-121.16412
54345,Scotts Valley,697200,37.077864,-122.002114
43867,Alpine,485900,32.823903,-116.694542
19059,Livingston,,37.340177,-120.756805
41854,Carmel,1203700,36.435336,-121.823072
55438,Delhi,,37.425909,-120.779813
49205,Lamont,85800,35.258767,-118.912005
50453,Orosi,128700,36.575496,-119.189483
117263,Pedley,303000,33.983164,-117.47698
44406,California City,86300,35.150286,-117.921653
3963,Canyon Lake,390200,33.692303,-117.259323
10665,Calimesa,260200,33.97915,-117.060885
45510,Grand Terrace,296000,34.032301,-117.314346
115235,Garden Acres,,37.965437,-121.22602
22081,Firebaugh,126700,36.726137,-120.590297
27960,Willits,230300,39.513973,-123.368538
18173,Fortuna,244100,40.578091,-124.12519
32942,Moraga,1108600,37.83422,-122.099697
6495,Piedmont,1714900,37.822547,-122.229737
53568,Newman,,37.281307,-121.215467
20544,Solana Beach,1081700,32.99773,-117.259132
47695,Sierra Madre,827700,34.168113,-118.048836
396550,View Park-Windsor Hills,598200,33.995646,-118.348558
54299,San Marino,2137600,34.121282,-118.114443
52061,Fort Bragg,336000,39.466284,-123.667266
46697,Nevada City,367200,39.364451,-120.872288
29189,Littlerock,180800,34.498029,-117.958897
55743,Hillsborough,3630500,37.555193,-122.361176
30459,Big Bear City,195400,34.255404,-116.915272
113576,Avocado Heights,424000,34.040627,-118.001261
29842,Mecca,114700,33.519807,-115.958165
44769,Cotati,440000,38.31793,-122.709533
44661,Coarsegold,227800,37.174849,-119.720671
10951,Corning,132400,39.915623,-122.27256
3493,Avenal,102500,35.925341,-120.092446
27103,Signal Hill,406600,33.804328,-118.167184
116032,La Riviera,236500,38.569039,-121.358006
7666,Valley Springs,245900,38.160942,-120.846421
34285,Tiburon,2115800,37.881676,-122.463116
396542,North Fair Oaks,655600,37.475225,-122.203274
12035,Imperial,194700,32.86426,-115.686038
4582,Emeryville,389800,37.838627,-122.295815
14803,Cottonwood,187600,40.332346,-122.463553
28324,Cloverdale,400800,38.806857,-122.929352
52871,Lakeport,219100,39.047834,-122.931199
47583,Sausalito,1094500,37.868051,-122.546364
396561,Muscoy,,34.155023,-117.361166
36355,Woodlake,135000,36.467884,-119.066576
27057,Shasta Lake,150400,40.679888,-122.374155
40009,Newport Coast,1100500,33.597535,-117.826257
5427,King City,,36.188523,-120.989326
10848,Clayton,673400,37.891226,-121.892508
34907,Woodside,3551100,37.407077,-122.295612
13114,Orange Cove,116100,36.65942,-119.294717
36036,Ripon,339400,37.748417,-121.137261
53162,Marina del Rey,,33.976658,-118.44587
35723,Joshua Tree,100200,34.142096,-115.390324
39879,Morro Bay,510500,35.399273,-120.778377
22622,Willows,,39.501916,-122.277016
24969,Gridley,,39.361462,-121.757239
118875,West Athens,341800,33.923692,-118.304644
28431,Kelseyville,205500,38.926721,-122.815119
51733,Dos Palos,,37.061045,-120.630601
33311,Palos Verdes Estates,1753700,33.783302,-118.390121
10961,Corte Madera,1071100,37.924976,-122.512626
114822,East Foothills,712300,37.381463,-121.816863
25710,Magalia,161200,39.882412,-121.598987
7981,Winters,310200,38.567193,-121.98912
17128,Boulder Creek,416200,37.175115,-122.160445
7777,Waterford,178600,37.679239,-120.640462
9208,Salida,242000,37.718978,-121.089842
6814,Rodeo,380300,38.026802,-122.240293
30748,Capitola,657500,36.975749,-121.951321
9403,Thousand Palms,157700,33.6679,-115.576362
18609,Holtville,143500,32.822301,-115.220307
17542,Colusa,,39.219064,-122.043164
113412,Alondra Park,497100,33.889456,-118.335155
33679,Riverdale,131800,36.422881,-119.957196
32578,Los Altos Hills,3534500,37.36779,-122.137173
19207,Mariposa,223000,37.521864,-119.999139
29059,Penn Valley,320700,39.225877,-121.216188
24660,Fairfax,740600,37.98699,-122.611185
53646,Nuevo,263800,33.830168,-117.116151
30696,Calipatria,,33.191985,-115.50435
9058,Mentone,246100,34.059074,-117.107166
38491,Farmersville,114200,36.308599,-119.206757
56780,Topanga,1169700,34.090157,-118.609074
30280,Atherton,4593600,37.450229,-122.20037
47510,Saint Helena,965500,38.547529,-122.405379
3929,Calistoga,568900,38.621196,-122.612863
28219,Denair,258300,37.542622,-120.679757
25246,Indian Wells,676900,33.692789,-116.351517
34030,Solvang,664000,34.625658,-120.143783
5721,Lucerne Valley,116200,34.511777,-116.858716
31233,Discovery Bay,532700,37.864764,-121.587848
31888,Guadalupe,205000,34.935646,-120.607616
4793,Fowler,205600,36.62402,-119.671677
31994,Heber,148000,32.724748,-115.47173
26260,Oceano,338500,35.04477,-120.615683
35858,Mammoth Lakes,,37.574141,-118.842158
38070,Crestline,186900,34.248636,-117.286556
5315,Jamestown,192100,37.872994,-120.481539
9553,Mendota,117200,36.674948,-120.418844
52752,Kentfield,1806600,37.94602,-122.544587
396021,Country Club,152700,37.969337,-121.341273
40964,Soquel,657600,37.026422,-121.94748
117764,Rosedale,394800,35.393945,-119.198851
29320,Strathmore,116400,36.138217,-119.091908
35659,Gustine,,37.159187,-121.039697
13355,Pollock Pines,217300,38.760966,-120.497482
10850,Clearlake,102600,38.971666,-122.660156
25512,Larkspur,1325800,37.936936,-122.526225
41200,Templeton,537700,35.553603,-120.738367
39082,Huron,125500,36.201374,-120.076156
10725,Caruthers,137400,36.528702,-119.881304
29536,Sloughhouse,423800,38.505819,-121.134353
116042,Ladera Heights,937800,33.996097,-118.374099
55294,Yreka,134200,41.758906,-122.690015
49139,Elverta,,38.740295,-121.465372
28512,Hilmar,239300,37.393737,-120.899271
33846,San Martin,854600,37.102946,-121.599837
34252,Terra Bella,181800,35.926284,-119.021075
118227,South Yuba City,211700,39.112751,-121.641391
11535,Freedom,,36.934618,-121.781866
26659,Quincy,,39.94271,-120.986633
3893,Burbank,622800,37.321541,-121.930866
113561,August,,37.977629,-121.262612
23986,Castroville,,36.781268,-121.737699
39222,Kensington,784200,37.907574,-122.273579
29900,Cutler,,36.497829,-119.290192
52124,French Camp,,37.874506,-121.291047
54970,Villa Park,1176400,33.817169,-117.809852
399318,Travis AFB,,38.262566,-121.933623
39843,Montecito,2931400,34.436924,-119.626267
114828,East La Mirada,477900,33.924511,-117.990764
43361,Redwood Valley,367200,39.321281,-123.236706
56896,Rescue,519400,38.724531,-120.987007
33847,San Miguel,293800,35.905691,-120.557417
18875,La Habra Heights,1038700,33.961052,-117.955537
32910,Mojave,78400,35.056714,-118.237982
12410,Live Oak,163000,39.265054,-121.774482
26968,Santa Ynez,755800,34.658141,-119.999242
395645,Mather Air Force Base,301600,38.549764,-121.282595
30417,Ben Lomond,501900,37.108686,-122.092634
30642,Buellton,490100,34.620707,-120.220341
26526,Pismo Beach,694200,35.156364,-120.659508
8996,Newcastle,519600,38.874275,-121.15329
33040,Needles,,34.785872,-114.598458
39870,Morongo Valley,115600,34.101196,-116.588677
41987,Brisbane,676200,37.689142,-122.411452
33510,Portola,,39.827811,-120.454982
18914,Lake Isabella,125700,35.565445,-118.467348
16677,Acton,484400,34.47805,-118.223235
13318,Pixley,114000,35.956669,-119.315612
16389,Silverado,633500,33.75524,-117.63116
17264,Cambria,619700,35.597308,-121.017382
52481,Helendale,,34.76183,-117.331219
15893,Wheatland,226900,39.065715,-121.39201
13695,San Joaquin,115500,36.598455,-120.188691
35808,Moss Landing,,36.826508,-121.766999
57218,Felton,474900,37.076031,-122.066475
16583,Portola Valley,3400300,37.36954,-122.221852
40110,Oak View,495400,34.396573,-119.302999
114651,Del Monte Forest,1683100,36.587843,-121.94584
7809,Weed,155600,41.487314,-122.389432
5482,Lake Arrowhead,263900,34.262435,-117.19906
22745,Shandon,,35.653229,-120.270578
17174,Broadmoor Village,660000,37.690932,-122.48021
51274,Carmel Valley,874500,36.39976,-121.647955
39132,Jackson,257700,38.331269,-120.775768
46477,Meadow Vista,392300,39.011432,-121.033895
5147,Hidden Valley Lake,207200,38.802465,-122.547219
28730,Guerneville,336300,38.521386,-122.993702
8185,Del Mar,2082800,32.962912,-117.2244
35623,Diamond Springs,239600,38.678738,-120.81129
18319,Gonzales,255500,36.539251,-121.36953
114956,Emerald Lake Hills,1649100,37.465588,-122.267827
10939,Cool,303800,38.89794,-120.972784
37116,Alturas,,41.438409,-120.534004
16791,Arbuckle,,39.000785,-122.054708
10902,Colfax,284000,39.094625,-120.897677
3491,Avalon,,33.388602,-118.454657
4905,Glen Ellen,840900,38.358212,-122.521811
396554,Cambrian Park,972000,37.256543,-121.930615
4757,Forestville,388800,38.498776,-122.910496
32988,Mount Shasta,228700,41.322356,-122.349756
24797,Frazier Park,159500,34.851648,-119.052481
6922,San Juan Bautista,473700,36.833015,-121.516457
21307,Williams,173700,39.116357,-122.259682
16769,Angwin,,38.598129,-122.464233
40576,Rio Vista,276000,38.162549,-121.759558
49384,Earlimart,116200,35.851856,-119.265567
45919,Jamul,609900,32.685861,-116.803607
26545,Pleasant Grove,,38.841743,-121.490399
395646,Pine Grove,244300,38.390588,-120.644769
115605,Highgrove,239500,34.013414,-117.329126
37680,Buttonwillow,,35.429537,-119.47209
39840,Monte Sereno,2447700,37.239444,-121.987317
43944,Aromas,496000,36.875317,-121.636534
118379,Sunnyslope,280400,34.021907,-117.426965
54756,Tuolumne,161800,37.958109,-120.201897
55226,Wilton,527900,38.406327,-121.238331
32510,Linden,330800,38.064695,-121.038686
23775,Boron,,34.962414,-117.666513
5433,Kings Beach,371400,39.25361,-120.018636
116208,Lincoln Village,182000,38.006416,-121.334425
47552,San Quentin,,37.941395,-122.485241
49694,Pioneer,189300,38.569242,-120.339632
50501,Groveland,208600,37.861455,-119.751798
17114,Bonsall,562700,33.287699,-117.206597
52658,Ivanhoe,95400,36.388644,-119.220351
12418,Lockeford,258000,38.173435,-121.127891
56272,Penngrove,787800,38.318487,-122.641476
13070,Oakhurst,211000,37.40961,-119.612771
32596,Lucerne,120900,39.122,-122.769321
5130,Herald,455200,38.34611,-121.134149
34037,Somis,956300,34.296703,-119.040486
24608,Esparto,204200,38.732105,-122.021754
19430,Montague,,41.757212,-122.393972
44161,Big Bear Lake,286900,34.236568,-116.917617
41761,Winterhaven,,33.010256,-114.72321
24680,Farmington,,37.968908,-120.861079
10150,Anza,176400,33.54961,-116.68392
38563,Foresthill,278700,39.055453,-120.82315
42819,North Fork,216600,37.261094,-119.485462
18968,Le Grand,,37.278808,-120.192997
13436,Rancho Santa Fe,2228400,33.017251,-117.196914
36078,Pinon Hills,199300,34.434427,-117.634271
49649,Rio Dell,180300,40.443222,-124.116882
115663,Home Gardens,316600,33.883604,-117.505526
38044,Covelo,,39.822339,-123.169804
43338,Westwood,257200,40.260831,-121.056649
19626,Niland,,33.354347,-115.678192
55434,Del Rey,,36.656088,-119.600816
4170,Colma,,37.676783,-122.45123
43627,El Dorado,292500,38.609134,-120.841353
55078,Weldon,,35.589735,-118.24089
31729,Gerber,,40.034508,-122.205275
30663,Burney,121100,40.964603,-121.69685
25499,Landers,68300,34.332906,-116.535034
7504,Twain Harte,209600,38.083126,-120.245802
38643,Garberville,,40.160139,-123.81462
3333,Ahwahnee,271900,37.384713,-119.735485
34295,Tipton,123400,36.036564,-119.35487
16363,Shingletown,183500,40.513207,-121.808347
7323,Sunol,,37.566633,-121.804741
27816,Weaverville,161500,40.738392,-122.930812
396541,Highlands-Baywood Park,1422300,37.523396,-122.34643
40731,San Andreas,180900,38.203316,-120.57638
5319,Janesville,179300,40.262496,-120.518519
56684,Wofford Heights,142200,35.68547,-118.508459
29124,Mendocino,538700,39.308238,-123.708013
10348,Belvedere,3222400,37.89156,-122.474528
114852,Easton,149800,36.652249,-119.790574
53424,Moss Beach,932600,37.536643,-122.48923
11960,Homeland,,33.760094,-117.102303
25341,Julian,276800,32.983505,-116.399202
19462,Morada,393500,38.041586,-121.242127
9940,Palo Cedro,311500,40.59384,-122.200392
54223,Rough and Ready,334400,39.225886,-121.15616
13232,Pearblossom,220000,34.440659,-117.884455
5175,Hinkley,,34.984562,-117.240916
33727,Rolling Hills Estates,1352100,33.776428,-118.354533
47812,Springville,203400,36.176206,-118.704653
20546,Somerset,,38.630027,-120.512571
4525,Edwards,,34.970766,-117.886057
35151,Crockett,378000,38.042743,-122.222797
24214,Copperopolis,330700,37.955983,-120.658141
55547,Clearlake Oaks,149200,39.047791,-122.549737
43246,Smartsville,247400,39.178444,-121.287961
26567,Point Reyes Station,1038300,38.11232,-122.88279
25621,Llano,,34.489462,-117.77631
55293,Yountville,758900,38.405972,-122.366367
38169,Del Rey Oaks,462200,36.590308,-121.839717
49483,Mountain Center,,33.585161,-116.54873
16563,Pauma Valley,412000,33.31311,-116.898445
11787,Hamilton City,,39.732119,-122.007162
9805,White Water,,33.942466,-116.658441
36429,Tollhouse,239000,36.951329,-119.30339
11180,Durham,384900,39.589886,-121.768658
9735,Los Molinos,131000,40.046203,-122.066121
6822,Rolling Hills,2886800,33.761041,-118.348126
115214,Fruitdale,,37.311155,-121.93575
56936,Herlong,,40.187789,-120.183625
53467,Murphys,304000,38.156383,-120.449809
28143,Cayucos,750700,35.478683,-120.920779
42809,Pine Mountain Club,,34.843118,-119.171551
49578,Richgrove,,35.817762,-119.098448
30035,Nice,106100,39.106431,-122.837803
38646,Garden Valley,,38.849614,-120.840322
49278,Gualala,438700,38.811478,-123.514956
118880,West Compton,,33.894137,-118.2682
20127,Redway,,40.158477,-123.868292
40741,Sand City,,36.627556,-121.860022
26560,Plymouth,,38.472414,-120.881015
10649,Cabazon,,33.916612,-116.782426
9261,Stratford,,36.150031,-119.82465
51000,Biggs,,39.427506,-121.755634
118025,Seven Trees,,37.288545,-121.840282
10804,Chester,,40.272888,-121.224741
29400,Tahoe Vista,430600,39.257089,-120.049895
116192,Lexington Hills,843500,37.162396,-121.988219
12710,Middletown,183500,38.78896,-122.625391
11111,Diablo,,37.838742,-121.96173
51769,Dunsmuir,129000,41.225746,-122.265031
24373,Descanso,318400,32.876693,-116.617655
55932,Inyokern,187300,35.886763,-118.169769
35261,Beale AFB,,39.116731,-121.3798
14185,Trinidad,356400,41.142935,-124.040385
28279,Clarksburg,,38.394466,-121.597536
26126,Newberry Springs,,34.877218,-116.485057
36395,Three Rivers,265000,36.457711,-118.759671
39371,Laton,123000,36.432588,-119.6878
21894,La Grange,192900,37.674234,-120.450126
737786,The Sea Ranch,,38.686414,-123.433016
48710,Arnold,245300,38.357648,-120.212365
38980,Hidden Hills,2903300,34.119125,-118.677898
13082,Occidental,620700,38.399121,-122.996331
21395,Wrightwood,230700,34.375335,-117.63225
45374,Fulton,,38.495067,-122.775171
25029,Happy Camp,131500,41.784449,-123.476264
21063,Vernalis,,37.594994,-121.254173
29218,Lone Pine,,36.586221,-118.172248
12257,Lagunitas,722900,38.011319,-122.703915
36294,Sutter,181800,39.178394,-121.812652
25177,Hoopa,,41.186298,-123.727077
11477,Forest Ranch,270100,39.99041,-121.538073
34757,West Point,145200,38.439056,-120.441447
14906,Bradbury,,34.15424,-117.968573
116639,Mission Canyon,1305000,34.452315,-119.713802
396558,Taft Mosswood,,37.914401,-121.283774
22833,Running Springs,183300,34.198075,-117.095951
49269,Ferndale,297700,40.47243,-124.26815
396552,Buena Vista,,37.321056,-121.916922
25422,Klamath,,41.611383,-124.020139
13977,Squaw Valley,208600,36.745035,-119.192533
28458,Keyes,139200,37.557128,-120.9113
28224,Auberry,268100,37.01297,-119.140128
42133,Alpaugh,,35.869216,-119.466675
48045,Trona,,35.739318,-117.365356
19115,Lower Lake,,38.86169,-122.547465
33312,Palos Verdes Peninsula,1409300,33.775696,-118.356024
32127,Hydesville,,40.574516,-124.078606
4994,Greenwood,,38.926641,-120.90883
50415,Cedar Glen,318500,34.252135,-117.168393
30364,Bayside,,40.815955,-124.043675
41918,Bolinas,1434300,37.971883,-122.715862
16876,Ballico,,37.471172,-120.65257
21437,Canyon,,37.824745,-122.162188
18513,Hayfork,145400,40.504862,-123.197029
46018,Kenwood,735400,38.421238,-122.543105
13163,Palermo,,39.416425,-121.553959
50350,Camino,266600,38.766381,-120.67452
39562,Macdoel,,41.734249,-121.86544
42196,Hickman,,37.598985,-120.680545
20843,Trinity Center,,41.041675,-122.779911
50478,Pescadero,,37.206104,-122.312041
36089,North San Juan,,39.393204,-121.06905
23269,Greenville,,40.1725,-120.88026
12465,Loyalton,,39.628725,-120.234372
35059,Coulterville,,37.716319,-120.128952
29158,Planada,,37.313988,-120.327772
22677,Scotia,,40.461076,-123.997343
15874,Mokelumne Hill,194900,38.285652,-120.573378
53944,Point Arena,,38.909446,-123.575203
31255,Douglas City,,40.609187,-122.869263
12804,Monte Rio,337300,38.466905,-123.013153
55765,Georgetown,223000,38.941457,-120.679155
36188,Los Olivos,,34.666311,-120.119131
28814,Dunlap,,36.800161,-119.179948
17124,Borrego Springs,230800,33.174258,-116.133897
42091,Bell Canyon,1379000,34.20467,-118.690897
7461,Tranquillity,,36.643987,-120.288057
43832,Aguanga,306000,33.483891,-116.864804
24620,Etna,,41.40792,-122.992555
5743,Lytle Creek,162800,34.279487,-117.577094
27485,Tulelake,,41.808474,-121.460597
395655,Meridian,,39.069696,-121.837249
9019,Nicolaus,,38.834457,-121.564605
15178,Kneeland,,40.641398,-123.855593
43915,Applegate,331100,38.994033,-121.001941
396553,Sunol-Midtown,,37.323991,-121.909066
45025,Earp,,34.16432,-114.31253
49497,Raymond,,37.249249,-119.949452
48738,Boulevard,,32.712551,-116.284231
30789,Catheys Valley,,37.378075,-120.124051
19202,Maricopa,144500,34.848371,-119.238813
116477,McArthur,,41.08055,-121.353563
34638,Walnut Grove,297900,38.241431,-121.562608
55018,Wallace,,38.206119,-120.955103
115591,Hidden Meadows,573000,33.224682,-117.119521
39301,La Honda,851500,37.29552,-122.246693
8334,Albion,,39.212508,-123.684425
40342,Pine Valley,,32.777262,-116.436139
29311,San Simeon,,35.726083,-121.211393
52191,Gazelle,,41.405874,-122.633347
42206,Knights Landing,,38.862248,-121.772252
18202,French Gulch,,40.733335,-122.605528
36793,Columbia,,38.085303,-120.389169
33516,Potter Valley,,39.379037,-123.01636
396565,March Afb,,33.895117,-117.266958
52619,Igo,,40.454455,-122.692414
8621,Green Valley Lake,144200,34.25251,-117.072017
23100,Stonyford,,39.275952,-122.485738
7035,Shaver Lake,393400,37.239597,-119.016758
56437,Loleta,,40.682002,-124.2197
14590,Westmorland,,33.039133,-115.621582
9629,Montgomery Creek,,40.91905,-121.887355
9661,Onyx,,35.705136,-118.075622
25335,Jolon,,35.987044,-121.343556
35618,Ione,223500,38.336363,-120.916173
37539,Bradley,392000,35.854622,-120.98358
8041,Yorkville,,38.904922,-123.301122
52272,Blairsden-Graeagle,,39.800523,-120.681604
12286,Lakehead,,40.911424,-122.345867
51161,Brooks,,38.807092,-122.2581
18366,Graton,,38.429866,-122.86224
53578,Nicasio,,38.068688,-122.689699
8682,Five Points,,36.389638,-120.132231
45855,Hyampom,,40.603814,-123.408836
49098,Gasquet,,41.841138,-123.874628
22736,Woodbridge,358000,38.167382,-121.298719
57097,Maxwell,,39.3275,-122.178672
53898,Pinecrest,,38.259676,-119.821331
46263,Litchfield,,40.521493,-120.356906
51277,Carnelian Bay,537200,39.227186,-120.097205
11595,Geyserville,,38.748066,-123.024926
44048,Bass Lake,,37.374323,-119.440472
50295,Petrolia,,40.243137,-124.213916
49267,Fellows,,35.183427,-119.590393
56407,Midpines,,37.583489,-119.971473
18678,Independence,,36.835308,-118.241279
13118,Oregon House,,39.347543,-121.269345
32133,Idyllwild,226800,33.768698,-116.699903
118339,Sugarloaf,130200,34.243246,-116.827465
25271,Irwindale,,34.108875,-117.966677
20742,Tahoe City,639700,39.157821,-120.154876
29978,Lewiston,177500,40.724116,-122.800504
39397,Lee Vining,,38.034959,-119.004045
116571,Mi Wuk Village,163100,38.117996,-120.138676
53784,Pala,,33.3876,-117.073496
19216,Marshall,,38.173018,-122.840526
48103,Upper Lake,,39.246542,-122.921235
13311,Piru,,34.435524,-118.772772
26415,Paskenta,,39.85325,-122.567
9889,Ducor,,35.848434,-118.998067
38145,Davenport,,37.069261,-122.189134
54295,San Ardo,,36.011028,-120.819918
24895,Gold Run,,39.166841,-120.828953
38481,Fall River Mills,,41.00843,-121.476857
42528,Montara,912000,37.54309,-122.510512
55491,Chualar,,36.597655,-121.419955
51322,Cedarville,,41.464796,-120.141001
11429,Fiddletown,,38.519262,-120.73726
30720,Campo Seco,,38.230762,-120.861962
115913,Kennedy,115000,37.930742,-121.244955
51609,Crows Landing,,37.435754,-121.040012
31974,Hat Creek,,40.816471,-121.483243
40520,Redcrest,,40.378376,-123.867798
37263,Bangor,,39.426765,-121.359674
37232,Avery,,38.228778,-120.346624
25385,Kernville,200900,35.842701,-118.487761
34197,Sutter Creek,247700,38.381745,-120.812649
4382,Dobbins,,39.38445,-121.197669
55535,Brownsville,,39.432523,-121.241578
10395,Big Bar,,40.832226,-123.244233
56453,Port Costa,,38.040016,-122.188147
116979,O Neals,,37.192964,-119.648581
22430,Pilot Hill,,38.810948,-121.035298
17248,Butte City,,39.43142,-121.938008
55926,Grenada,,41.606117,-122.547044
5594,Leggett,,39.907176,-123.710546
30470,Birds Landing,,38.127747,-121.86034
12222,Korbel,,40.74417,-123.770238
37727,Camptonville,,39.454911,-121.045977
13448,Ravendale,,40.846926,-120.288544
22477,Platina,,40.345983,-122.897756
16595,Jenner,,38.53478,-123.225314
8113,Cazadero,447300,38.559604,-123.199038
15441,Dulzura,,32.638182,-116.744325
43355,Ranchita,,33.220847,-116.476501
11624,Glencoe,,38.353939,-120.589458
29478,Sheridan,,38.987556,-121.354091
19748,Old Station,,40.692298,-121.474492
13378,Potrero,,32.623704,-116.593479
18156,Fort Jones,,41.607248,-122.956818
56449,Ocotillo,,32.729858,-115.899026
10479,Bodega Bay,737600,38.367698,-123.039818
25041,Harmony,,35.503894,-121.037858
4227,Courtland,,38.299246,-121.566603
10402,Big Sur,,36.085807,-121.59435
27900,Westley,,37.549055,-121.299632
32496,Likely,,41.292284,-120.448584
50048,Tomales,,38.260356,-122.916053
38420,Essex,,34.964251,-115.313019
28085,Cantua Creek,,36.49045,-120.392362
16803,Armona,121600,36.309798,-119.708696
44839,Daggett,,34.868429,-116.811364
26326,Orleans,,41.315362,-123.588949
50550,Stevinson,,37.290107,-120.862604
3379,Alta,241500,39.211256,-120.793701
10478,Bodega,,38.343806,-122.946177
13226,Paynes Creek,,40.352779,-121.875971
41680,Westport,,39.719979,-123.750981
49133,Homewood,616700,39.107902,-120.196936
49955,Vina,,39.972679,-122.026884
45107,El Portal,,37.659384,-119.798043
23250,Friant,,37.027226,-119.677248
38569,Fort Bidwell,,41.884201,-120.11504
32271,Keene,,35.244754,-118.584567
51303,Castella,,41.117354,-122.346547
14669,Wilseyville,,38.373908,-120.442461
14974,Desert Center,,33.858193,-115.295773
17813,Downieville,,39.597115,-120.792799
22648,Zenia,,40.154217,-123.407367
47462,Round Mountain,,40.891634,-121.943263
8383,Berry Creek,171500,39.669208,-121.361641
6588,Posey,,35.862057,-118.730499
16066,Volcano,250600,38.492188,-120.632134
14350,Valley Ford,,38.296626,-122.95906
12732,Mill Creek,,40.328377,-121.471134
17814,Doyle,,39.958562,-120.152754
50352,Canby,,41.447934,-120.944187
6840,Ross,,37.964127,-122.56199
46709,New Cuyama,,34.987039,-119.8141
46757,Nipton,,35.457913,-115.639009
9931,Jacumba,,32.638459,-116.192178
30781,Casmalia,,34.839438,-120.551104
43820,Acampo,,38.192672,-121.235174
40064,North Palm Springs,,33.92857,-116.518628
28348,Cobb,,38.837455,-122.731941
30319,Badger,,36.602625,-118.920599
37463,Blue Lake,,40.957203,-123.851464
5706,Lotus,,38.812264,-120.922482
29343,Santa Ysabel,427700,33.142987,-116.723834
10533,Branscomb,,39.686549,-123.611545
4305,Davis Creek,,41.752798,-120.409064
41254,Topaz,,38.655565,-119.512676
55036,Warner Springs,,33.264096,-116.658385
30021,Robbins,,38.908937,-121.703178
46873,Olancha,,36.266622,-117.954794
25390,Kettleman City,,35.999706,-119.997994
8087,Carlotta,,40.494239,-123.925222
35637,Grimes,,39.067242,-121.929465
26674,Raisin City,,36.595588,-119.902821
10667,Callahan,,41.305406,-122.821834
18137,Forbestown,,39.521058,-121.240485
30157,Alderpoint,,40.173994,-123.592515
15467,June Lake,373900,37.775762,-119.067131
6671,Rackerby,,39.458022,-121.30921
10870,Clipper Mills,,39.539693,-121.166149
23633,Bear Valley,,38.469911,-120.045876
38269,Eagleville,,41.300327,-120.109414
12544,Manton,,40.428838,-121.827398
52576,Hornitos,,37.456921,-120.260253
44163,Big Pine,182200,37.180085,-118.183821
35629,Fawnskin,291200,34.274702,-116.955446
32001,Helm,,36.509377,-120.132441
53319,Milford,,40.151702,-120.358552
27137,Snelling,,37.513344,-120.463738
25535,Lebec,,34.842581,-118.878479
36421,Sierra City,,39.608802,-120.630448
39275,Klamath River,,41.837894,-122.95305
56698,Termo,,40.941368,-120.582018
36306,Woody,,35.735636,-118.885854
54061,Randsburg,,35.394149,-117.735788
33838,San Gregorio,,37.315006,-122.347211
26627,Princeton,,39.435694,-122.016076
27243,Standish,,40.355123,-120.380298
50517,Flournoy,,39.927128,-122.48677
52596,Hume,,36.793918,-118.882289
42105,Alleghany,,39.476942,-120.860416
45008,Dunnigan,,38.884761,-121.979464
42034,Clio,,39.744487,-120.577046
8805,Orick,,41.318711,-123.977709
46360,Madeline,,41.049971,-120.495092
30306,Avila Beach,,35.183324,-120.727559
43173,Yermo,,34.99135,-116.820936
27938,Whitmore,,40.649748,-121.873837
41484,Vernon,,33.999658,-118.203449
53102,Mad River,,40.363491,-123.321768
50548,Salton City,,33.263147,-115.928478
23409,Adin,,41.154224,-120.898316
20014,Pope Valley,,38.682246,-122.447701
29304,Willow Creek,,40.946853,-123.654269
