Zip,Total Enrollment 11,Total Enrollment 12,Total Enrollment 13,private average
51246,,,2618.0,2618.0
90001,392.0,355.0,353.0,366.666666667
90002,261.0,274.0,280.0,271.666666667
90003,476.0,490.0,516.0,494.0
90004,1164.0,1140.0,1124.0,1142.66666667
90005,304.0,,303.0,303.5
90006,1871.0,1921.0,1902.0,1898.0
90007,746.0,746.0,716.0,736.0
90008,394.0,243.0,332.0,323.0
90010,47.0,51.0,40.0,46.0
90011,245.0,260.0,254.0,253.0
90012,808.0,692.0,725.0,741.666666667
90015,,,7.0,7.0
90016,106.0,110.0,109.0,108.333333333
90017,245.0,252.0,257.0,251.333333333
90018,483.0,483.0,466.0,477.333333333
90019,231.0,237.0,280.0,249.333333333
90020,717.0,825.0,857.0,799.666666667
90021,149.0,148.0,162.0,153.0
90022,208.0,171.0,108.0,162.333333333
90023,857.0,937.0,950.0,914.666666667
90024,1071.0,1057.0,1040.0,1056.0
90025,463.0,461.0,448.0,457.333333333
90026,386.0,370.0,303.0,353.0
90027,1223.0,1408.0,1183.0,1271.33333333
90028,1016.0,1069.0,1085.0,1056.66666667
90029,217.0,202.0,197.0,205.333333333
90031,598.0,484.0,530.0,537.333333333
90032,225.0,268.0,274.0,255.666666667
90033,868.0,929.0,943.0,913.333333333
90034,877.0,853.0,480.0,736.666666667
90035,1765.0,1918.0,1923.0,1868.66666667
90036,2145.0,2092.0,2521.0,2252.66666667
90037,516.0,476.0,445.0,479.0
90038,683.0,658.0,675.0,672.0
90039,456.0,469.0,447.0,457.333333333
90041,400.0,232.0,237.0,289.666666667
90042,295.0,433.0,393.0,373.666666667
90043,375.0,684.0,252.0,437.0
90044,859.0,889.0,927.0,891.666666667
90045,1301.0,1168.0,1150.0,1206.33333333
90046,440.0,471.0,457.0,456.0
90047,722.0,777.0,998.0,832.333333333
90048,835.0,850.0,856.0,847.0
90049,3635.0,3178.0,3920.0,3577.66666667
90056,,82.0,73.0,77.5
90057,194.0,169.0,209.0,190.666666667
90059,661.0,695.0,720.0,692.0
90061,7.0,,,7.0
90062,122.0,223.0,92.0,145.666666667
90063,489.0,438.0,503.0,476.666666667
90064,1294.0,1306.0,1951.0,1517.0
90065,283.0,626.0,313.0,407.333333333
90066,2118.0,1676.0,1462.0,1752.0
90068,15.0,,12.0,13.5
90069,180.0,239.0,219.0,212.666666667
90071,,,41.0,41.0
90077,1515.0,1471.0,1442.0,1476.0
90146,11.0,,,11.0
90201,268.0,207.0,369.0,281.333333333
90211,103.0,100.0,106.0,103.0
90212,553.0,574.0,589.0,572.0
90220,461.0,326.0,366.0,384.333333333
90221,460.0,588.0,430.0,492.666666667
90222,46.0,19.0,22.0,29.0
90224,35.0,30.0,40.0,35.0
90230,288.0,220.0,236.0,248.0
90232,1332.0,1086.0,1378.0,1265.33333333
90240,94.0,80.0,,87.0
90241,669.0,860.0,886.0,805.0
90242,1385.0,1366.0,1227.0,1326.0
90245,390.0,218.0,472.0,360.0
90247,445.0,255.0,197.0,299.0
90248,369.0,340.0,306.0,338.333333333
90249,1096.0,1040.0,997.0,1044.33333333
90250,707.0,686.0,662.0,685.0
90254,283.0,292.0,315.0,296.666666667
90255,245.0,186.0,466.0,299.0
90260,25.0,17.0,16.0,19.3333333333
90262,460.0,412.0,415.0,429.0
90264,,,6.0,6.0
90265,147.0,113.0,141.0,133.666666667
90266,920.0,944.0,943.0,935.666666667
90270,245.0,170.0,155.0,190.0
90272,1197.0,1422.0,1512.0,1377.0
90274,1242.0,1345.0,1302.0,1296.33333333
90275,622.0,615.0,484.0,573.666666667
90277,1119.0,1046.0,1010.0,1058.33333333
90278,137.0,325.0,122.0,194.666666667
90280,324.0,316.0,345.0,328.333333333
90291,287.0,258.0,269.0,271.333333333
90293,339.0,357.0,293.0,329.666666667
90301,757.0,762.0,769.0,762.666666667
90302,50.0,74.0,46.0,56.6666666667
90305,186.0,143.0,227.0,185.333333333
90401,153.0,44.0,39.0,78.6666666667
90402,280.0,280.0,280.0,280.0
90403,911.0,1072.0,1115.0,1032.66666667
90404,2301.0,2326.0,2246.0,2291.0
90405,,,6.0,6.0
90501,435.0,428.0,433.0,432.0
90502,19.0,12.0,,15.5
90503,2062.0,1944.0,1977.0,1994.33333333
90504,586.0,556.0,575.0,572.333333333
90505,99.0,79.0,98.0,92.0
90601,918.0,799.0,862.0,859.666666667
90602,253.0,266.0,251.0,256.666666667
90603,397.0,412.0,441.0,416.666666667
90604,833.0,806.0,797.0,812.0
90605,65.0,66.0,50.0,60.3333333333
90606,19.0,17.0,32.0,22.6666666667
90620,525.0,509.0,501.0,511.666666667
90621,482.0,426.0,471.0,459.666666667
90623,25.0,59.0,77.0,53.6666666667
90630,964.0,969.0,933.0,955.333333333
90631,1080.0,934.0,870.0,961.333333333
90638,1010.0,1153.0,1069.0,1077.33333333
90640,1831.0,1733.0,1752.0,1772.0
90650,956.0,916.0,858.0,910.0
90660,632.0,604.0,595.0,610.333333333
90670,940.0,928.0,880.0,916.0
90680,180.0,172.0,175.0,175.666666667
90701,176.0,181.0,191.0,182.666666667
90703,847.0,799.0,792.0,812.666666667
90706,1905.0,1777.0,1775.0,1819.0
90710,129.0,110.0,128.0,122.333333333
90712,191.0,174.0,183.0,182.666666667
90713,723.0,679.0,628.0,676.666666667
90716,26.0,18.0,13.0,19.0
90717,653.0,637.0,590.0,626.666666667
90720,463.0,464.0,462.0,463.0
90723,200.0,193.0,193.0,195.333333333
90731,765.0,760.0,731.0,752.0
90732,794.0,800.0,800.0,798.0
90744,442.0,441.0,495.0,459.333333333
90745,395.0,330.0,409.0,378.0
90746,,16.0,99.0,57.5
90749,,12.0,,12.0
90802,539.0,614.0,671.0,608.0
90803,48.0,38.0,32.0,39.3333333333
90804,60.0,63.0,59.0,60.6666666667
90805,268.0,271.0,269.0,269.333333333
90806,540.0,498.0,420.0,486.0
90807,488.0,431.0,484.0,467.666666667
90808,1216.0,1160.0,1187.0,1187.66666667
90810,191.0,180.0,199.0,190.0
90813,281.0,219.0,193.0,231.0
90814,,24.0,30.0,27.0
90815,824.0,805.0,811.0,813.333333333
91001,1178.0,1147.0,1164.0,1163.0
91006,551.0,499.0,468.0,506.0
91007,709.0,470.0,728.0,635.666666667
91010,134.0,164.0,164.0,154.0
91011,2642.0,2616.0,2568.0,2608.66666667
91016,513.0,345.0,372.0,410.0
91020,459.0,402.0,336.0,399.0
91024,793.0,764.0,755.0,770.666666667
91030,520.0,570.0,503.0,531.0
91040,192.0,158.0,155.0,168.333333333
91042,253.0,222.0,219.0,231.333333333
91101,579.0,549.0,533.0,553.666666667
91103,1016.0,553.0,1072.0,880.333333333
91104,747.0,839.0,871.0,819.0
91105,2003.0,1975.0,2015.0,1997.66666667
91106,1488.0,1500.0,1508.0,1498.66666667
91107,1858.0,1944.0,1977.0,1926.33333333
91108,412.0,417.0,425.0,418.0
91202,436.0,474.0,445.0,451.666666667
91203,46.0,54.0,60.0,53.3333333333
91204,15.0,15.0,29.0,19.6666666667
91205,956.0,907.0,858.0,907.0
91206,611.0,564.0,558.0,577.666666667
91214,758.0,759.0,751.0,756.0
91301,122.0,110.0,100.0,110.666666667
91302,1433.0,1480.0,1487.0,1466.66666667
91303,301.0,276.0,192.0,256.333333333
91304,2758.0,2796.0,2867.0,2807.0
91306,1215.0,1151.0,997.0,1121.0
91307,499.0,452.0,628.0,526.333333333
91311,2303.0,2365.0,2360.0,2342.66666667
91316,1483.0,1470.0,1518.0,1490.33333333
91320,215.0,308.0,294.0,272.333333333
91321,330.0,358.0,360.0,349.333333333
91324,11.0,,,11.0
91325,1555.0,1548.0,1485.0,1529.33333333
91326,157.0,154.0,193.0,168.0
91331,449.0,441.0,440.0,443.333333333
91335,412.0,451.0,493.0,452.0
91340,418.0,438.0,520.0,458.666666667
91342,1000.0,1131.0,863.0,998.0
91343,1717.0,1589.0,1669.0,1658.33333333
91344,1506.0,1376.0,1047.0,1309.66666667
91345,1666.0,1648.0,1729.0,1681.0
91350,64.0,34.0,185.0,94.3333333333
91351,708.0,800.0,625.0,711.0
91352,1549.0,1364.0,1330.0,1414.33333333
91355,818.0,904.0,979.0,900.333333333
91356,155.0,144.0,259.0,186.0
91360,1654.0,1782.0,1540.0,1658.66666667
91361,629.0,583.0,578.0,596.666666667
91362,2054.0,1962.0,2067.0,2027.66666667
91364,1043.0,1074.0,1056.0,1057.66666667
91367,679.0,709.0,759.0,715.666666667
91377,,29.0,32.0,30.5
91381,,,9.0,9.0
91384,6.0,,,6.0
91387,105.0,129.0,139.0,124.333333333
91390,155.0,133.0,121.0,136.333333333
91401,952.0,679.0,955.0,862.0
91402,1457.0,1289.0,1245.0,1330.33333333
91403,442.0,407.0,441.0,430.0
91405,507.0,399.0,407.0,437.666666667
91406,547.0,555.0,575.0,559.0
91411,143.0,183.0,184.0,170.0
91423,2286.0,2455.0,2491.0,2410.66666667
91436,677.0,550.0,572.0,599.666666667
91501,483.0,424.0,410.0,439.0
91502,70.0,78.0,78.0,75.3333333333
91504,272.0,282.0,259.0,271.0
91505,408.0,426.0,520.0,451.333333333
91506,305.0,315.0,345.0,321.666666667
91601,807.0,816.0,848.0,823.666666667
91602,562.0,575.0,577.0,571.333333333
91604,1089.0,1054.0,1065.0,1069.33333333
91605,20.0,,,20.0
91606,1593.0,1523.0,1365.0,1493.66666667
91607,1664.0,1638.0,1754.0,1685.33333333
91701,49.0,22.0,57.0,42.6666666667
91702,276.0,275.0,279.0,276.666666667
91706,510.0,497.0,371.0,459.333333333
91708,,11.0,7.0,9.0
91709,386.0,428.0,464.0,426.0
91710,723.0,716.0,682.0,707.0
91711,1446.0,1445.0,1420.0,1437.0
91722,585.0,580.0,527.0,564.0
91723,292.0,289.0,423.0,334.666666667
91724,752.0,729.0,611.0,697.333333333
91730,566.0,673.0,658.0,632.333333333
91731,457.0,361.0,388.0,402.0
91733,127.0,138.0,121.0,128.666666667
91737,181.0,204.0,251.0,212.0
91739,298.0,317.0,317.0,310.666666667
91740,435.0,431.0,445.0,437.0
91741,1086.0,1042.0,1003.0,1043.66666667
91744,418.0,513.0,525.0,485.333333333
91745,681.0,660.0,670.0,670.333333333
91746,1605.0,1609.0,1603.0,1605.66666667
91748,157.0,169.0,156.0,160.666666667
91750,1443.0,1376.0,1355.0,1391.33333333
91752,265.0,146.0,139.0,183.333333333
91754,543.0,390.0,382.0,438.333333333
91755,163.0,154.0,181.0,166.0
91761,103.0,92.0,85.0,93.3333333333
91762,1672.0,1599.0,1293.0,1521.33333333
91763,240.0,209.0,216.0,221.666666667
91764,103.0,203.0,107.0,137.666666667
91765,76.0,144.0,140.0,120.0
91766,6.0,,,6.0
91767,417.0,282.0,341.0,346.666666667
91768,507.0,610.0,455.0,524.0
91770,619.0,553.0,531.0,567.666666667
91773,526.0,519.0,562.0,535.666666667
91775,908.0,831.0,774.0,837.666666667
91776,1010.0,1089.0,1034.0,1044.33333333
91780,271.0,247.0,227.0,248.333333333
91784,196.0,169.0,163.0,176.0
91786,988.0,983.0,1057.0,1009.33333333
91789,664.0,607.0,687.0,652.666666667
91790,734.0,461.0,438.0,544.333333333
91791,593.0,485.0,470.0,516.0
91792,,,75.0,75.0
91801,615.0,596.0,590.0,600.333333333
91803,589.0,499.0,455.0,514.333333333
91901,80.0,,,80.0
91902,19.0,,,19.0
91910,829.0,782.0,875.0,828.666666667
91911,484.0,444.0,380.0,436.0
91913,1160.0,1092.0,1108.0,1120.0
91914,,,19.0,19.0
91941,122.0,123.0,122.0,122.333333333
91942,748.0,874.0,839.0,820.333333333
91945,577.0,565.0,585.0,575.666666667
91950,431.0,412.0,454.0,432.333333333
91962,19.0,6.0,,12.5
91977,474.0,469.0,481.0,474.666666667
91980,95.0,96.0,84.0,91.6666666667
92008,571.0,825.0,839.0,745.0
92009,372.0,431.0,496.0,433.0
92010,293.0,,,293.0
92011,42.0,60.0,89.0,63.6666666667
92014,12.0,42.0,162.0,72.0
92019,1151.0,1151.0,1147.0,1149.66666667
92020,564.0,559.0,561.0,561.333333333
92021,129.0,126.0,147.0,134.0
92024,1379.0,1395.0,1048.0,1274.0
92025,1052.0,947.0,805.0,934.666666667
92026,924.0,1106.0,723.0,917.666666667
92027,285.0,359.0,345.0,329.666666667
92028,418.0,356.0,521.0,431.666666667
92029,6.0,,6.0,6.0
92036,8.0,9.0,9.0,8.66666666667
92037,3046.0,3140.0,3405.0,3197.0
92040,380.0,329.0,188.0,299.0
92054,422.0,453.0,422.0,432.333333333
92056,133.0,119.0,84.0,112.0
92057,203.0,202.0,192.0,199.0
92058,66.0,64.0,68.0,66.0
92059,6.0,7.0,,6.5
92064,791.0,805.0,835.0,810.333333333
92065,131.0,107.0,129.0,122.333333333
92067,610.0,515.0,675.0,600.0
92069,42.0,,102.0,72.0
92071,11.0,10.0,7.0,9.33333333333
92075,1280.0,1255.0,1270.0,1268.33333333
92078,522.0,387.0,525.0,478.0
92081,24.0,24.0,,24.0
92082,54.0,37.0,51.0,47.3333333333
92083,1153.0,1079.0,1005.0,1079.0
92084,475.0,416.0,406.0,432.333333333
92086,,,6.0,6.0
92101,220.0,224.0,212.0,218.666666667
92102,213.0,253.0,213.0,226.333333333
92103,309.0,299.0,316.0,308.0
92104,1067.0,1095.0,1096.0,1086.0
92105,576.0,544.0,568.0,562.666666667
92106,302.0,321.0,325.0,316.0
92107,388.0,394.0,418.0,400.0
92108,433.0,455.0,452.0,446.666666667
92109,129.0,115.0,129.0,124.333333333
92110,712.0,751.0,764.0,742.333333333
92111,1660.0,1706.0,1683.0,1683.0
92113,179.0,26.0,40.0,81.6666666667
92114,205.0,211.0,195.0,203.666666667
92115,197.0,175.0,176.0,182.666666667
92116,976.0,1064.0,1002.0,1014.0
92117,997.0,975.0,894.0,955.333333333
92118,364.0,365.0,358.0,362.333333333
92119,68.0,65.0,48.0,60.3333333333
92120,454.0,475.0,462.0,463.666666667
92121,,7.0,44.0,25.5
92122,326.0,317.0,337.0,326.666666667
92123,1812.0,1844.0,1806.0,1820.66666667
92126,420.0,409.0,427.0,418.666666667
92127,540.0,16.0,601.0,385.666666667
92129,97.0,141.0,,119.0
92130,2731.0,2763.0,2776.0,2756.66666667
92131,448.0,518.0,572.0,512.666666667
92139,213.0,211.0,196.0,206.666666667
92154,502.0,525.0,463.0,496.666666667
92173,300.0,287.0,288.0,291.666666667
92201,199.0,222.0,233.0,218.0
92203,364.0,391.0,396.0,383.666666667
92211,515.0,647.0,574.0,578.666666667
92220,94.0,295.0,285.0,224.666666667
92223,110.0,98.0,129.0,112.333333333
92224,,,13.0,13.0
92225,7.0,12.0,57.0,25.3333333333
92227,161.0,134.0,135.0,143.333333333
92231,1070.0,1101.0,1076.0,1082.33333333
92240,16.0,,,16.0
92243,237.0,261.0,297.0,265.0
92251,76.0,59.0,65.0,66.6666666667
92252,75.0,59.0,49.0,61.0
92253,79.0,20.0,113.0,70.6666666667
92260,672.0,716.0,749.0,712.333333333
92262,276.0,256.0,226.0,252.666666667
92264,371.0,359.0,366.0,365.333333333
92270,373.0,,355.0,364.0
92277,16.0,16.0,27.0,19.6666666667
92281,60.0,31.0,30.0,40.3333333333
92284,363.0,339.0,318.0,340.0
92305,35.0,32.0,38.0,35.0
92307,90.0,81.0,88.0,86.3333333333
92308,187.0,73.0,83.0,114.333333333
92311,104.0,95.0,90.0,96.3333333333
92313,39.0,44.0,,41.5
92314,40.0,,,40.0
92315,17.0,10.0,53.0,26.6666666667
92316,794.0,741.0,600.0,711.666666667
92320,276.0,265.0,265.0,268.666666667
92324,,19.0,,19.0
92329,6.0,7.0,7.0,6.66666666667
92335,152.0,248.0,165.0,188.333333333
92336,350.0,421.0,391.0,387.333333333
92344,8.0,6.0,,7.0
92345,638.0,844.0,840.0,774.0
92346,199.0,164.0,177.0,180.0
92352,153.0,134.0,40.0,109.0
92354,1318.0,1318.0,1312.0,1316.0
92359,69.0,64.0,67.0,66.6666666667
92363,16.0,21.0,21.0,19.3333333333
92365,35.0,38.0,56.0,43.0
92371,,,6.0,6.0
92372,20.0,23.0,17.0,20.0
92373,1628.0,1634.0,1557.0,1606.33333333
92374,685.0,618.0,715.0,672.666666667
92376,279.0,342.0,358.0,326.333333333
92382,31.0,27.0,25.0,27.6666666667
92386,,31.0,,31.0
92391,36.0,18.0,115.0,56.3333333333
92392,71.0,77.0,136.0,94.6666666667
92394,42.0,41.0,51.0,44.6666666667
92395,411.0,352.0,370.0,377.666666667
92397,,10.0,7.0,8.5
92399,159.0,123.0,88.0,123.333333333
92401,,,22.0,22.0
92402,,6.0,19.0,12.5
92404,552.0,554.0,541.0,549.0
92405,132.0,270.0,259.0,220.333333333
92407,414.0,305.0,289.0,336.0
92408,53.0,68.0,104.0,75.0
92410,6.0,6.0,22.0,11.3333333333
92411,170.0,,,170.0
92501,239.0,294.0,339.0,290.666666667
92503,392.0,626.0,607.0,541.666666667
92504,1429.0,1283.0,1279.0,1330.33333333
92505,732.0,693.0,703.0,709.333333333
92506,1808.0,1768.0,1746.0,1774.0
92507,96.0,72.0,56.0,74.6666666667
92508,534.0,500.0,524.0,519.333333333
92509,47.0,51.0,26.0,41.3333333333
92530,,7.0,,7.0
92532,,,104.0,104.0
92539,23.0,22.0,21.0,22.0
92543,50.0,36.0,10.0,32.0
92544,680.0,640.0,651.0,657.0
92549,270.0,295.0,296.0,287.0
92551,38.0,28.0,24.0,30.0
92553,112.0,123.0,113.0,116.0
92555,432.0,415.0,383.0,410.0
92557,40.0,166.0,24.0,76.6666666667
92562,1518.0,1149.0,1190.0,1285.66666667
92563,39.0,38.0,32.0,36.3333333333
92567,58.0,26.0,29.0,37.6666666667
92570,299.0,292.0,328.0,306.333333333
92571,126.0,86.0,,106.0
92583,390.0,374.0,222.0,328.666666667
92584,320.0,268.0,276.0,288.0
92585,20.0,,35.0,27.5
92586,,12.0,12.0,12.0
92587,11.0,23.0,22.0,18.6666666667
92590,17.0,41.0,27.0,28.3333333333
92591,,,6.0,6.0
92592,2324.0,1914.0,2440.0,2226.0
92595,638.0,520.0,562.0,573.333333333
92596,8.0,11.0,,9.5
92602,16.0,15.0,15.0,15.3333333333
92603,616.0,617.0,608.0,613.666666667
92604,531.0,649.0,190.0,456.666666667
92606,,11.0,,11.0
92610,,,10.0,10.0
92612,75.0,110.0,85.0,90.0
92614,33.0,49.0,19.0,33.6666666667
92617,55.0,54.0,51.0,53.3333333333
92618,,,746.0,746.0
92620,318.0,340.0,201.0,286.333333333
92624,54.0,68.0,61.0,61.0
92625,406.0,406.0,406.0,406.0
92626,1403.0,1450.0,1499.0,1450.66666667
92627,868.0,545.0,861.0,758.0
92629,717.0,714.0,710.0,713.666666667
92630,557.0,625.0,667.0,616.333333333
92646,1480.0,2023.0,2067.0,1856.66666667
92647,1135.0,1179.0,1183.0,1165.66666667
92648,141.0,126.0,126.0,131.0
92649,326.0,293.0,284.0,301.0
92651,505.0,452.0,461.0,472.666666667
92653,177.0,155.0,90.0,140.666666667
92656,1045.0,1009.0,1145.0,1066.33333333
92657,428.0,444.0,466.0,446.0
92660,506.0,492.0,471.0,489.666666667
92663,445.0,433.0,439.0,439.0
92672,430.0,420.0,403.0,417.666666667
92673,60.0,49.0,64.0,57.6666666667
92675,3784.0,2807.0,3943.0,3511.33333333
92676,49.0,67.0,66.0,60.6666666667
92677,1402.0,1326.0,1270.0,1332.66666667
92679,130.0,,,130.0
92683,448.0,435.0,414.0,432.333333333
92688,3754.0,3649.0,3512.0,3638.33333333
92691,603.0,610.0,735.0,649.333333333
92692,502.0,418.0,217.0,379.0
92694,317.0,320.0,311.0,316.0
92701,280.0,272.0,245.0,265.666666667
92703,15.0,24.0,21.0,20.0
92704,2616.0,2550.0,2488.0,2551.33333333
92705,915.0,870.0,982.0,922.333333333
92706,43.0,51.0,42.0,45.3333333333
92707,2266.0,2225.0,2251.0,2247.33333333
92708,340.0,338.0,281.0,319.666666667
92780,1208.0,1227.0,1214.0,1216.33333333
92801,1773.0,1830.0,1734.0,1779.0
92802,526.0,535.0,652.0,571.0
92804,717.0,492.0,671.0,626.666666667
92805,736.0,610.0,479.0,608.333333333
92806,128.0,133.0,137.0,132.666666667
92807,1442.0,1450.0,1417.0,1436.33333333
92808,138.0,89.0,95.0,107.333333333
92821,585.0,580.0,627.0,597.333333333
92831,1190.0,1166.0,878.0,1078.0
92833,382.0,402.0,522.0,435.333333333
92835,,,10.0,10.0
92840,824.0,777.0,721.0,774.0
92841,288.0,244.0,186.0,239.333333333
92843,400.0,324.0,358.0,360.666666667
92844,335.0,261.0,261.0,285.666666667
92845,75.0,84.0,94.0,84.3333333333
92860,106.0,215.0,313.0,211.333333333
92865,978.0,953.0,868.0,933.0
92866,1251.0,1214.0,1220.0,1228.33333333
92867,1232.0,1191.0,1198.0,1207.0
92869,808.0,962.0,951.0,907.0
92870,280.0,336.0,372.0,329.333333333
92879,52.0,67.0,48.0,55.6666666667
92880,,10.0,15.0,12.5
92881,714.0,734.0,762.0,736.666666667
92882,916.0,743.0,837.0,832.0
92886,1454.0,1454.0,1537.0,1481.66666667
92887,422.0,392.0,414.0,409.333333333
93001,286.0,207.0,213.0,235.333333333
93003,1290.0,1319.0,1309.0,1306.0
93004,402.0,383.0,388.0,391.0
93010,825.0,740.0,830.0,798.333333333
93012,46.0,38.0,,42.0
93013,340.0,11.0,277.0,209.333333333
93015,67.0,66.0,70.0,67.6666666667
93021,185.0,183.0,11.0,126.333333333
93023,3471.0,3200.0,3906.0,3525.66666667
93030,731.0,713.0,775.0,739.666666667
93033,653.0,560.0,554.0,589.0
93036,101.0,108.0,123.0,110.666666667
93041,234.0,231.0,219.0,228.0
93060,129.0,139.0,146.0,138.0
93061,,20.0,,20.0
93063,467.0,466.0,300.0,411.0
93065,1282.0,1411.0,1479.0,1390.66666667
93066,,,6.0,6.0
93101,288.0,199.0,206.0,231.0
93103,72.0,87.0,286.0,148.333333333
93105,226.0,286.0,417.0,309.666666667
93108,447.0,442.0,444.0,444.333333333
93109,,,13.0,13.0
93110,676.0,289.0,575.0,513.333333333
93111,237.0,264.0,273.0,258.0
93117,459.0,324.0,248.0,343.666666667
93202,135.0,137.0,136.0,136.0
93210,114.0,95.0,89.0,99.3333333333
93212,15.0,15.0,6.0,12.0
93215,48.0,33.0,29.0,36.6666666667
93221,148.0,142.0,145.0,145.0
93222,22.0,,,22.0
93225,19.0,,17.0,18.0
93230,294.0,208.0,204.0,235.333333333
93238,15.0,6.0,,10.5
93243,7.0,8.0,9.0,8.0
93245,460.0,460.0,439.0,453.0
93247,23.0,29.0,29.0,27.0
93257,219.0,186.0,196.0,200.333333333
93263,31.0,25.0,24.0,26.6666666667
93265,20.0,14.0,16.0,16.6666666667
93270,24.0,15.0,,19.5
93274,315.0,314.0,319.0,316.0
93277,1210.0,1040.0,1021.0,1090.33333333
93280,101.0,87.0,81.0,89.6666666667
93291,586.0,575.0,538.0,566.333333333
93292,9.0,9.0,15.0,11.0
93301,84.0,64.0,40.0,62.6666666667
93304,542.0,519.0,527.0,529.333333333
93305,1000.0,966.0,963.0,976.333333333
93306,419.0,371.0,316.0,368.666666667
93307,342.0,363.0,354.0,353.0
93308,297.0,206.0,218.0,240.333333333
93309,606.0,598.0,558.0,587.333333333
93311,348.0,378.0,428.0,384.666666667
93312,184.0,202.0,194.0,193.333333333
93313,106.0,114.0,192.0,137.333333333
93314,485.0,450.0,425.0,453.333333333
93401,658.0,716.0,767.0,713.666666667
93402,14.0,13.0,27.0,18.0
93405,315.0,308.0,287.0,303.333333333
93420,568.0,570.0,563.0,567.0
93422,323.0,306.0,242.0,290.333333333
93436,186.0,161.0,161.0,169.333333333
93441,374.0,309.0,353.0,345.333333333
93446,502.0,327.0,529.0,452.666666667
93454,226.0,206.0,202.0,211.333333333
93455,1485.0,1440.0,1451.0,1458.66666667
93458,11.0,11.0,10.0,10.6666666667
93460,105.0,100.0,110.0,105.0
93465,56.0,56.0,59.0,57.0
93501,11.0,,,11.0
93505,6.0,6.0,6.0,6.0
93510,11.0,7.0,11.0,9.66666666667
93514,31.0,29.0,31.0,30.3333333333
93518,45.0,41.0,36.0,40.6666666667
93523,,8.0,9.0,8.5
93527,28.0,25.0,21.0,24.6666666667
93531,58.0,53.0,43.0,51.3333333333
93534,2439.0,2302.0,2419.0,2386.66666667
93535,777.0,751.0,576.0,701.333333333
93536,1373.0,1300.0,1224.0,1299.0
93544,,6.0,9.0,7.5
93546,,,9.0,9.0
93550,389.0,351.0,367.0,369.0
93551,289.0,265.0,234.0,262.666666667
93553,75.0,75.0,34.0,61.3333333333
93555,372.0,390.0,371.0,377.666666667
93560,,6.0,6.0,6.0
93561,121.0,126.0,237.0,161.333333333
93562,,11.0,11.0,11.0
93571,,7.0,6.0,6.5
93601,,6.0,6.0,6.0
93602,27.0,21.0,133.0,60.3333333333
93610,33.0,25.0,32.0,30.0
93611,135.0,90.0,107.0,110.666666667
93612,273.0,244.0,268.0,261.666666667
93618,34.0,26.0,18.0,26.0
93619,265.0,239.0,221.0,241.666666667
93628,7.0,12.0,,9.5
93630,55.0,65.0,58.0,59.3333333333
93635,199.0,197.0,189.0,195.0
93636,24.0,50.0,21.0,31.6666666667
93637,323.0,328.0,332.0,327.666666667
93638,99.0,91.0,104.0,98.0
93640,8.0,,,8.0
93643,6.0,6.0,,6.0
93644,11.0,7.0,16.0,11.3333333333
93647,25.0,22.0,17.0,21.3333333333
93651,512.0,516.0,620.0,549.333333333
93654,675.0,682.0,644.0,667.0
93662,23.0,,,23.0
93675,53.0,33.0,19.0,35.0
93702,10.0,,15.0,12.5
93703,699.0,655.0,691.0,681.666666667
93704,691.0,653.0,661.0,668.333333333
93705,195.0,184.0,183.0,187.333333333
93710,197.0,236.0,239.0,224.0
93711,6.0,,8.0,7.0
93720,560.0,547.0,552.0,553.0
93721,,,6.0,6.0
93723,6.0,,,6.0
93726,204.0,211.0,228.0,214.333333333
93727,631.0,590.0,617.0,612.666666667
93728,,,6.0,6.0
93901,1131.0,1110.0,1121.0,1120.66666667
93906,419.0,406.0,401.0,408.666666667
93907,68.0,,24.0,46.0
93921,198.0,,197.0,197.5
93923,408.0,421.0,408.0,412.333333333
93927,,,12.0,12.0
93930,,11.0,13.0,12.0
93933,12.0,8.0,9.0,9.66666666667
93940,1102.0,1105.0,1144.0,1117.0
93953,531.0,518.0,522.0,523.666666667
93955,274.0,286.0,256.0,272.0
93960,22.0,16.0,23.0,20.3333333333
94002,1313.0,1073.0,1567.0,1317.66666667
94010,1464.0,1532.0,1897.0,1631.0
94014,584.0,586.0,581.0,583.666666667
94015,472.0,409.0,438.0,439.666666667
94018,79.0,88.0,90.0,85.6666666667
94019,224.0,247.0,269.0,246.666666667
94022,609.0,623.0,644.0,625.333333333
94024,1516.0,1557.0,1594.0,1555.66666667
94025,1618.0,1301.0,1747.0,1555.33333333
94027,1837.0,1873.0,1897.0,1869.0
94028,584.0,569.0,602.0,585.0
94030,279.0,275.0,288.0,280.666666667
94040,1955.0,1946.0,1944.0,1948.33333333
94041,182.0,169.0,157.0,169.333333333
94043,513.0,431.0,554.0,499.333333333
94044,505.0,530.0,523.0,519.333333333
94061,370.0,366.0,409.0,381.666666667
94062,476.0,291.0,507.0,424.666666667
94063,38.0,56.0,68.0,54.0
94066,796.0,776.0,748.0,773.333333333
94070,421.0,399.0,382.0,400.666666667
94080,622.0,609.0,647.0,626.0
94085,1553.0,1592.0,1650.0,1598.33333333
94086,653.0,656.0,513.0,607.333333333
94087,1391.0,1233.0,1434.0,1352.66666667
94102,1525.0,1134.0,2820.0,1826.33333333
94103,456.0,91.0,479.0,342.0
94105,16.0,24.0,26.0,22.0
94107,264.0,274.0,283.0,273.666666667
94108,284.0,374.0,642.0,433.333333333
94109,1661.0,1669.0,430.0,1253.33333333
94110,1858.0,1860.0,1847.0,1855.0
94112,2163.0,1623.0,1975.0,1920.33333333
94114,396.0,477.0,545.0,472.666666667
94115,2757.0,2620.0,2980.0,2785.66666667
94116,2678.0,2639.0,2657.0,2658.0
94117,352.0,382.0,385.0,373.0
94118,979.0,732.0,1109.0,940.0
94121,518.0,933.0,1000.0,817.0
94122,851.0,845.0,1841.0,1179.0
94123,262.0,277.0,284.0,274.333333333
94124,176.0,81.0,49.0,102.0
94127,327.0,336.0,397.0,353.333333333
94129,,285.0,312.0,298.5
94131,527.0,517.0,484.0,509.333333333
94132,2270.0,1645.0,2195.0,2036.66666667
94133,325.0,234.0,250.0,269.666666667
94134,1270.0,1228.0,1302.0,1266.66666667
94301,273.0,700.0,681.0,551.333333333
94303,1609.0,1075.0,1725.0,1469.66666667
94304,55.0,,56.0,55.5
94305,250.0,407.0,523.0,393.333333333
94306,699.0,1145.0,1200.0,1014.66666667
94401,321.0,321.0,502.0,381.333333333
94402,626.0,643.0,662.0,643.666666667
94403,1679.0,1617.0,1600.0,1632.0
94404,544.0,416.0,414.0,458.0
94501,1120.0,1144.0,1131.0,1131.66666667
94502,245.0,425.0,452.0,374.0
94503,97.0,62.0,,79.5
94505,97.0,,,97.0
94506,463.0,470.0,467.0,466.666666667
94508,184.0,192.0,199.0,191.666666667
94509,2164.0,2426.0,1222.0,1937.33333333
94510,322.0,324.0,320.0,322.0
94513,255.0,245.0,248.0,249.333333333
94517,51.0,11.0,10.0,24.0
94518,2389.0,2301.0,2356.0,2348.66666667
94519,438.0,389.0,419.0,415.333333333
94520,399.0,496.0,489.0,461.333333333
94521,827.0,824.0,841.0,830.666666667
94523,633.0,572.0,535.0,580.0
94526,1042.0,1019.0,1047.0,1036.0
94530,1427.0,497.0,1191.0,1038.33333333
94531,111.0,,106.0,108.5
94533,608.0,599.0,559.0,588.666666667
94534,46.0,,,46.0
94536,1597.0,1393.0,1631.0,1540.33333333
94538,576.0,635.0,705.0,638.666666667
94539,738.0,516.0,573.0,609.0
94541,534.0,582.0,516.0,544.0
94542,9.0,,50.0,29.5
94544,1498.0,1498.0,1476.0,1490.66666667
94545,81.0,77.0,56.0,71.3333333333
94546,470.0,524.0,518.0,504.0
94549,922.0,983.0,999.0,968.0
94550,494.0,469.0,409.0,457.333333333
94551,358.0,365.0,372.0,365.0
94553,190.0,175.0,178.0,181.0
94555,110.0,126.0,122.0,119.333333333
94556,215.0,123.0,210.0,182.666666667
94558,1509.0,1566.0,1496.0,1523.66666667
94559,810.0,803.0,851.0,821.333333333
94560,1156.0,1155.0,1194.0,1168.33333333
94561,212.0,39.0,44.0,98.3333333333
94563,95.0,116.0,90.0,100.333333333
94564,299.0,298.0,294.0,297.0
94565,507.0,363.0,332.0,400.666666667
94566,45.0,42.0,41.0,42.6666666667
94568,1631.0,1604.0,1577.0,1604.0
94572,316.0,20.0,338.0,224.666666667
94574,251.0,158.0,243.0,217.333333333
94577,336.0,308.0,344.0,329.333333333
94578,439.0,417.0,414.0,423.333333333
94579,859.0,593.0,587.0,679.666666667
94580,780.0,778.0,752.0,770.0
94583,45.0,32.0,,38.5
94587,396.0,467.0,586.0,483.0
94588,195.0,55.0,175.0,141.666666667
94589,30.0,35.0,27.0,30.6666666667
94590,720.0,732.0,820.0,757.333333333
94591,1156.0,1113.0,1067.0,1112.0
94595,299.0,303.0,316.0,306.0
94596,292.0,291.0,285.0,289.333333333
94597,783.0,782.0,782.0,782.333333333
94598,793.0,1171.0,1178.0,1047.33333333
94601,719.0,713.0,632.0,688.0
94602,1475.0,1422.0,1471.0,1456.0
94605,1373.0,1302.0,1319.0,1331.33333333
94606,432.0,199.0,347.0,326.0
94607,46.0,59.0,40.0,48.3333333333
94609,609.0,637.0,688.0,644.666666667
94610,440.0,437.0,449.0,442.0
94611,844.0,625.0,671.0,713.333333333
94612,219.0,218.0,41.0,159.333333333
94613,219.0,228.0,244.0,230.333333333
94618,1275.0,1273.0,1261.0,1269.66666667
94619,417.0,443.0,410.0,423.333333333
94621,230.0,214.0,189.0,211.0
94702,267.0,220.0,283.0,256.666666667
94703,226.0,237.0,243.0,235.333333333
94704,249.0,15.0,,132.0
94705,225.0,211.0,71.0,169.0
94706,660.0,668.0,692.0,673.333333333
94707,,12.0,106.0,59.0
94709,337.0,377.0,417.0,377.0
94710,470.0,489.0,766.0,575.0
94801,15.0,24.0,8.0,15.6666666667
94803,418.0,524.0,523.0,488.333333333
94804,765.0,791.0,766.0,774.0
94805,252.0,224.0,241.0,239.0
94806,387.0,359.0,366.0,370.666666667
94901,580.0,157.0,582.0,439.666666667
94903,870.0,963.0,1607.0,1146.66666667
94904,716.0,714.0,728.0,719.333333333
94920,240.0,248.0,226.0,238.0
94925,329.0,10.0,922.0,420.333333333
94928,75.0,27.0,33.0,45.0
94930,207.0,192.0,198.0,199.0
94931,24.0,30.0,,27.0
94939,460.0,597.0,486.0,514.333333333
94941,677.0,639.0,574.0,630.0
94945,281.0,320.0,342.0,314.333333333
94947,269.0,272.0,251.0,264.0
94949,,,11.0,11.0
94952,704.0,691.0,669.0,688.0
94954,240.0,182.0,200.0,207.333333333
94957,320.0,,320.0,320.0
94960,798.0,865.0,892.0,851.666666667
94965,133.0,150.0,103.0,128.666666667
95003,560.0,519.0,543.0,540.666666667
95004,12.0,6.0,,9.0
95008,1479.0,1514.0,1594.0,1529.0
95014,386.0,358.0,426.0,390.0
95018,44.0,46.0,45.0,45.0
95020,646.0,658.0,740.0,681.333333333
95023,351.0,335.0,297.0,327.666666667
95030,288.0,293.0,318.0,299.666666667
95032,1239.0,1255.0,1192.0,1228.66666667
95035,723.0,728.0,738.0,729.666666667
95037,928.0,904.0,847.0,893.0
95039,6.0,,,6.0
95046,43.0,26.0,,34.5
95050,391.0,599.0,442.0,477.333333333
95051,1739.0,1763.0,1882.0,1794.66666667
95054,598.0,608.0,610.0,605.333333333
95060,711.0,923.0,931.0,855.0
95062,159.0,147.0,147.0,151.0
95065,186.0,177.0,174.0,179.0
95066,352.0,318.0,327.0,332.333333333
95070,553.0,580.0,595.0,576.0
95073,83.0,76.0,35.0,64.6666666667
95076,2097.0,2118.0,2164.0,2126.33333333
95110,141.0,68.0,129.0,112.666666667
95111,1828.0,1858.0,1942.0,1876.0
95112,1539.0,1605.0,1663.0,1602.33333333
95113,6.0,,,6.0
95117,401.0,344.0,380.0,375.0
95118,237.0,201.0,328.0,255.333333333
95119,274.0,275.0,287.0,278.666666667
95120,1061.0,1086.0,1116.0,1087.66666667
95121,92.0,85.0,100.0,92.3333333333
95122,584.0,256.0,239.0,359.666666667
95123,659.0,639.0,769.0,689.0
95124,1267.0,1204.0,1217.0,1229.33333333
95125,2276.0,2192.0,2217.0,2228.33333333
95126,1860.0,1886.0,1910.0,1885.33333333
95127,789.0,598.0,584.0,657.0
95128,392.0,400.0,413.0,401.666666667
95129,3951.0,4411.0,4453.0,4271.66666667
95130,101.0,89.0,85.0,91.6666666667
95131,66.0,46.0,48.0,53.3333333333
95132,782.0,705.0,728.0,738.333333333
95133,125.0,145.0,142.0,137.333333333
95134,,23.0,32.0,27.5
95136,430.0,417.0,403.0,416.666666667
95202,19.0,,,19.0
95203,285.0,294.0,289.0,289.333333333
95204,466.0,413.0,328.0,402.333333333
95205,135.0,110.0,127.0,124.0
95206,149.0,153.0,131.0,144.333333333
95207,1751.0,1680.0,1666.0,1699.0
95209,,,13.0,13.0
95210,10.0,148.0,124.0,94.0
95212,33.0,28.0,30.0,30.3333333333
95219,211.0,,182.0,196.5
95220,170.0,160.0,167.0,165.666666667
95222,107.0,111.0,100.0,106.0
95236,,6.0,,6.0
95240,776.0,739.0,708.0,741.0
95242,531.0,520.0,421.0,490.666666667
95246,28.0,34.0,17.0,26.3333333333
95247,,,8.0,8.0
95249,,,6.0,6.0
95301,203.0,199.0,193.0,198.333333333
95307,256.0,245.0,262.0,254.333333333
95311,13.0,13.0,9.0,11.6666666667
95316,154.0,107.0,53.0,104.666666667
95322,111.0,113.0,106.0,110.0
95326,23.0,21.0,,22.0
95327,149.0,160.0,158.0,155.666666667
95330,,,6.0,6.0
95333,9.0,9.0,,9.0
95334,60.0,59.0,59.0,59.3333333333
95336,410.0,286.0,287.0,327.666666667
95337,15.0,14.0,15.0,14.6666666667
95338,34.0,48.0,54.0,45.3333333333
95340,574.0,774.0,618.0,655.333333333
95341,73.0,,,73.0
95348,141.0,97.0,153.0,130.333333333
95350,376.0,389.0,339.0,368.0
95351,726.0,656.0,680.0,687.333333333
95354,95.0,53.0,43.0,63.6666666667
95355,27.0,11.0,6.0,14.6666666667
95356,1298.0,1160.0,1041.0,1166.33333333
95358,95.0,177.0,180.0,150.666666667
95361,81.0,77.0,73.0,77.0
95363,226.0,250.0,232.0,236.0
95366,672.0,660.0,759.0,697.0
95367,46.0,26.0,,36.0
95368,,8.0,,8.0
95370,119.0,121.0,107.0,115.666666667
95376,710.0,700.0,693.0,701.0
95377,,,6.0,6.0
95379,66.0,83.0,74.0,74.3333333333
95380,510.0,505.0,461.0,492.0
95382,266.0,243.0,225.0,244.666666667
95383,6.0,,6.0,6.0
95388,118.0,116.0,124.0,119.333333333
95401,455.0,394.0,487.0,445.333333333
95403,1599.0,1401.0,1392.0,1464.0
95404,455.0,551.0,536.0,514.0
95405,340.0,340.0,318.0,332.666666667
95407,56.0,57.0,49.0,54.0
95409,370.0,429.0,445.0,414.666666667
95410,,,6.0,6.0
95418,115.0,131.0,117.0,121.0
95421,12.0,,,12.0
95422,23.0,34.0,15.0,24.0
95425,16.0,14.0,15.0,15.0
95444,,,27.0,27.0
95448,510.0,386.0,376.0,424.0
95453,87.0,71.0,85.0,81.0
95457,15.0,26.0,16.0,19.0
95461,79.0,72.0,71.0,74.0
95466,16.0,14.0,15.0,15.0
95470,58.0,68.0,70.0,65.3333333333
95472,193.0,174.0,102.0,156.333333333
95476,563.0,610.0,581.0,584.666666667
95482,510.0,528.0,511.0,516.333333333
95490,12.0,15.0,24.0,17.0
95492,146.0,186.0,192.0,174.666666667
95501,380.0,348.0,346.0,358.0
95503,33.0,38.0,38.0,36.3333333333
95519,22.0,13.0,,17.5
95521,66.0,82.0,79.0,75.6666666667
95524,65.0,50.0,53.0,56.0
95531,116.0,102.0,69.0,95.6666666667
95536,20.0,21.0,21.0,20.6666666667
95540,86.0,90.0,88.0,88.0
95547,,6.0,6.0,6.0
95553,13.0,,,13.0
95573,12.0,7.0,,9.5
95602,526.0,467.0,459.0,484.0
95603,435.0,329.0,335.0,366.333333333
95605,99.0,98.0,131.0,109.333333333
95608,2539.0,2438.0,2451.0,2476.0
95610,667.0,512.0,457.0,545.333333333
95616,713.0,741.0,639.0,697.666666667
95618,74.0,72.0,151.0,99.0
95620,171.0,151.0,142.0,154.666666667
95621,617.0,514.0,539.0,556.666666667
95624,195.0,234.0,251.0,226.666666667
95625,49.0,42.0,50.0,47.0
95626,,22.0,,22.0
95628,855.0,889.0,915.0,886.333333333
95630,747.0,739.0,727.0,737.666666667
95632,71.0,50.0,77.0,66.0
95633,11.0,19.0,11.0,13.6666666667
95634,8.0,8.0,18.0,11.3333333333
95648,72.0,70.0,46.0,62.6666666667
95650,57.0,15.0,,36.0
95655,8.0,7.0,6.0,7.0
95656,,11.0,,11.0
95658,6.0,,,6.0
95660,39.0,55.0,48.0,47.3333333333
95661,226.0,269.0,238.0,244.333333333
95662,252.0,243.0,275.0,256.666666667
95663,27.0,23.0,22.0,24.0
95665,63.0,46.0,,54.5
95667,496.0,304.0,414.0,404.666666667
95670,361.0,355.0,355.0,357.0
95673,30.0,27.0,46.0,34.3333333333
95677,6.0,14.0,23.0,14.3333333333
95678,986.0,1097.0,1030.0,1037.66666667
95682,123.0,164.0,178.0,155.0
95685,7.0,8.0,6.0,7.0
95687,476.0,1349.0,538.0,787.666666667
95688,934.0,29.0,866.0,609.666666667
95691,287.0,267.0,262.0,272.0
95692,,,6.0,6.0
95693,83.0,68.0,44.0,65.0
95695,633.0,285.0,260.0,392.666666667
95709,16.0,13.0,6.0,11.6666666667
95713,25.0,,,25.0
95724,29.0,52.0,43.0,41.3333333333
95736,65.0,44.0,54.0,54.3333333333
95746,26.0,32.0,29.0,29.0
95747,211.0,173.0,15.0,133.0
95758,380.0,64.0,381.0,275.0
95762,706.0,759.0,617.0,694.0
95765,,,57.0,57.0
95776,6.0,392.0,453.0,283.666666667
95811,24.0,20.0,26.0,23.3333333333
95815,154.0,160.0,156.0,156.666666667
95816,322.0,751.0,773.0,615.333333333
95818,163.0,163.0,152.0,159.333333333
95819,1515.0,1484.0,1457.0,1485.33333333
95820,1320.0,1021.0,1103.0,1148.0
95821,622.0,524.0,563.0,569.666666667
95822,713.0,708.0,654.0,691.666666667
95823,877.0,813.0,795.0,828.333333333
95824,667.0,741.0,687.0,698.333333333
95825,409.0,426.0,432.0,422.333333333
95826,71.0,58.0,59.0,62.6666666667
95827,919.0,910.0,928.0,919.0
95828,18.0,14.0,,16.0
95829,1161.0,1180.0,1283.0,1208.0
95831,298.0,337.0,332.0,322.333333333
95833,145.0,144.0,131.0,140.0
95834,16.0,21.0,9.0,15.3333333333
95835,6.0,6.0,6.0,6.0
95838,96.0,74.0,83.0,84.3333333333
95841,3606.0,3835.0,3532.0,3657.66666667
95842,115.0,109.0,296.0,173.333333333
95843,82.0,81.0,93.0,85.3333333333
95864,510.0,562.0,568.0,546.666666667
95901,7.0,14.0,8.0,9.66666666667
95918,,,6.0,6.0
95919,,16.0,,16.0
95926,198.0,188.0,116.0,167.333333333
95928,753.0,665.0,642.0,686.666666667
95932,121.0,118.0,112.0,117.0
95935,7.0,,6.0,6.5
95937,,,6.0,6.0
95943,94.0,98.0,103.0,98.3333333333
95945,161.0,163.0,177.0,167.0
95949,8.0,7.0,6.0,7.0
95953,,6.0,6.0,6.0
95954,31.0,22.0,29.0,27.3333333333
95959,119.0,107.0,79.0,101.666666667
95961,137.0,112.0,91.0,113.333333333
95963,73.0,76.0,74.0,74.3333333333
95965,114.0,109.0,112.0,111.666666667
95966,79.0,94.0,115.0,96.0
95969,261.0,232.0,293.0,262.0
95971,62.0,71.0,73.0,68.6666666667
95973,66.0,82.0,83.0,77.0
95988,7.0,,,7.0
95991,190.0,195.0,177.0,187.333333333
95993,409.0,393.0,338.0,380.0
96001,178.0,177.0,299.0,218.0
96002,300.0,311.0,248.0,286.333333333
96003,420.0,410.0,480.0,436.666666667
96007,214.0,98.0,117.0,143.0
96008,8.0,9.0,11.0,9.33333333333
96013,6.0,,,6.0
96015,36.0,37.0,36.0,36.3333333333
96022,,,13.0,13.0
96032,,18.0,22.0,20.0
96033,25.0,,,25.0
96065,,,9.0,9.0
96067,12.0,6.0,8.0,8.66666666667
96069,7.0,,,7.0
96073,475.0,487.0,472.0,478.0
96080,251.0,253.0,267.0,257.0
96097,83.0,78.0,78.0,79.6666666667
96101,6.0,,17.0,11.5
96114,,6.0,6.0,6.0
96129,6.0,6.0,6.0,6.0
96130,24.0,16.0,9.0,16.3333333333
96134,6.0,6.0,7.0,6.33333333333
96137,,8.0,,8.0
96143,12.0,50.0,69.0,43.6666666667
96146,,,68.0,68.0
96150,103.0,70.0,70.0,81.0
96161,62.0,,,62.0
96162,43.0,,,43.0
