Zip,zindex,as_avg_w,as_num11,as_num12,as_num13,as_num_avg
90732,552500.0,1000.0,41.0,43.0,53.0,45.6666666667
92251,188600.0,997.0,18.0,12.0,12.0,14.0
91345,419000.0,993.0,25.0,32.0,41.0,32.6666666667
95650,473700.0,991.0,15.0,21.0,22.0,19.3333333333
91377,692300.0,986.4,401.0,441.0,518.0,453.333333333
92011,767800.0,986.0,91.0,108.0,113.0,104.0
94582,944400.0,985.5,3267.0,3791.0,4176.0,3744.66666667
95135,922500.0,984.666666667,1521.0,1618.0,1694.0,1611.0
92866,532300.0,984.0,34.0,24.0,14.0,24.0
92694,732200.0,983.25,228.0,244.0,252.0,241.333333333
92236,174100.0,983.0,27.0,26.0,27.0,26.6666666667
92603,990900.0,982.25,882.0,938.0,902.0,907.333333333
92130,896100.0,982.166666667,2197.0,2296.0,2367.0,2286.66666667
95130,980700.0,980.25,426.0,446.0,478.0,450.0
90720,797000.0,979.5,765.0,768.0,806.0,779.666666667
90403,958100.0,979.0,191.0,197.0,192.0,193.333333333
94555,722200.0,978.666666667,1209.0,1287.0,1395.0,1297.0
95366,339300.0,975.0,12.0,13.0,18.0,14.3333333333
91784,586900.0,974.666666667,158.0,147.0,133.0,146.0
94552,823300.0,974.666666667,626.0,626.0,594.0,615.333333333
94708,997000.0,974.0,73.0,65.0,54.0,64.0
93035,487600.0,974.0,22.0,23.0,21.0,22.0
92782,642300.0,973.25,820.0,805.0,715.0,780.0
92620,768300.0,972.25,2476.0,2751.0,3048.0,2758.33333333
94566,919800.0,971.875,1722.0,1880.0,1866.0,1822.66666667
91362,719600.0,971.0,524.0,502.0,504.0,510.0
94588,789400.0,970.5,1529.0,1646.0,1681.0,1618.66666667
92602,790000.0,969.75,1259.0,1349.0,1560.0,1389.33333333
93111,832700.0,969.0,58.0,59.0,53.0,56.6666666667
91504,646700.0,968.5,151.0,157.0,156.0,154.666666667
92211,325000.0,968.0,13.0,15.0,15.0,14.3333333333
90744,372200.0,968.0,21.0,21.0,20.0,20.6666666667
91204,424600.0,968.0,12.0,19.0,19.0,16.6666666667
92009,736500.0,967.8,465.0,445.0,427.0,445.666666667
92886,678300.0,967.555555556,681.0,734.0,720.0,711.666666667
92604,682000.0,967.125,2165.0,2242.0,2348.0,2251.66666667
92029,630500.0,967.0,27.0,26.0,21.0,24.6666666667
94607,409500.0,967.0,514.0,626.0,867.0,669.0
92127,683300.0,966.75,1300.0,1402.0,1540.0,1414.0
95138,927000.0,966.5,402.0,408.0,422.0,410.666666667
90039,705900.0,966.0,28.0,41.0,45.0,38.0
91316,534800.0,966.0,24.0,33.0,36.0,31.0
91602,680600.0,966.0,133.0,150.0,192.0,158.333333333
95124,896300.0,965.7,746.0,809.0,887.0,814.0
92131,671500.0,965.333333333,1004.0,1056.0,1106.0,1055.33333333
90603,480800.0,965.0,13.0,16.0,19.0,16.0
92606,691400.0,965.0,616.0,636.0,641.0,631.0
92371,214900.0,964.5,46.0,53.0,42.0,47.0
91326,676100.0,964.333333333,182.0,315.0,246.0,247.666666667
94583,778700.0,964.111111111,1213.0,1316.0,1412.0,1313.66666667
91030,851900.0,963.8,1251.0,1242.0,1207.0,1233.33333333
91740,447100.0,963.5,53.0,59.0,65.0,59.0
92688,573500.0,963.1,515.0,519.0,512.0,515.333333333
92835,663700.0,962.75,517.0,535.0,546.0,532.666666667
92612,659300.0,962.666666667,1347.0,1393.0,1358.0,1366.0
93012,517700.0,961.6,306.0,314.0,308.0,309.333333333
94502,733400.0,961.5,320.0,303.0,317.0,313.333333333
92677,727400.0,961.4,157.0,158.0,168.0,161.0
90024,986200.0,961.333333333,90.0,121.0,120.0,110.333333333
94526,990400.0,961.333333333,621.0,591.0,622.0,611.333333333
94519,414900.0,961.0,38.0,36.0,34.0,36.0
91024,828200.0,961.0,22.0,22.0,22.0,22.0
92618,723800.0,961.0,216.0,261.0,254.0,243.666666667
90404,726000.0,961.0,29.0,27.0,21.0,25.6666666667
92614,611100.0,960.8,819.0,818.0,827.0,821.333333333
90630,539800.0,960.75,2281.0,2332.0,2318.0,2310.33333333
95746,650400.0,960.5,223.0,239.0,233.0,231.666666667
91307,572700.0,960.333333333,103.0,250.0,271.0,208.0
91708,423500.0,960.0,93.0,119.0,137.0,116.333333333
91739,547600.0,959.777777778,623.0,699.0,758.0,693.333333333
92887,773900.0,959.5,182.0,186.0,186.0,184.666666667
91789,699700.0,959.5,3824.0,3785.0,3690.0,3766.33333333
92024,803000.0,959.4,204.0,186.0,183.0,191.0
95762,532600.0,959.222222222,440.0,475.0,487.0,467.333333333
93730,377600.0,959.0,403.0,466.0,513.0,460.666666667
92845,532100.0,958.833333333,628.0,682.0,720.0,676.666666667
92808,648200.0,958.333333333,391.0,407.0,406.0,401.333333333
91791,517900.0,958.285714286,433.0,437.0,394.0,421.333333333
92008,718500.0,957.833333333,265.0,276.0,287.0,276.0
91214,702100.0,957.777777778,1655.0,1605.0,1570.0,1610.0
92656,511400.0,957.285714286,741.0,708.0,734.0,727.666666667
91745,578900.0,956.818181818,1638.0,1530.0,1539.0,1569.0
91750,540200.0,956.0,102.0,102.0,120.0,108.0
95630,424600.0,955.583333333,1138.0,1241.0,1305.0,1228.0
92069,435800.0,955.5,272.0,270.0,291.0,277.666666667
90249,415200.0,955.5,73.0,78.0,83.0,78.0
92260,321800.0,955.333333333,137.0,131.0,130.0,132.666666667
92129,652300.0,955.25,1952.0,1870.0,1945.0,1922.33333333
92692,634400.0,955.0,290.0,266.0,282.0,279.333333333
92673,806300.0,954.333333333,84.0,91.0,81.0,85.3333333333
91355,464500.0,954.0,451.0,489.0,493.0,477.666666667
91765,624600.0,953.909090909,3496.0,3470.0,3385.0,3450.33333333
91354,496900.0,952.6,430.0,427.0,453.0,436.666666667
90278,781000.0,952.4,206.0,220.0,203.0,209.666666667
91206,657400.0,952.333333333,130.0,117.0,117.0,121.333333333
91606,452000.0,952.0,13.0,27.0,28.0,22.6666666667
92335,255000.0,952.0,15.0,16.0,14.0,15.0
91301,753500.0,952.0,229.0,224.0,248.0,233.666666667
92672,765100.0,952.0,14.0,12.0,13.0,13.0
90803,791800.0,951.75,138.0,132.0,130.0,133.333333333
92128,526900.0,951.5,1013.0,985.0,944.0,980.666666667
92064,606400.0,951.1,628.0,543.0,540.0,570.333333333
91361,866800.0,951.0,44.0,47.0,34.0,41.6666666667
94595,476400.0,951.0,30.0,38.0,44.0,37.3333333333
90240,485500.0,950.666666667,52.0,53.0,52.0,52.3333333333
91915,453700.0,950.666666667,145.0,150.0,145.0,146.666666667
92879,363300.0,950.5,220.0,248.0,272.0,246.666666667
91320,614200.0,950.25,551.0,584.0,616.0,583.666666667
92870,568400.0,950.166666667,1009.0,1043.0,1144.0,1065.33333333
95618,536700.0,950.0,115.0,122.0,103.0,113.333333333
91773,518300.0,950.0,180.0,179.0,191.0,183.333333333
90277,918300.0,949.8,408.0,431.0,424.0,421.0
92831,534000.0,949.75,899.0,972.0,1038.0,969.666666667
92648,797500.0,949.0,417.0,424.0,446.0,429.0
94947,625300.0,948.75,126.0,134.0,119.0,126.333333333
91741,586600.0,948.333333333,235.0,239.0,269.0,247.666666667
92508,401300.0,948.166666667,425.0,442.0,434.0,433.666666667
94517,678500.0,948.0,64.0,71.0,67.0,67.3333333333
94949,769200.0,948.0,28.0,21.0,25.0,24.6666666667
93117,754600.0,948.0,254.0,231.0,236.0,240.333333333
91208,817600.0,948.0,154.0,160.0,170.0,161.333333333
92691,606600.0,947.818181818,719.0,692.0,668.0,693.0
91775,753000.0,947.75,621.0,667.0,691.0,659.666666667
92807,627100.0,947.375,952.0,963.0,948.0,954.333333333
91709,584100.0,947.142857143,1958.0,1979.0,1956.0,1964.33333333
92821,576900.0,947.125,814.0,814.0,815.0,814.333333333
90029,659100.0,947.0,129.0,158.0,203.0,163.333333333
95119,720100.0,947.0,295.0,318.0,356.0,323.0
95409,536500.0,947.0,45.0,51.0,49.0,48.3333333333
93021,573700.0,947.0,279.0,278.0,271.0,276.0
92630,597800.0,946.571428571,419.0,402.0,417.0,412.666666667
94510,510400.0,946.0,187.0,167.0,164.0,172.666666667
92596,344700.0,946.0,51.0,53.0,47.0,50.3333333333
93720,278300.0,945.9,734.0,702.0,636.0,690.666666667
94401,703600.0,945.75,303.0,316.0,363.0,327.333333333
91914,609900.0,945.75,131.0,132.0,121.0,128.0
92506,371000.0,945.666666667,81.0,79.0,65.0,75.0
95661,379100.0,945.5,258.0,269.0,280.0,269.0
91942,414000.0,945.5,38.0,32.0,31.0,33.6666666667
91360,602000.0,945.142857143,322.0,316.0,299.0,312.333333333
92354,358900.0,945.0,149.0,119.0,119.0,129.0
94930,742200.0,945.0,19.0,25.0,22.0,22.0
92883,423200.0,944.75,140.0,146.0,142.0,142.666666667
92679,771500.0,944.666666667,96.0,103.0,96.0,98.3333333333
91737,544700.0,944.2,404.0,410.0,407.0,407.0
90232,913100.0,944.0,22.0,26.0,30.0,26.0
94597,657200.0,943.5,165.0,162.0,188.0,171.666666667
92646,682100.0,942.8,588.0,602.0,625.0,605.0
93010,525600.0,942.75,130.0,135.0,125.0,130.0
92832,431400.0,942.666666667,131.0,139.0,138.0,136.0
90505,812100.0,942.571428571,1487.0,1482.0,1486.0,1485.0
90703,634800.0,942.3125,3805.0,3695.0,3634.0,3711.33333333
91601,512400.0,942.0,152.0,138.0,151.0,147.0
90623,629200.0,941.6,1104.0,1066.0,1007.0,1059.0
91321,407200.0,941.6,254.0,223.0,217.0,231.333333333
92122,589500.0,941.6,411.0,430.0,406.0,415.666666667
95391,487100.0,941.333333333,301.0,357.0,405.0,354.333333333
91790,446000.0,941.2,416.0,430.0,438.0,428.0
94598,826800.0,941.142857143,530.0,550.0,559.0,546.333333333
91722,401500.0,941.0,39.0,40.0,33.0,37.3333333333
90293,541700.0,941.0,18.0,27.0,28.0,24.3333333333
95677,348700.0,940.4,145.0,153.0,150.0,149.333333333
94621,231600.0,940.0,18.0,19.0,13.0,16.6666666667
92869,614000.0,940.0,386.0,388.0,376.0,383.333333333
91324,508200.0,939.666666667,462.0,531.0,475.0,489.333333333
90230,639800.0,939.6,546.0,530.0,512.0,529.333333333
95765,405200.0,939.375,341.0,374.0,391.0,368.666666667
92243,159400.0,939.0,63.0,60.0,64.0,62.3333333333
95742,343900.0,939.0,87.0,101.0,103.0,97.0
90740,809300.0,939.0,25.0,32.0,32.0,29.6666666667
94954,500000.0,938.333333333,68.0,66.0,63.0,65.6666666667
92647,611300.0,938.090909091,787.0,828.0,899.0,838.0
91384,468800.0,938.0,99.0,94.0,85.0,92.6666666667
94089,748000.0,938.0,51.0,47.0,46.0,48.0
92649,679100.0,938.0,524.0,498.0,474.0,498.666666667
93908,704800.0,937.666666667,80.0,76.0,64.0,73.3333333333
91607,702200.0,937.0,16.0,32.0,30.0,26.0
91403,842500.0,937.0,16.0,37.0,45.0,32.6666666667
92586,182700.0,937.0,13.0,19.0,13.0,15.0
94568,672000.0,936.857142857,882.0,941.0,1097.0,973.333333333
91780,654900.0,936.833333333,2448.0,2488.0,2529.0,2488.33333333
94611,942300.0,936.818181818,783.0,769.0,740.0,764.0
95118,782000.0,936.571428571,455.0,608.0,645.0,569.333333333
95405,445700.0,936.5,39.0,38.0,31.0,36.0
93950,713000.0,936.5,131.0,131.0,129.0,130.333333333
90638,466100.0,935.285714286,352.0,339.0,319.0,336.666666667
90503,738500.0,934.75,1932.0,1904.0,1931.0,1922.33333333
94596,804600.0,934.666666667,185.0,211.0,189.0,195.0
91913,457300.0,934.5,343.0,352.0,345.0,346.666666667
92653,658300.0,934.25,207.0,196.0,195.0,199.333333333
91350,456400.0,934.166666667,215.0,205.0,190.0,203.333333333
94702,688800.0,934.0,19.0,21.0,15.0,18.3333333333
92210,701500.0,933.0,21.0,18.0,18.0,19.0
90033,340200.0,933.0,142.0,138.0,117.0,132.333333333
90241,488300.0,932.75,218.0,212.0,198.0,209.333333333
92882,407800.0,932.375,597.0,654.0,634.0,628.333333333
91364,766500.0,932.25,182.0,233.0,252.0,222.333333333
92708,666300.0,932.153846154,3511.0,3725.0,3850.0,3695.33333333
95020,595400.0,932.125,216.0,226.0,242.0,228.0
95010,655600.0,932.0,15.0,15.0,17.0,15.6666666667
92119,487000.0,931.666666667,93.0,86.0,76.0,85.0
92833,471300.0,931.5,2220.0,2181.0,2167.0,2189.33333333
92078,502000.0,931.333333333,304.0,303.0,363.0,323.333333333
91423,821000.0,931.0,78.0,118.0,134.0,110.0
90670,403500.0,931.0,34.0,28.0,22.0,28.0
90245,846600.0,930.75,172.0,176.0,173.0,173.666666667
90620,455700.0,930.714285714,347.0,351.0,355.0,351.0
92592,401200.0,930.533333333,559.0,514.0,498.0,523.666666667
90066,986400.0,930.5,128.0,157.0,167.0,150.666666667
91910,400100.0,930.5,242.0,212.0,187.0,213.666666667
94536,693800.0,930.5,3069.0,3210.0,3357.0,3212.0
94901,878500.0,930.2,119.0,119.0,128.0,122.0
94132,854100.0,930.0,1257.0,1238.0,1228.0,1241.0
91411,571600.0,930.0,390.0,381.0,393.0,388.0
91311,532200.0,929.4,621.0,609.0,559.0,596.333333333
91202,655700.0,929.0,254.0,282.0,280.0,272.0
91016,560300.0,929.0,124.0,115.0,134.0,124.333333333
90631,469300.0,928.6,233.0,228.0,212.0,224.333333333
94903,772700.0,928.5,206.0,206.0,212.0,208.0
90605,408100.0,928.333333333,76.0,79.0,78.0,77.6666666667
94706,718100.0,928.0,924.0,785.0,786.0,831.666666667
92629,776700.0,928.0,71.0,66.0,55.0,64.0
91331,357500.0,927.5,52.0,54.0,64.0,56.6666666667
94553,460300.0,927.4,120.0,125.0,123.0,122.666666667
95054,816100.0,927.333333333,294.0,315.0,306.0,305.0
92084,447300.0,926.5,40.0,53.0,62.0,51.6666666667
95008,890500.0,926.2,309.0,324.0,315.0,316.0
93619,373500.0,926.0,309.0,254.0,252.0,271.666666667
91723,436100.0,926.0,360.0,336.0,312.0,336.0
91711,597300.0,925.888888889,539.0,498.0,479.0,505.333333333
95035,729500.0,925.583333333,3054.0,3195.0,3270.0,3173.0
94122,980300.0,925.4,1816.0,1799.0,1779.0,1798.0
92881,464300.0,925.2,500.0,573.0,609.0,560.666666667
93066,967300.0,925.0,26.0,26.0,17.0,23.0
90247,390100.0,925.0,176.0,160.0,166.0,167.333333333
91387,446100.0,925.0,151.0,127.0,122.0,133.333333333
92124,545000.0,923.833333333,336.0,333.0,316.0,328.333333333
93405,598800.0,923.8,79.0,76.0,83.0,79.3333333333
91748,562900.0,923.714285714,1963.0,1847.0,1838.0,1882.66666667
93001,494700.0,923.5,45.0,54.0,54.0,51.0
92399,303100.0,923.5,52.0,57.0,41.0,50.0
93312,267200.0,923.272727273,274.0,274.0,279.0,275.666666667
91107,764300.0,923.25,116.0,128.0,136.0,126.666666667
92373,419100.0,923.0,257.0,284.0,302.0,281.0
91792,435700.0,923.0,35.0,30.0,20.0,28.3333333333
92705,792900.0,922.777777778,447.0,458.0,501.0,468.666666667
91701,470000.0,922.625,428.0,440.0,449.0,439.0
92880,489900.0,922.571428571,903.0,946.0,999.0,949.333333333
92083,366800.0,922.5,38.0,30.0,36.0,34.6666666667
91356,834400.0,922.5,193.0,200.0,182.0,191.666666667
92591,377800.0,921.571428571,216.0,222.0,228.0,222.0
91754,546500.0,921.4,1770.0,1746.0,1761.0,1759.0
92308,176100.0,921.333333333,106.0,106.0,111.0,107.666666667
90025,751100.0,921.333333333,217.0,219.0,210.0,215.333333333
91505,615100.0,921.25,99.0,106.0,121.0,108.666666667
91732,414100.0,921.125,1233.0,1258.0,1225.0,1238.66666667
93648,123000.0,921.0,11.0,11.0,12.0,11.3333333333
94086,987800.0,920.75,350.0,363.0,333.0,348.666666667
91724,481800.0,920.6,142.0,150.0,146.0,146.0
94066,732000.0,920.571428571,283.0,314.0,328.0,308.333333333
95148,723200.0,920.545454545,3230.0,3350.0,3479.0,3353.0
92201,198700.0,920.5,56.0,61.0,72.0,63.0
94019,904400.0,920.5,38.0,37.0,27.0,34.0
91506,640600.0,919.75,188.0,187.0,174.0,183.0
94043,909200.0,919.666666667,64.0,75.0,65.0,68.0
90041,652000.0,919.5,183.0,182.0,217.0,194.0
91040,462100.0,919.0,56.0,60.0,60.0,58.6666666667
94546,581500.0,918.666666667,935.0,989.0,1034.0,986.0
91803,548300.0,918.5,776.0,784.0,743.0,767.666666667
95616,578700.0,918.333333333,874.0,882.0,836.0,864.0
92056,412800.0,918.333333333,162.0,166.0,168.0,165.333333333
93063,478800.0,918.111111111,473.0,473.0,487.0,477.666666667
91730,364200.0,918.0,272.0,268.0,245.0,261.666666667
93003,493400.0,917.875,218.0,226.0,232.0,225.333333333
92532,323300.0,917.8,119.0,155.0,143.0,139.0
94505,519100.0,917.0,20.0,21.0,21.0,20.6666666667
94085,732900.0,917.0,125.0,115.0,123.0,121.0
95521,276100.0,917.0,19.0,19.0,25.0,21.0
91950,317600.0,917.0,14.0,16.0,11.0,13.6666666667
90814,642700.0,916.5,58.0,55.0,50.0,54.3333333333
92562,366100.0,916.5,303.0,292.0,279.0,291.333333333
92120,506600.0,916.333333333,418.0,443.0,484.0,448.333333333
95125,955100.0,916.0,296.0,419.0,420.0,378.333333333
94550,672600.0,915.857142857,351.0,312.0,322.0,328.333333333
92563,357400.0,915.833333333,489.0,472.0,491.0,484.0
95121,610000.0,915.8,2356.0,2372.0,2325.0,2351.0
95117,845300.0,915.666666667,171.0,172.0,175.0,172.666666667
91801,539300.0,915.285714286,3391.0,3412.0,3227.0,3343.33333333
95678,291300.0,915.2,245.0,269.0,223.0,245.666666667
91501,650500.0,915.0,62.0,53.0,62.0,59.0
91101,452600.0,915.0,82.0,81.0,85.0,82.6666666667
91768,319900.0,915.0,20.0,27.0,32.0,26.3333333333
92675,643900.0,915.0,56.0,61.0,85.0,67.3333333333
91706,361100.0,914.6875,474.0,493.0,500.0,489.0
92126,461200.0,914.666666667,1329.0,1325.0,1348.0,1334.0
91755,545500.0,914.666666667,526.0,556.0,511.0,531.0
90815,572700.0,914.625,478.0,467.0,471.0,472.0
90501,545800.0,913.833333333,528.0,523.0,505.0,518.666666667
95051,859000.0,913.272727273,1487.0,1578.0,1580.0,1548.33333333
92802,447600.0,913.166666667,302.0,309.0,296.0,302.333333333
91752,405200.0,913.0,48.0,57.0,59.0,54.6666666667
92683,528200.0,912.75,4625.0,4742.0,4793.0,4720.0
92057,382000.0,912.666666667,228.0,235.0,243.0,235.333333333
90701,443400.0,912.25,237.0,212.0,203.0,217.333333333
92780,574400.0,912.25,308.0,300.0,281.0,296.333333333
92655,448100.0,912.0,719.0,718.0,682.0,706.333333333
95757,378600.0,912.0,1860.0,1930.0,1990.0,1926.66666667
94063,691300.0,912.0,15.0,20.0,20.0,18.3333333333
95304,481900.0,912.0,32.0,48.0,45.0,41.6666666667
94080,698500.0,911.777777778,470.0,525.0,526.0,507.0
95060,757300.0,911.5,67.0,60.0,52.0,59.6666666667
92626,641900.0,911.166666667,330.0,357.0,400.0,362.333333333
93308,173800.0,911.0,16.0,18.0,15.0,16.3333333333
95132,746900.0,911.0,3128.0,3206.0,3188.0,3174.0
91502,445800.0,911.0,177.0,167.0,138.0,160.666666667
90621,467200.0,911.0,405.0,386.0,400.0,397.0
92590,855000.0,911.0,29.0,38.0,46.0,37.6666666667
93420,573300.0,910.666666667,58.0,62.0,68.0,62.6666666667
94523,596100.0,910.555555556,472.0,484.0,480.0,478.666666667
90034,847800.0,910.166666667,455.0,472.0,459.0,462.0
90006,511800.0,910.0,159.0,137.0,107.0,134.333333333
95003,728300.0,910.0,52.0,63.0,62.0,59.0
95667,279600.0,910.0,36.0,47.0,57.0,46.6666666667
94116,930600.0,909.166666667,2247.0,2170.0,2216.0,2211.0
91763,332800.0,909.166666667,193.0,209.0,194.0,198.666666667
95747,391600.0,909.0,550.0,585.0,536.0,557.0
90807,515000.0,909.0,341.0,348.0,365.0,351.333333333
94945,692300.0,909.0,47.0,54.0,57.0,52.6666666667
90604,443500.0,908.75,89.0,79.0,65.0,77.6666666667
93455,353800.0,908.2,94.0,86.0,84.0,88.0
92703,387800.0,907.666666667,231.0,227.0,210.0,222.666666667
92223,259100.0,907.333333333,170.0,173.0,166.0,169.666666667
92860,467800.0,907.2,141.0,158.0,160.0,153.0
95006,413700.0,907.0,85.0,92.0,100.0,92.3333333333
92840,447800.0,907.0,1599.0,1653.0,1681.0,1644.33333333
93901,398700.0,907.0,76.0,82.0,75.0,77.6666666667
92844,435900.0,906.625,2370.0,2499.0,2470.0,2446.33333333
91351,399000.0,906.6,233.0,203.0,174.0,203.333333333
91786,402400.0,906.125,268.0,285.0,272.0,275.0
91761,357500.0,906.0,151.0,160.0,161.0,157.333333333
95401,387500.0,906.0,66.0,64.0,60.0,63.3333333333
95123,683400.0,906.0,1455.0,1457.0,1392.0,1434.66666667
91762,325400.0,905.857142857,180.0,168.0,164.0,170.666666667
95139,672600.0,905.5,116.0,110.0,112.0,112.666666667
90706,401700.0,905.333333333,84.0,85.0,86.0,85.0
90717,570100.0,905.0,75.0,81.0,89.0,81.6666666667
93955,375500.0,904.75,142.0,114.0,108.0,121.333333333
94534,426900.0,904.625,311.0,370.0,355.0,345.333333333
94005,675800.0,904.5,56.0,51.0,48.0,51.6666666667
95112,570500.0,904.333333333,378.0,399.0,383.0,386.666666667
93551,302900.0,904.285714286,228.0,234.0,197.0,219.666666667
91770,490600.0,904.142857143,3668.0,3556.0,3506.0,3576.66666667
93311,266000.0,904.1,760.0,786.0,833.0,793.0
91304,528800.0,904.0,144.0,175.0,173.0,164.0
91344,523800.0,903.818181818,1057.0,1024.0,1000.0,1027.0
90504,579000.0,903.0,1267.0,1205.0,1170.0,1214.0
92504,274700.0,902.6,130.0,136.0,119.0,128.333333333
91205,508400.0,902.5,101.0,86.0,78.0,88.3333333333
94403,960600.0,902.285714286,437.0,355.0,359.0,383.666666667
92103,611200.0,902.0,34.0,40.0,40.0,38.0
94960,992700.0,902.0,31.0,31.0,33.0,31.6666666667
96001,217900.0,902.0,106.0,111.0,112.0,109.666666667
93065,485800.0,901.866666667,772.0,837.0,820.0,809.666666667
91325,586700.0,901.714285714,402.0,470.0,520.0,464.0
92804,446500.0,901.529411765,1322.0,1297.0,1244.0,1287.66666667
92801,424600.0,901.5,444.0,437.0,428.0,436.333333333
90712,468900.0,901.428571429,312.0,296.0,279.0,295.666666667
95608,430500.0,901.333333333,350.0,405.0,446.0,400.333333333
93555,151700.0,901.333333333,58.0,68.0,61.0,62.3333333333
95037,779500.0,900.8,468.0,467.0,475.0,470.0
91306,448200.0,900.6,171.0,167.0,161.0,166.333333333
95023,404200.0,900.5,37.0,39.0,42.0,39.3333333333
90042,513700.0,900.5,51.0,49.0,46.0,48.6666666667
92843,439000.0,900.363636364,1718.0,1652.0,1647.0,1672.33333333
91932,382600.0,900.0,15.0,14.0,13.0,14.0
92336,377900.0,899.727272727,324.0,326.0,323.0,324.333333333
91367,625800.0,899.333333333,543.0,527.0,632.0,567.333333333
92116,461600.0,899.0,43.0,45.0,39.0,42.3333333333
94579,469700.0,898.75,404.0,452.0,446.0,434.0
92071,396000.0,898.666666667,58.0,59.0,62.0,59.6666666667
90715,415400.0,898.5,122.0,110.0,104.0,112.0
92505,301400.0,898.333333333,172.0,181.0,155.0,169.333333333
90808,567700.0,898.166666667,346.0,299.0,315.0,320.0
91343,456200.0,898.142857143,215.0,205.0,209.0,209.666666667
93314,355600.0,898.0,53.0,35.0,46.0,44.6666666667
93449,694100.0,898.0,12.0,14.0,14.0,13.3333333333
92584,309800.0,897.75,212.0,202.0,182.0,198.666666667
92374,291200.0,897.555555556,640.0,627.0,605.0,624.0
90250,467300.0,897.285714286,154.0,186.0,162.0,167.333333333
92101,486800.0,897.0,21.0,27.0,22.0,23.3333333333
92868,438600.0,897.0,72.0,60.0,54.0,62.0
90007,491200.0,897.0,50.0,48.0,45.0,47.6666666667
93631,223500.0,897.0,67.0,66.0,58.0,63.6666666667
91733,395300.0,896.5,308.0,311.0,308.0,309.0
96003,234100.0,896.5,45.0,45.0,58.0,49.3333333333
93442,510500.0,896.0,14.0,15.0,14.0,14.3333333333
91731,402300.0,895.666666667,573.0,575.0,527.0,558.333333333
92503,292300.0,895.555555556,341.0,348.0,313.0,334.0
94619,533000.0,895.166666667,619.0,616.0,653.0,629.333333333
94709,772100.0,895.0,30.0,31.0,21.0,27.3333333333
92104,478800.0,895.0,32.0,30.0,25.0,29.0
94513,452000.0,894.909090909,353.0,396.0,419.0,389.333333333
91104,648700.0,894.0,51.0,50.0,56.0,52.3333333333
93023,612300.0,894.0,16.0,22.0,19.0,19.0
90032,376600.0,894.0,203.0,195.0,176.0,191.333333333
92392,190900.0,893.333333333,170.0,185.0,197.0,184.0
91710,408200.0,893.2,427.0,442.0,452.0,440.333333333
91764,302100.0,893.0,27.0,26.0,19.0,24.0
93306,159100.0,893.0,29.0,30.0,41.0,33.3333333333
94015,701000.0,892.666666667,836.0,881.0,892.0,869.666666667
94551,563900.0,892.25,139.0,125.0,125.0,129.666666667
92806,501000.0,892.166666667,205.0,190.0,189.0,194.666666667
94538,644400.0,892.071428571,2514.0,2605.0,2783.0,2634.0
90012,408700.0,891.5,603.0,636.0,652.0,630.333333333
92701,372000.0,891.333333333,244.0,265.0,284.0,264.333333333
93611,259400.0,891.25,1697.0,1665.0,1655.0,1672.33333333
95136,707200.0,891.2,369.0,428.0,407.0,401.333333333
90640,422000.0,891.0,207.0,185.0,157.0,183.0
92865,548700.0,891.0,20.0,21.0,19.0,20.0
93036,405300.0,891.0,101.0,115.0,110.0,108.666666667
95472,653200.0,891.0,29.0,20.0,21.0,23.3333333333
92019,435900.0,890.75,124.0,117.0,116.0,119.0
92551,231400.0,890.666666667,159.0,142.0,133.0,144.666666667
95816,425100.0,890.5,263.0,253.0,238.0,251.333333333
92346,264600.0,890.428571429,242.0,231.0,249.0,240.666666667
94589,236000.0,890.0,82.0,90.0,88.0,86.6666666667
93906,321700.0,889.8,107.0,102.0,91.0,100.0
92106,925700.0,889.8,101.0,98.0,104.0,101.0
90650,375800.0,888.5,101.0,113.0,116.0,110.0
90242,414700.0,888.333333333,46.0,42.0,43.0,43.6666666667
95127,548200.0,888.333333333,590.0,582.0,568.0,580.0
94501,727800.0,888.133333333,2081.0,2043.0,1952.0,2025.33333333
92507,280600.0,887.666666667,114.0,117.0,112.0,114.333333333
94044,714100.0,887.6,164.0,173.0,184.0,173.666666667
95758,293400.0,887.5,1021.0,996.0,1008.0,1008.33333333
95355,246900.0,887.1,455.0,450.0,480.0,461.666666667
92704,416700.0,886.615384615,765.0,755.0,718.0,746.0
92707,380100.0,886.5,191.0,198.0,186.0,191.666666667
91776,556900.0,886.166666667,2831.0,2961.0,2867.0,2886.33333333
95050,762900.0,885.8,255.0,244.0,229.0,242.666666667
92025,434900.0,885.6,187.0,196.0,181.0,188.0
93657,173900.0,885.333333333,470.0,444.0,462.0,458.666666667
93401,615200.0,885.0,39.0,49.0,47.0,45.0
95126,673800.0,884.0,93.0,118.0,117.0,109.333333333
92530,254000.0,883.666666667,61.0,55.0,52.0,56.0
92026,412100.0,883.666666667,191.0,184.0,175.0,183.333333333
93030,420200.0,883.4,130.0,120.0,109.0,119.666666667
94703,729400.0,882.666666667,124.0,135.0,131.0,130.0
95122,499500.0,882.625,1528.0,1610.0,1594.0,1577.33333333
91941,514100.0,881.8,201.0,184.0,170.0,185.0
94560,581900.0,881.6,774.0,774.0,737.0,761.666666667
95367,233600.0,881.0,27.0,29.0,32.0,29.3333333333
95482,284700.0,881.0,17.0,16.0,16.0,16.3333333333
94112,736900.0,880.555555556,1019.0,924.0,868.0,937.0
92585,280300.0,880.5,41.0,33.0,40.0,38.0
91335,422400.0,880.454545455,799.0,790.0,780.0,789.666666667
95662,330800.0,880.25,114.0,108.0,117.0,113.0
93561,212400.0,880.0,28.0,27.0,24.0,26.3333333333
92407,234600.0,879.666666667,75.0,78.0,87.0,80.0
92123,466800.0,879.6,155.0,136.0,118.0,136.333333333
92595,327000.0,879.333333333,56.0,66.0,53.0,58.3333333333
90731,496200.0,879.333333333,79.0,80.0,77.0,78.6666666667
94542,669000.0,879.0,68.0,75.0,80.0,74.3333333333
95062,677900.0,879.0,21.0,24.0,23.0,22.6666666667
95116,483700.0,879.0,234.0,266.0,250.0,250.0
95111,532700.0,878.363636364,1538.0,1521.0,1570.0,1543.0
94587,604100.0,878.125,1353.0,1383.0,1390.0,1375.33333333
90031,404900.0,877.666666667,596.0,576.0,508.0,560.0
91605,423200.0,877.5,60.0,63.0,62.0,61.6666666667
95632,254700.0,877.333333333,45.0,45.0,43.0,44.3333333333
95829,301700.0,877.2,1098.0,1142.0,1157.0,1132.33333333
92307,200400.0,877.0,62.0,70.0,71.0,67.6666666667
91010,429800.0,877.0,67.0,75.0,71.0,71.0
92253,386400.0,877.0,57.0,53.0,43.0,51.0
93230,160900.0,876.714285714,120.0,129.0,124.0,124.333333333
90045,815900.0,876.666666667,104.0,103.0,90.0,99.0
92324,212500.0,876.666666667,82.0,80.0,83.0,81.6666666667
95688,405900.0,875.25,116.0,101.0,85.0,100.666666667
90065,599100.0,875.0,363.0,293.0,275.0,310.333333333
90260,430300.0,874.571428571,314.0,297.0,283.0,298.0
95388,127000.0,874.5,60.0,51.0,44.0,51.6666666667
93940,617500.0,874.333333333,104.0,109.0,116.0,109.666666667
92841,464200.0,874.083333333,1441.0,1424.0,1421.0,1428.66666667
91201,645700.0,874.0,29.0,29.0,28.0,28.6666666667
91042,474400.0,874.0,73.0,62.0,62.0,65.6666666667
90713,484900.0,874.0,477.0,501.0,484.0,487.333333333
92313,295500.0,873.5,46.0,52.0,51.0,49.6666666667
93654,170100.0,873.0,43.0,40.0,33.0,38.6666666667
95628,417000.0,873.0,128.0,146.0,146.0,140.0
91945,348000.0,873.0,18.0,18.0,14.0,16.6666666667
92544,192300.0,872.0,54.0,45.0,50.0,49.6666666667
93662,156300.0,871.8,186.0,189.0,179.0,184.666666667
95624,329700.0,871.625,2698.0,2784.0,2824.0,2768.66666667
95682,360100.0,871.5,41.0,41.0,40.0,40.6666666667
92081,466600.0,871.0,70.0,63.0,49.0,60.6666666667
92557,260600.0,870.75,137.0,110.0,121.0,122.666666667
95648,379300.0,870.333333333,152.0,163.0,173.0,162.666666667
95834,311500.0,869.8,401.0,454.0,451.0,435.333333333
94580,447900.0,869.4,712.0,723.0,749.0,728.0
91746,374500.0,869.0,26.0,29.0,35.0,30.0
93535,172700.0,868.5,32.0,29.0,23.0,28.0
95603,340900.0,868.0,15.0,12.0,11.0,12.6666666667
94610,867900.0,867.75,949.0,909.0,777.0,878.333333333
92555,296400.0,867.714285714,192.0,175.0,177.0,181.333333333
93536,259400.0,867.571428571,213.0,239.0,211.0,221.0
92571,227300.0,867.5,39.0,52.0,58.0,49.6666666667
95691,295400.0,867.0,453.0,474.0,461.0,462.666666667
93612,166800.0,866.4,249.0,242.0,285.0,258.666666667
94109,933300.0,866.0,1369.0,1293.0,1157.0,1273.0
94545,455700.0,865.75,521.0,511.0,522.0,518.0
93277,174600.0,865.714285714,270.0,253.0,246.0,256.333333333
92509,285500.0,865.5,79.0,77.0,77.0,77.6666666667
92627,665300.0,865.0,14.0,11.0,12.0,12.3333333333
92395,171100.0,864.666666667,56.0,56.0,42.0,51.3333333333
95133,609700.0,864.333333333,1219.0,1244.0,1159.0,1207.33333333
94503,419400.0,864.333333333,112.0,139.0,151.0,134.0
92117,513200.0,864.125,311.0,310.0,310.0,310.333333333
95377,414600.0,863.4,531.0,574.0,581.0,562.0
92345,179000.0,863.2,81.0,75.0,91.0,82.3333333333
92036,293500.0,863.0,41.0,38.0,36.0,38.3333333333
95687,322200.0,862.6,150.0,136.0,123.0,136.333333333
93650,107400.0,862.0,69.0,66.0,58.0,64.3333333333
93637,176400.0,862.0,116.0,127.0,118.0,120.333333333
94606,393700.0,861.8,722.0,757.0,721.0,733.333333333
94521,499800.0,861.75,366.0,363.0,373.0,367.333333333
95363,252000.0,861.666666667,96.0,93.0,98.0,95.6666666667
94531,360800.0,860.555555556,532.0,564.0,470.0,522.0
94928,414300.0,860.4,163.0,157.0,144.0,154.666666667
91303,394400.0,860.333333333,76.0,65.0,61.0,67.3333333333
93301,162500.0,860.0,21.0,17.0,15.0,17.6666666667
92408,195700.0,860.0,68.0,56.0,61.0,61.6666666667
91406,453400.0,859.8,122.0,119.0,122.0,121.0
90010,741000.0,859.0,171.0,173.0,177.0,173.666666667
94108,845500.0,859.0,365.0,357.0,374.0,365.333333333
92154,357500.0,859.0,23.0,18.0,12.0,17.6666666667
93625,204200.0,859.0,157.0,151.0,156.0,154.666666667
92262,312700.0,859.0,53.0,52.0,49.0,51.3333333333
95356,265900.0,858.666666667,137.0,170.0,174.0,160.333333333
93552,216300.0,858.5,36.0,28.0,27.0,30.3333333333
95403,429600.0,857.666666667,74.0,83.0,85.0,80.6666666667
95073,657000.0,856.0,12.0,12.0,12.0,12.0
96150,342100.0,856.0,21.0,18.0,15.0,18.0
92316,245900.0,856.0,41.0,38.0,34.0,37.6666666667
90026,652100.0,856.0,147.0,135.0,136.0,139.333333333
95376,314800.0,855.933333333,901.0,932.0,941.0,924.666666667
92376,251800.0,855.5,43.0,47.0,41.0,43.6666666667
95407,387700.0,855.5,102.0,112.0,105.0,106.333333333
92111,474300.0,855.181818182,531.0,529.0,493.0,517.666666667
95831,356500.0,855.111111111,1103.0,1115.0,1202.0,1140.0
91977,359000.0,854.5,34.0,31.0,38.0,34.3333333333
90248,404200.0,854.5,68.0,71.0,79.0,72.6666666667
95991,189300.0,854.333333333,488.0,508.0,514.0,503.333333333
94577,469000.0,854.285714286,775.0,757.0,750.0,760.666666667
92027,367900.0,854.166666667,127.0,144.0,146.0,139.0
94014,598200.0,854.111111111,221.0,242.0,280.0,247.666666667
93245,182200.0,854.0,33.0,40.0,33.0,35.3333333333
95219,307600.0,854.0,330.0,324.0,318.0,324.0
90806,422800.0,853.75,144.0,155.0,161.0,153.333333333
94530,675600.0,853.2,432.0,477.0,487.0,465.333333333
94578,437300.0,853.0,95.0,87.0,84.0,88.6666666667
92234,231100.0,852.5,33.0,42.0,42.0,39.0
92553,222100.0,852.5,89.0,89.0,87.0,88.3333333333
95337,324500.0,852.5,126.0,142.0,144.0,137.333333333
90813,321000.0,852.5,1047.0,1022.0,921.0,996.666666667
95380,198100.0,852.25,123.0,114.0,116.0,117.666666667
92337,302100.0,852.25,86.0,74.0,73.0,77.6666666667
90680,397700.0,852.0,96.0,97.0,86.0,93.0
95382,277100.0,851.833333333,306.0,310.0,311.0,309.0
93257,143500.0,851.5,119.0,138.0,136.0,131.0
95835,305200.0,851.428571429,805.0,758.0,759.0,774.0
94541,436400.0,851.142857143,153.0,161.0,179.0,164.333333333
92583,184500.0,851.0,19.0,20.0,19.0,19.3333333333
91402,356400.0,851.0,14.0,12.0,17.0,14.3333333333
92344,241700.0,851.0,26.0,25.0,24.0,25.0
95307,200600.0,850.3,375.0,347.0,326.0,349.333333333
92114,342000.0,849.666666667,148.0,160.0,162.0,156.666666667
95370,217900.0,849.0,12.0,11.0,11.0,11.3333333333
94533,262000.0,849.0,320.0,352.0,358.0,343.333333333
94547,457800.0,849.0,442.0,442.0,454.0,446.0
93292,179400.0,848.666666667,166.0,177.0,161.0,168.0
90745,400900.0,848.0,136.0,124.0,171.0,143.666666667
95336,257800.0,847.818181818,393.0,397.0,390.0,393.333333333
90038,686200.0,847.0,19.0,30.0,28.0,25.6666666667
94561,337400.0,847.0,101.0,103.0,106.0,103.333333333
91744,371600.0,846.5,110.0,116.0,91.0,105.666666667
92102,363200.0,846.4,142.0,138.0,122.0,134.0
92805,418400.0,846.333333333,66.0,61.0,58.0,61.6666666667
95131,706700.0,845.75,658.0,795.0,745.0,732.666666667
90805,345800.0,845.636363636,440.0,413.0,425.0,426.0
94803,429100.0,845.166666667,323.0,335.0,344.0,334.0
93630,173300.0,845.0,165.0,141.0,142.0,149.333333333
90804,399100.0,844.8,554.0,527.0,524.0,535.0
95843,304600.0,843.8,544.0,569.0,581.0,564.666666667
95128,743300.0,843.5,115.0,112.0,108.0,111.666666667
93313,206900.0,843.125,380.0,403.0,429.0,404.0
94608,477100.0,843.0,145.0,155.0,147.0,149.0
90755,406800.0,842.666666667,381.0,372.0,364.0,372.333333333
94134,677100.0,839.714285714,953.0,1006.0,1060.0,1006.33333333
95819,424500.0,839.666666667,85.0,80.0,69.0,78.0
95354,164400.0,839.5,32.0,31.0,32.0,31.6666666667
92028,487100.0,839.0,28.0,17.0,21.0,22.0
92377,317300.0,839.0,22.0,20.0,19.0,20.3333333333
94585,286000.0,839.0,90.0,125.0,121.0,112.0
95655,301600.0,838.5,48.0,63.0,58.0,56.3333333333
93291,192700.0,838.111111111,481.0,491.0,464.0,478.666666667
94103,886800.0,838.0,46.0,45.0,34.0,41.6666666667
93033,352300.0,838.0,15.0,17.0,16.0,16.0
95826,244300.0,838.0,159.0,172.0,191.0,174.0
92404,197500.0,837.666666667,128.0,130.0,114.0,124.0
90028,653200.0,837.333333333,82.0,66.0,77.0,75.0
93609,138100.0,836.0,74.0,76.0,69.0,73.0
95386,180200.0,836.0,102.0,92.0,104.0,99.3333333333
92394,177100.0,835.0,13.0,14.0,13.0,13.3333333333
95827,224800.0,834.75,130.0,116.0,117.0,121.0
92545,211600.0,833.0,71.0,67.0,66.0,68.0
95492,483600.0,832.0,48.0,54.0,57.0,53.0
94102,783000.0,832.0,75.0,83.0,72.0,76.6666666667
93550,180500.0,832.0,18.0,13.0,11.0,14.0
95818,445800.0,831.571428571,566.0,593.0,575.0,578.0
94558,494300.0,831.5,32.0,27.0,34.0,31.0
95993,242300.0,831.0,997.0,1097.0,1094.0,1062.66666667
95368,242000.0,830.5,40.0,46.0,48.0,44.6666666667
95350,193400.0,830.142857143,302.0,273.0,287.0,287.333333333
92020,416600.0,830.0,166.0,196.0,251.0,204.333333333
92311,93000.0,830.0,11.0,14.0,15.0,13.3333333333
95358,173400.0,829.666666667,68.0,64.0,72.0,68.0
95817,230400.0,829.0,14.0,12.0,13.0,13.0
90710,472800.0,829.0,75.0,68.0,64.0,69.0
95357,231700.0,828.666666667,103.0,88.0,82.0,91.0
94565,293900.0,828.5,263.0,269.0,246.0,259.333333333
92139,341000.0,828.5,50.0,54.0,56.0,53.3333333333
93711,291500.0,828.0,47.0,51.0,55.0,51.0
94601,320000.0,827.142857143,162.0,150.0,166.0,159.333333333
93933,415600.0,826.8,164.0,155.0,141.0,153.333333333
93722,189900.0,826.666666667,1242.0,1051.0,1098.0,1130.33333333
95670,235800.0,826.4,331.0,328.0,296.0,318.333333333
95610,241500.0,826.0,12.0,14.0,14.0,13.3333333333
93710,200200.0,825.8,272.0,268.0,234.0,258.0
93274,147600.0,824.75,77.0,84.0,78.0,79.6666666667
96002,209900.0,823.714285714,225.0,198.0,205.0,209.333333333
95348,201300.0,823.25,551.0,565.0,540.0,552.0
94572,380500.0,823.0,56.0,51.0,54.0,53.6666666667
91766,326200.0,822.25,378.0,357.0,345.0,360.0
90810,349300.0,821.8,131.0,147.0,149.0,142.333333333
94602,660100.0,820.75,207.0,219.0,211.0,212.333333333
94525,377200.0,820.0,70.0,71.0,69.0,70.0
90723,321000.0,820.0,24.0,15.0,20.0,19.6666666667
92105,318500.0,819.666666667,716.0,719.0,769.0,734.666666667
92065,433000.0,819.0,14.0,13.0,12.0,13.0
92867,603300.0,819.0,97.0,68.0,55.0,73.3333333333
90005,685100.0,818.5,1006.0,1067.0,1066.0,1046.33333333
94612,442700.0,817.5,134.0,126.0,95.0,118.333333333
94564,405100.0,815.666666667,350.0,342.0,337.0,343.0
95953,163000.0,815.333333333,166.0,158.0,143.0,155.666666667
91352,396600.0,815.0,83.0,73.0,66.0,74.0
95236,330600.0,814.0,15.0,12.0,13.0,13.3333333333
94710,662800.0,813.0,19.0,16.0,21.0,18.6666666667
94509,273500.0,812.333333333,100.0,106.0,102.0,102.666666667
95212,275800.0,812.111111111,1464.0,1477.0,1552.0,1497.66666667
90802,278200.0,811.0,67.0,68.0,61.0,65.3333333333
94544,443000.0,810.666666667,309.0,287.0,277.0,291.0
95207,179100.0,808.909090909,828.0,831.0,826.0,828.333333333
95928,270100.0,807.75,142.0,119.0,112.0,124.333333333
95320,252200.0,807.0,16.0,12.0,15.0,14.3333333333
94704,790100.0,806.5,225.0,214.0,208.0,215.666666667
94806,293400.0,806.1,287.0,273.0,288.0,282.666666667
95620,333400.0,806.0,13.0,14.0,13.0,13.3333333333
95242,306700.0,805.571428571,245.0,248.0,242.0,245.0
95660,157400.0,805.2,103.0,93.0,96.0,97.3333333333
92109,718700.0,805.0,46.0,33.0,25.0,34.6666666667
92115,397100.0,803.666666667,610.0,639.0,820.0,689.666666667
95209,244100.0,802.25,1166.0,1122.0,1131.0,1139.66666667
95945,285400.0,802.0,17.0,21.0,20.0,19.3333333333
95822,194800.0,801.923076923,693.0,663.0,655.0,670.333333333
94591,323100.0,801.75,154.0,167.0,161.0,160.666666667
93727,188400.0,799.5,1784.0,1730.0,1705.0,1739.66666667
93725,133900.0,799.166666667,623.0,573.0,573.0,589.666666667
95501,216800.0,799.0,158.0,151.0,150.0,153.0
95695,263400.0,798.25,136.0,123.0,136.0,131.666666667
95828,203800.0,798.25,1722.0,1688.0,1627.0,1679.0
95340,187400.0,798.0,610.0,547.0,535.0,564.0
91401,629700.0,798.0,31.0,24.0,30.0,28.3333333333
91106,554400.0,795.0,23.0,26.0,34.0,27.6666666667
95833,272900.0,794.666666667,199.0,210.0,200.0,203.0
95621,275000.0,794.5,32.0,28.0,28.0,29.3333333333
92543,137100.0,794.0,18.0,12.0,13.0,14.3333333333
95776,285500.0,793.5,166.0,160.0,136.0,154.0
94518,521800.0,792.0,115.0,103.0,82.0,100.0
93726,148100.0,790.0,955.0,931.0,910.0,932.0
93704,193800.0,787.875,442.0,431.0,408.0,427.0
95965,154100.0,787.75,297.0,275.0,259.0,277.0
95351,139200.0,787.1,488.0,515.0,499.0,500.666666667
93723,272600.0,786.25,182.0,181.0,173.0,178.666666667
92113,303300.0,784.5,85.0,86.0,78.0,83.0
95210,162500.0,783.125,1275.0,1273.0,1210.0,1252.66666667
91767,331600.0,783.0,21.0,20.0,15.0,18.6666666667
96019,150900.0,782.5,45.0,34.0,26.0,35.0
95824,144300.0,782.0,868.0,841.0,828.0,845.666666667
93436,254400.0,780.333333333,54.0,62.0,63.0,59.6666666667
95838,199200.0,777.0,1032.0,967.0,944.0,981.0
93705,133800.0,776.75,143.0,130.0,111.0,128.0
95823,185300.0,775.714285714,1902.0,1781.0,1771.0,1818.0
95330,288700.0,775.0,268.0,287.0,296.0,283.666666667
95503,230600.0,775.0,75.0,88.0,76.0,79.6666666667
93309,172800.0,775.0,76.0,87.0,93.0,85.3333333333
95926,255500.0,773.545454545,463.0,462.0,424.0,449.666666667
94805,390700.0,773.333333333,100.0,107.0,122.0,109.666666667
93307,130000.0,772.25,84.0,82.0,79.0,81.6666666667
92220,186500.0,772.2,188.0,191.0,170.0,183.0
95476,591300.0,771.0,17.0,19.0,17.0,17.6666666667
91978,414200.0,770.0,14.0,12.0,20.0,15.3333333333
93706,101700.0,764.5,792.0,734.0,728.0,751.333333333
95961,169400.0,762.833333333,423.0,390.0,362.0,391.666666667
94520,339000.0,762.0,55.0,52.0,44.0,50.3333333333
93703,120400.0,762.0,817.0,761.0,716.0,764.666666667
95692,227300.0,759.0,16.0,17.0,14.0,15.6666666667
95203,142900.0,756.0,26.0,30.0,31.0,29.0
95215,121900.0,754.0,174.0,156.0,130.0,153.333333333
95901,161900.0,753.5,216.0,211.0,217.0,214.666666667
95832,170200.0,745.5,325.0,329.0,339.0,331.0
93210,136300.0,745.0,13.0,14.0,14.0,13.6666666667
95966,159000.0,743.4,530.0,505.0,445.0,493.333333333
95205,106800.0,742.428571429,145.0,153.0,171.0,156.333333333
95206,174900.0,738.941176471,999.0,950.0,945.0,964.666666667
93701,94600.0,738.6,147.0,162.0,151.0,153.333333333
91405,431500.0,737.0,55.0,56.0,51.0,54.0
94124,610100.0,737.0,215.0,221.0,167.0,201.0
93702,88400.0,732.666666667,691.0,615.0,610.0,638.666666667
90019,807000.0,732.0,95.0,63.0,71.0,76.3333333333
94804,299900.0,730.2,160.0,144.0,123.0,142.333333333
93304,127200.0,729.666666667,78.0,68.0,60.0,68.6666666667
95204,158400.0,729.5,261.0,252.0,219.0,244.0
95240,219500.0,728.142857143,328.0,345.0,344.0,339.0
95605,173100.0,722.0,63.0,61.0,75.0,66.3333333333
95638,455200.0,716.0,11.0,11.0,11.0,11.0
93728,130500.0,716.0,71.0,72.0,70.0,71.0
93234,125400.0,713.0,12.0,15.0,12.0,13.0
93263,135600.0,713.0,15.0,17.0,21.0,17.6666666667
92121,515300.0,671.0,34.0,27.0,25.0,28.6666666667
93247,136200.0,667.0,47.0,46.0,46.0,46.3333333333
94609,667700.0,613.5,59.0,66.0,74.0,66.3333333333
