Zip,zindex,sd_avg_w,sd_num11,sd_num12,sd_num13,sd_num_avg
93730,377600.0,884.666666667,496.0,539.0,581.0,538.666666667
90720,797000.0,884.125,725.0,776.0,937.0,812.666666667
91377,692300.0,879.8,131.0,148.0,230.0,169.666666667
94502,733400.0,877.5,69.0,78.0,71.0,72.6666666667
91326,676100.0,873.666666667,247.0,230.0,250.0,242.333333333
94132,854100.0,872.5,869.0,920.0,969.0,919.333333333
91307,572700.0,872.25,384.0,396.0,375.0,385.0
92694,732200.0,871.5,202.0,273.0,306.0,260.333333333
93619,373500.0,871.5,473.0,367.0,383.0,407.666666667
92536,308800.0,869.0,139.0,141.0,127.0,135.666666667
91607,702200.0,868.0,322.0,357.0,379.0,352.666666667
93720,278300.0,867.1,1721.0,2016.0,2101.0,1946.0
91203,411500.0,866.0,288.0,275.0,302.0,288.333333333
90069,737800.0,866.0,61.0,49.0,50.0,53.3333333333
91784,586900.0,865.666666667,440.0,468.0,487.0,465.0
91708,423500.0,865.0,201.0,224.0,241.0,222.0
92845,532100.0,864.5,811.0,818.0,993.0,874.0
92210,701500.0,863.0,190.0,200.0,195.0,195.0
91030,851900.0,862.4,435.0,567.0,616.0,539.333333333
92603,990900.0,862.333333333,120.0,121.0,147.0,129.333333333
92549,229500.0,862.0,130.0,115.0,119.0,121.333333333
95658,520100.0,862.0,96.0,93.0,117.0,102.0
90630,539800.0,859.5,1737.0,1992.0,2123.0,1950.66666667
91750,540200.0,858.666666667,587.0,636.0,678.0,633.666666667
91208,817600.0,858.5,180.0,210.0,248.0,212.666666667
91789,699700.0,857.5,1372.0,1354.0,1731.0,1485.66666667
95135,922500.0,857.0,219.0,221.0,218.0,219.333333333
90740,809300.0,856.0,27.0,41.0,45.0,37.6666666667
92808,648200.0,855.666666667,226.0,235.0,262.0,241.0
91780,654900.0,855.5,1626.0,1766.0,1921.0,1771.0
92887,773900.0,855.0,110.0,139.0,135.0,128.0
91775,753000.0,854.75,455.0,529.0,522.0,502.0
93650,107400.0,853.0,451.0,458.0,477.0,462.0
95742,343900.0,853.0,109.0,121.0,129.0,119.666666667
91739,547600.0,852.333333333,1814.0,2192.0,2704.0,2236.66666667
92620,768300.0,852.125,347.0,459.0,558.0,454.666666667
93924,886700.0,852.0,58.0,55.0,53.0,55.3333333333
90732,552500.0,850.75,628.0,672.0,667.0,655.666666667
93602,243400.0,850.0,24.0,17.0,21.0,20.6666666667
92131,671500.0,849.0,759.0,681.0,752.0,730.666666667
95462,349900.0,849.0,44.0,44.0,47.0,45.0
92354,358900.0,848.0,400.0,254.0,271.0,308.333333333
92107,766900.0,847.75,603.0,570.0,626.0,599.666666667
94702,688800.0,847.0,92.0,81.0,80.0,84.3333333333
92129,652300.0,847.0,1158.0,1165.0,1212.0,1178.33333333
90505,812100.0,845.857142857,574.0,720.0,800.0,698.0
91214,702100.0,845.5,1179.0,1279.0,1600.0,1352.66666667
91316,534800.0,845.333333333,337.0,370.0,346.0,351.0
92604,682000.0,844.75,752.0,867.0,986.0,868.333333333
92646,682100.0,844.2,830.0,918.0,964.0,904.0
90245,846600.0,844.0,291.0,315.0,309.0,305.0
90603,480800.0,843.666666667,239.0,231.0,285.0,251.666666667
91501,650500.0,843.0,443.0,403.0,418.0,421.333333333
95465,830700.0,843.0,63.0,69.0,80.0,70.6666666667
94116,930600.0,842.666666667,2069.0,2045.0,2133.0,2082.33333333
90277,918300.0,842.4,565.0,605.0,698.0,622.666666667
90403,958100.0,841.666666667,289.0,246.0,303.0,279.333333333
90278,781000.0,841.6,389.0,380.0,410.0,393.0
95709,267200.0,841.0,166.0,156.0,149.0,157.0
92127,683300.0,841.0,527.0,544.0,521.0,530.666666667
91765,624600.0,840.818181818,1273.0,1398.0,1697.0,1456.0
90249,415200.0,840.666666667,574.0,654.0,652.0,626.666666667
92596,344700.0,840.25,545.0,602.0,651.0,599.333333333
92126,461200.0,840.222222222,2984.0,2987.0,3297.0,3089.33333333
92844,435900.0,839.875,3136.0,3120.0,3266.0,3174.0
94555,722200.0,839.333333333,255.0,273.0,256.0,261.333333333
95683,423300.0,839.0,54.0,40.0,41.0,45.0
92614,611100.0,838.2,450.0,484.0,549.0,494.333333333
92679,771500.0,838.0,99.0,104.0,107.0,103.333333333
91403,842500.0,837.5,208.0,212.0,250.0,223.333333333
95329,193700.0,837.0,65.0,64.0,76.0,68.3333333333
92886,678300.0,836.888888889,600.0,622.0,710.0,644.0
94552,823300.0,836.666666667,391.0,331.0,379.0,367.0
95650,473700.0,836.6,437.0,427.0,470.0,444.666666667
92359,224900.0,836.0,205.0,194.0,206.0,201.666666667
92883,423200.0,835.75,695.0,763.0,841.0,766.333333333
95762,532600.0,835.555555556,376.0,442.0,450.0,422.666666667
91801,539300.0,835.0,4818.0,4721.0,4889.0,4809.33333333
92563,357400.0,834.5,2739.0,3049.0,3476.0,3088.0
91301,753500.0,834.4,272.0,288.0,256.0,272.0
91324,508200.0,834.25,1654.0,1719.0,1567.0,1646.66666667
91916,354200.0,833.0,39.0,44.0,52.0,45.0
94108,845500.0,833.0,387.0,384.0,389.0,386.666666667
91914,609900.0,833.0,580.0,539.0,644.0,587.666666667
92708,666300.0,833.0,3552.0,3583.0,3746.0,3627.0
92130,896100.0,833.0,314.0,315.0,394.0,341.0
92655,448100.0,833.0,781.0,813.0,807.0,800.333333333
92532,323300.0,832.6,1261.0,1878.0,2078.0,1739.0
91709,584100.0,832.571428571,2067.0,2206.0,2813.0,2362.0
92688,573500.0,832.3,758.0,946.0,1075.0,926.333333333
92648,797500.0,832.25,680.0,719.0,771.0,723.333333333
90803,791800.0,832.2,641.0,598.0,597.0,612.0
93111,832700.0,831.75,353.0,350.0,369.0,357.333333333
95765,405200.0,831.727272727,892.0,970.0,1168.0,1010.0
92007,860900.0,831.0,92.0,84.0,84.0,86.6666666667
90404,726000.0,831.0,259.0,274.0,298.0,277.0
90293,541700.0,831.0,197.0,183.0,169.0,183.0
94122,980300.0,830.666666667,1292.0,1348.0,1367.0,1335.66666667
90620,455700.0,830.625,2015.0,2004.0,2173.0,2064.0
94582,944400.0,830.6,286.0,134.0,362.0,260.666666667
95138,927000.0,830.5,124.0,130.0,113.0,122.333333333
92835,663700.0,830.25,227.0,344.0,355.0,308.666666667
92260,321800.0,829.4,1813.0,2133.0,2093.0,2013.0
92029,630500.0,829.0,89.0,100.0,85.0,91.3333333333
91024,828200.0,829.0,187.0,183.0,217.0,195.666666667
91201,645700.0,829.0,623.0,697.0,718.0,679.333333333
91790,446000.0,828.9,2825.0,2923.0,3214.0,2987.33333333
92119,487000.0,828.8,773.0,725.0,734.0,744.0
92120,506600.0,828.666666667,1657.0,1574.0,1731.0,1654.0
90230,639800.0,828.25,2288.0,2141.0,2232.0,2220.33333333
90503,738500.0,828.125,1006.0,1207.0,1329.0,1180.66666667
92508,401300.0,828.0,1699.0,1696.0,1941.0,1778.66666667
96027,170100.0,828.0,130.0,141.0,141.0,137.333333333
93612,166800.0,827.8,1699.0,1832.0,1959.0,1830.0
92618,723800.0,827.0,50.0,66.0,63.0,59.6666666667
95693,527800.0,826.0,76.0,71.0,90.0,79.0
93950,713000.0,825.6,262.0,302.0,358.0,307.333333333
92110,503000.0,825.333333333,489.0,475.0,526.0,496.666666667
92122,589500.0,825.2,1289.0,1263.0,1341.0,1297.66666667
94595,476400.0,825.0,23.0,21.0,29.0,24.3333333333
90041,652000.0,824.444444444,3338.0,3011.0,3066.0,3138.33333333
90623,629200.0,824.4,1321.0,1524.0,1455.0,1433.33333333
91701,470000.0,824.4,2390.0,2708.0,2954.0,2684.0
92683,528200.0,824.1875,6778.0,6744.0,7076.0,6866.0
95747,391600.0,824.083333333,2266.0,2158.0,2257.0,2227.0
90012,408700.0,823.5,2301.0,2495.0,2532.0,2442.66666667
95677,348700.0,823.4,592.0,592.0,662.0,615.333333333
91942,414000.0,823.333333333,566.0,559.0,519.0,548.0
94568,672000.0,823.142857143,440.0,440.0,479.0,453.0
91361,866800.0,823.0,48.0,50.0,61.0,53.0
91356,834400.0,822.5,1289.0,1486.0,1339.0,1371.33333333
92591,377800.0,822.285714286,1640.0,1638.0,1796.0,1691.33333333
91737,544700.0,822.2,954.0,1126.0,1269.0,1116.33333333
95446,338300.0,822.0,137.0,132.0,121.0,130.0
92103,611200.0,822.0,1137.0,1257.0,1407.0,1267.0
90814,642700.0,822.0,462.0,494.0,508.0,488.0
94930,742200.0,821.5,113.0,115.0,145.0,124.333333333
91354,496900.0,821.4,287.0,361.0,433.0,360.333333333
91505,615100.0,821.333333333,803.0,389.0,820.0,670.666666667
91803,548300.0,821.25,1564.0,1549.0,1618.0,1577.0
95630,424600.0,821.25,763.0,846.0,877.0,828.666666667
95663,509500.0,821.0,29.0,26.0,26.0,27.0
92249,160800.0,821.0,782.0,750.0,878.0,803.333333333
92602,790000.0,821.0,541.0,668.0,784.0,664.333333333
92104,478800.0,820.666666667,713.0,670.0,715.0,699.333333333
91423,821000.0,820.666666667,1139.0,1272.0,1117.0,1176.0
92592,401200.0,820.3125,1987.0,2136.0,2396.0,2173.0
94583,778700.0,819.428571429,253.0,178.0,358.0,263.0
90240,485500.0,819.0,1833.0,1770.0,1862.0,1821.66666667
90232,913100.0,819.0,406.0,404.0,424.0,411.333333333
94706,718100.0,819.0,536.0,612.0,635.0,594.333333333
94708,997000.0,819.0,133.0,135.0,147.0,138.333333333
91504,646700.0,819.0,903.0,202.0,890.0,665.0
92009,736500.0,818.333333333,663.0,670.0,752.0,695.0
93643,227800.0,818.0,75.0,77.0,128.0,93.3333333333
91770,490600.0,817.928571429,4844.0,4623.0,5798.0,5088.33333333
91205,508400.0,817.8,2521.0,2623.0,2779.0,2641.0
95391,487100.0,817.333333333,278.0,303.0,257.0,279.333333333
96055,133300.0,817.0,363.0,363.0,380.0,368.666666667
95942,277100.0,816.0,17.0,29.0,27.0,24.3333333333
92270,482600.0,816.0,224.0,221.0,216.0,220.333333333
94517,678500.0,816.0,97.0,131.0,133.0,120.333333333
91325,586700.0,816.0,3087.0,3205.0,3201.0,3164.33333333
92397,242000.0,816.0,62.0,57.0,57.0,58.6666666667
92807,627100.0,815.875,735.0,851.0,1014.0,866.666666667
93611,259400.0,815.611111111,4867.0,5229.0,5405.0,5167.0
90638,466100.0,815.5,1938.0,2282.0,2547.0,2255.66666667
92128,526900.0,815.5,443.0,487.0,560.0,496.666666667
92782,642300.0,815.25,250.0,284.0,331.0,288.333333333
92256,112600.0,815.0,118.0,109.0,111.0,112.666666667
94598,826800.0,814.833333333,238.0,295.0,351.0,294.666666667
90039,705900.0,814.8,876.0,828.0,814.0,839.333333333
92612,659300.0,814.666666667,331.0,357.0,389.0,359.0
95379,164600.0,814.333333333,275.0,283.0,281.0,279.666666667
91910,400100.0,814.333333333,5296.0,5097.0,5754.0,5382.33333333
92123,466800.0,814.142857143,1085.0,960.0,1012.0,1019.0
90670,403500.0,814.0,2951.0,2927.0,2893.0,2923.66666667
90717,570100.0,813.333333333,2030.0,2047.0,1904.0,1993.66666667
92584,309800.0,813.111111111,2698.0,2932.0,2979.0,2869.66666667
93427,491500.0,813.0,144.0,250.0,200.0,198.0
93527,174800.0,812.0,96.0,83.0,83.0,87.3333333333
92833,471300.0,811.666666667,2035.0,2521.0,2675.0,2410.33333333
94952,629400.0,811.6,245.0,232.0,244.0,240.333333333
95661,379100.0,811.555555556,1043.0,1005.0,1065.0,1037.66666667
91745,578900.0,810.866666667,4250.0,4171.0,4507.0,4309.33333333
91915,453700.0,810.5,759.0,822.0,1008.0,863.0
92880,489900.0,809.571428571,3501.0,3276.0,3281.0,3352.66666667
91791,517900.0,809.333333333,2869.0,2785.0,2877.0,2843.66666667
92124,545000.0,809.25,2517.0,2360.0,2503.0,2460.0
95816,425100.0,809.0,681.0,803.0,738.0,740.666666667
90602,448600.0,809.0,525.0,505.0,500.0,510.0
91913,457300.0,809.0,2289.0,2232.0,2574.0,2365.0
94588,789400.0,808.833333333,269.0,259.0,263.0,263.666666667
92371,214900.0,808.666666667,881.0,1004.0,1052.0,979.0
92116,461600.0,808.4,796.0,856.0,821.0,824.333333333
91040,462100.0,808.333333333,1165.0,1234.0,1160.0,1186.33333333
94534,426900.0,808.333333333,1605.0,1798.0,1949.0,1784.0
94709,772100.0,808.0,129.0,107.0,127.0,121.0
92071,396000.0,808.0,1830.0,1941.0,2187.0,1986.0
95121,610000.0,807.8,2982.0,2880.0,2754.0,2872.0
91741,586600.0,807.666666667,949.0,967.0,1218.0,1044.66666667
91773,518300.0,807.4,1524.0,1592.0,1653.0,1589.66666667
90755,406800.0,807.333333333,1209.0,1188.0,1298.0,1231.66666667
90025,751100.0,807.2,1518.0,1422.0,1464.0,1468.0
95949,335100.0,807.166666667,500.0,471.0,491.0,487.333333333
91755,545500.0,807.0,1161.0,1066.0,1124.0,1117.0
93449,694100.0,807.0,302.0,318.0,320.0,313.333333333
91204,424600.0,807.0,385.0,417.0,423.0,408.333333333
95405,445700.0,807.0,458.0,448.0,453.0,453.0
90504,579000.0,806.625,1656.0,1928.0,1975.0,1853.0
92203,294400.0,806.5,908.0,1075.0,1044.0,1009.0
95409,536500.0,806.5,474.0,536.0,519.0,509.666666667
92011,767800.0,806.0,144.0,137.0,177.0,152.666666667
92647,611300.0,805.615384615,2792.0,2818.0,3033.0,2881.0
92595,327000.0,805.571428571,1789.0,2426.0,2538.0,2251.0
90701,443400.0,805.5,1146.0,1161.0,1195.0,1167.33333333
95110,517500.0,805.0,868.0,887.0,924.0,893.0
95570,353200.0,805.0,99.0,116.0,99.0,104.666666667
93636,266000.0,804.75,502.0,564.0,560.0,542.0
91730,364200.0,804.454545455,2948.0,3027.0,3350.0,3108.33333333
95130,980700.0,804.25,620.0,628.0,602.0,616.666666667
90703,634800.0,804.166666667,3222.0,3521.0,3619.0,3454.0
94109,933300.0,803.666666667,1487.0,1488.0,1406.0,1460.33333333
95066,703100.0,803.333333333,206.0,229.0,225.0,220.0
90302,319500.0,803.0,1897.0,1924.0,2042.0,1954.33333333
91902,529400.0,803.0,219.0,236.0,289.0,248.0
96073,313300.0,802.8,433.0,466.0,505.0,468.0
92586,182700.0,802.5,665.0,679.0,634.0,659.333333333
92064,606400.0,802.3,1356.0,1388.0,1407.0,1383.66666667
92139,341000.0,802.142857143,2557.0,2661.0,2830.0,2682.66666667
92624,747800.0,802.0,112.0,107.0,132.0,117.0
92587,345300.0,802.0,284.0,270.0,268.0,274.0
90807,515000.0,801.75,1673.0,1612.0,1711.0,1665.33333333
91748,562900.0,801.714285714,2488.0,2585.0,2734.0,2602.33333333
92869,614000.0,801.555555556,2465.0,2581.0,2754.0,2600.0
94505,519100.0,801.5,189.0,193.0,206.0,196.0
94949,769200.0,801.5,392.0,439.0,482.0,437.666666667
92656,511400.0,801.285714286,826.0,913.0,1006.0,915.0
95223,244700.0,801.0,70.0,69.0,61.0,66.6666666667
91344,523800.0,799.769230769,6612.0,6851.0,6313.0,6592.0
95132,746900.0,799.4,2416.0,2394.0,2395.0,2401.66666667
95662,330800.0,799.181818182,1577.0,1653.0,1755.0,1661.66666667
95355,246900.0,799.125,4564.0,4749.0,4899.0,4737.33333333
94619,533000.0,799.111111111,1855.0,1922.0,2237.0,2004.66666667
91202,655700.0,799.0,1824.0,1848.0,1954.0,1875.33333333
92211,325000.0,799.0,236.0,305.0,325.0,288.666666667
95228,328200.0,799.0,100.0,82.0,103.0,95.0
91901,487200.0,799.0,254.0,340.0,377.0,323.666666667
91711,597300.0,798.727272727,1724.0,1815.0,1861.0,1800.0
90015,571300.0,797.833333333,1900.0,1899.0,1866.0,1888.33333333
90815,572700.0,797.625,3970.0,3712.0,3606.0,3762.66666667
95746,650400.0,797.25,174.0,161.0,230.0,188.333333333
95829,301700.0,796.6,2266.0,2391.0,2600.0,2419.0
93012,517700.0,796.5,773.0,956.0,1072.0,933.666666667
94960,992700.0,796.5,86.0,87.0,87.0,86.6666666667
91321,407200.0,796.333333333,2570.0,2866.0,3144.0,2860.0
91355,464500.0,796.0,618.0,662.0,740.0,673.333333333
95503,230600.0,795.777777778,976.0,1055.0,1047.0,1026.0
94015,701000.0,795.75,2037.0,2232.0,2386.0,2218.33333333
94597,657200.0,795.5,191.0,241.0,194.0,208.666666667
95722,407200.0,795.0,38.0,45.0,43.0,42.0
92843,439000.0,794.818181818,5195.0,4924.0,5121.0,5080.0
90712,468900.0,794.625,2185.0,2129.0,2068.0,2127.33333333
92649,679100.0,794.25,710.0,804.0,901.0,805.0
92069,435800.0,793.555555556,3932.0,4106.0,4281.0,4106.33333333
92078,502000.0,793.5,1699.0,1817.0,2149.0,1888.33333333
92252,101800.0,793.5,338.0,338.0,298.0,324.666666667
93433,381900.0,793.333333333,611.0,589.0,589.0,596.333333333
95562,181100.0,793.0,166.0,155.0,161.0,160.666666667
96057,141100.0,793.0,35.0,40.0,38.0,37.6666666667
92285,70400.0,793.0,102.0,83.0,94.0,93.0
94044,714100.0,792.428571429,545.0,694.0,760.0,666.333333333
93271,265300.0,792.0,34.0,35.0,41.0,36.6666666667
92109,718700.0,791.714285714,1744.0,1610.0,1571.0,1641.66666667
93654,170100.0,791.6,3746.0,3967.0,3979.0,3897.33333333
91945,348000.0,791.4,1627.0,1652.0,1682.0,1653.66666667
91606,452000.0,791.2,3407.0,3187.0,2718.0,3104.0
94080,698500.0,790.909090909,2682.0,2837.0,3074.0,2864.33333333
92567,262800.0,790.5,1074.0,1143.0,1186.0,1134.33333333
94501,727800.0,789.875,2352.0,2452.0,2487.0,2430.33333333
96022,190200.0,789.8,1006.0,1046.0,1088.0,1046.66666667
90029,659100.0,789.75,2666.0,2639.0,2643.0,2649.33333333
90808,567700.0,789.625,2472.0,2158.0,2203.0,2277.66666667
90065,599100.0,789.5,3921.0,3810.0,3747.0,3826.0
94566,919800.0,789.5,490.0,514.0,501.0,501.666666667
91950,317600.0,789.307692308,6047.0,6192.0,6407.0,6215.33333333
92391,156700.0,789.0,155.0,175.0,192.0,174.0
91304,528800.0,789.0,1447.0,1347.0,1375.0,1389.66666667
96052,160800.0,789.0,25.0,31.0,26.0,27.3333333333
92653,658300.0,789.0,693.0,763.0,837.0,764.333333333
92626,641900.0,788.833333333,3193.0,3269.0,3195.0,3219.0
94579,469700.0,788.5,893.0,902.0,998.0,931.0
91387,446100.0,788.5,486.0,665.0,669.0,606.666666667
91754,546500.0,788.142857143,2266.0,2241.0,2447.0,2318.0
93238,194600.0,788.0,36.0,20.0,18.0,24.6666666667
90806,422800.0,788.0,1884.0,1953.0,1847.0,1894.66666667
93908,704800.0,788.0,45.0,46.0,50.0,47.0
91362,719600.0,788.0,901.0,950.0,1071.0,974.0
95357,231700.0,787.75,1567.0,1664.0,1622.0,1617.66666667
90604,443500.0,787.692307692,4181.0,4166.0,4615.0,4320.66666667
95672,382100.0,787.666666667,288.0,294.0,303.0,295.0
92504,274700.0,787.222222222,4449.0,4454.0,4606.0,4503.0
94546,581500.0,787.1,1318.0,1310.0,1432.0,1353.33333333
93063,478800.0,786.818181818,1676.0,1899.0,1754.0,1776.33333333
95148,723200.0,786.727272727,3246.0,3126.0,3055.0,3142.33333333
92832,431400.0,786.6,1759.0,1827.0,1858.0,1814.66666667
93013,773600.0,786.6,1013.0,1057.0,1085.0,1051.66666667
94585,286000.0,786.5,1130.0,1250.0,1428.0,1269.33333333
95119,720100.0,786.333333333,586.0,625.0,610.0,607.0
93451,296000.0,786.0,222.0,239.0,250.0,237.0
91502,445800.0,786.0,759.0,88.0,751.0,532.666666667
95713,285700.0,786.0,245.0,244.0,264.0,251.0
93460,755800.0,786.0,305.0,290.0,318.0,304.333333333
94954,500000.0,786.0,588.0,609.0,637.0,611.333333333
90270,371400.0,785.8,2695.0,2701.0,2542.0,2646.0
95757,378600.0,785.6,2995.0,3152.0,3558.0,3235.0
90045,815900.0,785.375,1672.0,1841.0,1662.0,1725.0
92821,576900.0,785.222222222,1068.0,1133.0,1222.0,1141.0
94526,990400.0,785.2,88.0,62.0,128.0,92.6666666667
95366,339300.0,785.0,816.0,890.0,881.0,862.333333333
93426,388700.0,785.0,26.0,25.0,34.0,28.3333333333
95222,256700.0,785.0,210.0,223.0,260.0,231.0
93312,267200.0,784.8125,2626.0,2442.0,2412.0,2493.33333333
91786,402400.0,784.7,3414.0,3301.0,3507.0,3407.33333333
92562,366100.0,784.7,2351.0,2655.0,2993.0,2666.33333333
91941,514100.0,784.6,3009.0,3038.0,2620.0,2889.0
90242,414700.0,784.5,4424.0,4454.0,4588.0,4488.66666667
95726,217800.0,784.5,250.0,248.0,285.0,261.0
90650,375800.0,784.318181818,9142.0,9130.0,9218.0,9163.33333333
91042,474400.0,784.0,1559.0,1441.0,1283.0,1427.66666667
92530,254000.0,783.8,3277.0,4639.0,4910.0,4275.33333333
94596,804600.0,783.0,152.0,162.0,177.0,163.666666667
95124,896300.0,783.0,890.0,821.0,868.0,859.666666667
95624,329700.0,782.944444444,5805.0,5988.0,6620.0,6137.66666667
95035,729500.0,782.846153846,2815.0,2815.0,3132.0,2920.66666667
92677,727400.0,782.5,737.0,820.0,883.0,813.333333333
95338,224400.0,782.5,420.0,433.0,531.0,461.333333333
92223,259100.0,782.4,3718.0,3730.0,3956.0,3801.33333333
90723,321000.0,782.357142857,9467.0,9512.0,9702.0,9560.33333333
94703,729400.0,782.25,898.0,983.0,965.0,948.666666667
95819,424500.0,782.25,633.0,680.0,636.0,649.666666667
92705,792900.0,782.230769231,4265.0,4436.0,4695.0,4465.33333333
93551,302900.0,782.0,3840.0,3906.0,4264.0,4003.33333333
91776,556900.0,782.0,3871.0,4143.0,4169.0,4061.0
91345,419000.0,782.0,310.0,316.0,374.0,333.333333333
95407,387700.0,781.625,2752.0,2890.0,2768.0,2803.33333333
92860,467800.0,781.444444444,2017.0,2020.0,2122.0,2053.0
94510,510400.0,781.333333333,736.0,695.0,719.0,716.666666667
90024,986200.0,781.0,513.0,519.0,381.0,471.0
94710,662800.0,781.0,148.0,127.0,127.0,134.0
90802,278200.0,780.75,2016.0,2029.0,2031.0,2025.33333333
92870,568400.0,780.6,3978.0,4076.0,4297.0,4117.0
93465,555700.0,780.5,240.0,250.0,339.0,276.333333333
95388,127000.0,780.4,1325.0,1275.0,1345.0,1315.0
93710,200200.0,780.2,1951.0,1849.0,1854.0,1884.66666667
92701,372000.0,780.153846154,6742.0,7009.0,7122.0,6957.66666667
95640,227400.0,780.0,124.0,139.0,149.0,137.333333333
91740,447100.0,779.6,573.0,622.0,722.0,639.0
91306,448200.0,779.571428571,2931.0,3303.0,3193.0,3142.33333333
92336,377900.0,779.380952381,9829.0,9956.0,9996.0,9927.0
92692,634400.0,779.333333333,862.0,1038.0,1078.0,992.666666667
95383,213000.0,779.0,81.0,94.0,114.0,96.3333333333
93463,664300.0,779.0,154.0,188.0,213.0,185.0
92630,597800.0,778.875,1728.0,2051.0,2220.0,1999.66666667
95377,414600.0,778.8,992.0,1098.0,1215.0,1101.66666667
91724,481800.0,778.6,1557.0,1579.0,1737.0,1624.33333333
95006,413700.0,778.5,421.0,402.0,473.0,432.0
93401,615200.0,778.5,427.0,492.0,523.0,480.666666667
90715,415400.0,778.4,1930.0,1956.0,1976.0,1954.0
95692,227300.0,778.333333333,395.0,470.0,469.0,444.666666667
90606,382400.0,778.125,3124.0,3226.0,2980.0,3110.0
92868,438600.0,778.0,1126.0,1157.0,1123.0,1135.33333333
95678,291300.0,777.9,1635.0,1591.0,1649.0,1625.0
91911,372300.0,777.619047619,6802.0,6835.0,7239.0,6958.66666667
96088,185500.0,777.5,105.0,74.0,117.0,98.6666666667
92315,296800.0,777.333333333,568.0,616.0,685.0,623.0
95460,537600.0,777.0,114.0,125.0,121.0,120.0
96114,178500.0,777.0,82.0,69.0,104.0,85.0
95328,138800.0,777.0,332.0,326.0,350.0,336.0
92551,231400.0,776.625,5859.0,5850.0,6129.0,5946.0
92706,494100.0,776.428571429,3626.0,3805.0,3956.0,3795.66666667
94551,563900.0,776.166666667,1035.0,1084.0,1104.0,1074.33333333
93631,223500.0,776.0,1473.0,1509.0,1693.0,1558.33333333
92866,532300.0,776.0,574.0,570.0,572.0,572.0
93601,279900.0,776.0,115.0,121.0,102.0,112.666666667
91761,357500.0,775.909090909,4612.0,4525.0,4754.0,4630.33333333
93117,754600.0,775.9,1468.0,1581.0,1699.0,1582.66666667
96002,209900.0,775.9,2188.0,2212.0,2281.0,2227.0
92840,447800.0,775.615384615,4688.0,4431.0,4779.0,4632.66666667
95519,264500.0,775.6,483.0,553.0,612.0,549.333333333
90744,372200.0,775.5,7018.0,6820.0,5529.0,6455.66666667
95521,276100.0,775.444444444,620.0,682.0,768.0,690.0
92008,718500.0,775.4,1540.0,1489.0,1617.0,1548.66666667
92881,464300.0,775.333333333,2950.0,2904.0,2940.0,2931.33333333
91335,422400.0,775.157894737,6893.0,6888.0,6678.0,6819.66666667
90034,847800.0,775.111111111,2908.0,3155.0,3105.0,3056.0
95666,181100.0,775.0,77.0,88.0,80.0,81.6666666667
91733,395300.0,774.625,3793.0,3789.0,3639.0,3740.33333333
93723,272600.0,774.25,848.0,872.0,884.0,868.0
91350,456400.0,774.222222222,671.0,816.0,843.0,776.666666667
92373,419100.0,774.0,1498.0,1528.0,1582.0,1536.0
95365,96900.0,774.0,549.0,549.0,485.0,527.666666667
95247,324200.0,774.0,49.0,52.0,48.0,49.6666666667
91731,402300.0,774.0,3401.0,3338.0,3377.0,3372.0
93311,266000.0,773.909090909,3196.0,3374.0,1654.0,2741.33333333
95758,293400.0,773.875,2599.0,2700.0,2970.0,2756.33333333
92106,925700.0,773.7,1763.0,1747.0,2070.0,1860.0
93428,619500.0,773.666666667,318.0,322.0,357.0,332.333333333
94536,693800.0,773.642857143,2173.0,2255.0,2402.0,2276.66666667
91605,423200.0,773.625,3717.0,3948.0,3917.0,3860.66666667
95831,356500.0,773.3,2197.0,2338.0,2307.0,2280.66666667
90631,469300.0,773.285714286,4424.0,4352.0,4678.0,4484.66666667
91367,625800.0,773.0,2145.0,2106.0,2019.0,2090.0
95372,206100.0,773.0,159.0,142.0,152.0,151.0
95337,324500.0,772.75,1115.0,1152.0,1192.0,1153.0
90621,467200.0,772.5,2769.0,2708.0,2826.0,2767.66666667
92505,301400.0,772.4,4533.0,4950.0,5891.0,5124.66666667
93536,259400.0,772.307692308,4291.0,4117.0,5209.0,4539.0
93622,126700.0,772.25,1333.0,1413.0,1484.0,1410.0
93630,173300.0,772.2,2599.0,2237.0,2308.0,2381.33333333
92307,200400.0,772.142857143,2945.0,2841.0,2784.0,2856.66666667
91342,404800.0,772.0,8077.0,7839.0,6899.0,7605.0
93442,510500.0,772.0,350.0,404.0,410.0,388.0
95843,304600.0,771.923076923,2987.0,3039.0,3513.0,3179.66666667
90601,432600.0,771.714285714,3101.0,3164.0,2983.0,3082.66666667
92173,327700.0,771.666666667,2860.0,2773.0,3013.0,2882.0
93614,225900.0,771.5,259.0,323.0,352.0,311.333333333
92503,292300.0,771.4,8371.0,8794.0,9754.0,8973.0
95219,307600.0,771.4,1186.0,1226.0,1345.0,1252.33333333
93245,182200.0,771.307692308,2743.0,2741.0,2929.0,2804.33333333
94066,732000.0,771.25,1318.0,1345.0,1339.0,1334.0
93711,291500.0,771.166666667,831.0,965.0,1214.0,1003.33333333
95682,360100.0,771.0,491.0,569.0,615.0,558.333333333
92585,280300.0,771.0,2747.0,2855.0,3128.0,2910.0
90247,390100.0,771.0,3298.0,3524.0,3435.0,3419.0
93656,131700.0,771.0,552.0,556.0,1040.0,716.0
92831,534000.0,770.875,1522.0,1750.0,1923.0,1731.66666667
91744,371600.0,770.846153846,10445.0,10178.0,10123.0,10248.6666667
96097,132300.0,770.666666667,500.0,503.0,676.0,559.666666667
96021,132100.0,770.625,1740.0,1606.0,1742.0,1696.0
93610,154700.0,770.571428571,1886.0,1863.0,1846.0,1865.0
92019,435900.0,770.545454545,2932.0,3128.0,3761.0,3273.66666667
95953,163000.0,770.5,973.0,992.0,993.0,986.0
92673,806300.0,770.5,887.0,997.0,1119.0,1001.0
92058,386200.0,770.375,2135.0,2330.0,2401.0,2288.66666667
95461,232100.0,770.333333333,485.0,507.0,539.0,510.333333333
91723,436100.0,770.166666667,2912.0,2991.0,3004.0,2969.0
95826,244300.0,770.0,1828.0,1862.0,1799.0,1829.66666667
92313,295500.0,770.0,1050.0,1046.0,1217.0,1104.33333333
91390,548800.0,770.0,59.0,61.0,62.0,60.6666666667
95212,275800.0,769.555555556,3587.0,3758.0,3695.0,3680.0
92117,513200.0,769.5,3823.0,3662.0,3837.0,3774.0
92841,464200.0,769.333333333,4228.0,3868.0,4076.0,4057.33333333
95667,279600.0,769.181818182,1798.0,1673.0,1875.0,1782.0
94947,625300.0,769.142857143,750.0,906.0,941.0,865.666666667
93667,238900.0,769.0,130.0,140.0,141.0,137.0
95051,859000.0,768.75,2514.0,2531.0,2569.0,2538.0
93004,479800.0,768.75,585.0,572.0,630.0,595.666666667
91935,602900.0,768.75,333.0,307.0,320.0,320.0
92277,93200.0,768.714285714,1488.0,1475.0,1547.0,1503.33333333
92571,227300.0,768.7,5643.0,6119.0,6316.0,6026.0
92501,248200.0,768.666666667,872.0,910.0,931.0,904.333333333
91360,602000.0,768.444444444,985.0,1126.0,1285.0,1132.0
94550,672600.0,768.375,1176.0,1212.0,1221.0,1203.0
92801,424600.0,768.363636364,5926.0,6000.0,6293.0,6073.0
95648,379300.0,768.272727273,2297.0,2588.0,2543.0,2476.0
91101,452600.0,768.0,535.0,561.0,603.0,566.333333333
91104,648700.0,767.25,1847.0,1883.0,1945.0,1891.66666667
92882,407800.0,767.214285714,5741.0,5602.0,5794.0,5712.33333333
92154,357500.0,767.0625,7876.0,7778.0,7972.0,7875.33333333
94043,909200.0,767.0,794.0,830.0,781.0,801.666666667
92399,303100.0,766.9,2758.0,3145.0,3226.0,3043.0
91206,657400.0,766.8,1796.0,1882.0,2022.0,1900.0
95348,201300.0,766.5,2485.0,2616.0,2574.0,2558.33333333
94005,675800.0,766.5,96.0,89.0,83.0,89.3333333333
95945,285400.0,766.444444444,1098.0,1001.0,1284.0,1127.66666667
94571,276100.0,766.333333333,365.0,397.0,348.0,370.0
93035,487600.0,766.25,1277.0,1379.0,1441.0,1365.66666667
95834,311500.0,766.166666667,1497.0,1500.0,1546.0,1514.33333333
90040,331600.0,766.0,1012.0,1032.0,1058.0,1034.0
90746,442000.0,765.875,1777.0,1821.0,1740.0,1779.33333333
92691,606600.0,765.666666667,2139.0,2352.0,2642.0,2377.66666667
92065,433000.0,765.333333333,1708.0,1542.0,1753.0,1667.66666667
90006,511800.0,765.285714286,3767.0,3619.0,3543.0,3643.0
92262,312700.0,765.25,2288.0,2317.0,2410.0,2338.33333333
91706,361100.0,765.25,9659.0,10184.0,8628.0,9490.33333333
92672,765100.0,765.2,937.0,965.0,984.0,962.0
92879,363300.0,765.142857143,2595.0,2554.0,2644.0,2597.66666667
92780,574400.0,765.076923077,5031.0,5249.0,5397.0,5225.66666667
95245,192700.0,765.0,26.0,40.0,36.0,34.0
90804,399100.0,764.8,3696.0,3561.0,3563.0,3606.66666667
94561,337400.0,764.555555556,2264.0,2487.0,2734.0,2495.0
93402,420900.0,764.333333333,349.0,405.0,422.0,392.0
92081,466600.0,764.0,1468.0,1499.0,1572.0,1513.0
96067,230200.0,764.0,340.0,334.0,343.0,339.0
91351,399000.0,764.0,2434.0,2688.0,2978.0,2700.0
95623,266900.0,764.0,185.0,190.0,246.0,207.0
92704,416700.0,763.85,13413.0,13645.0,14036.0,13698.0
92057,382000.0,763.727272727,4066.0,4378.0,4700.0,4381.33333333
92056,412800.0,763.7,1661.0,1760.0,1869.0,1763.33333333
95054,816100.0,763.666666667,534.0,592.0,597.0,574.333333333
95448,584400.0,763.6,871.0,840.0,816.0,842.333333333
95116,483700.0,763.5,3682.0,3880.0,3898.0,3820.0
92020,416600.0,763.461538462,3148.0,3454.0,3906.0,3502.66666667
91406,453400.0,763.307692308,5456.0,5549.0,5657.0,5554.0
92555,296400.0,763.285714286,4571.0,4387.0,4773.0,4577.0
90660,370700.0,763.285714286,5525.0,5568.0,5457.0,5516.66666667
95436,390500.0,763.0,133.0,133.0,134.0,133.333333333
93066,967300.0,763.0,215.0,285.0,304.0,268.0
90022,336600.0,762.923076923,7749.0,7607.0,7649.0,7668.33333333
93657,173900.0,762.8,5301.0,5293.0,5324.0,5306.0
90260,430300.0,762.75,6190.0,6335.0,6580.0,6368.33333333
90713,484900.0,762.714285714,4449.0,4164.0,4099.0,4237.33333333
90066,986400.0,762.583333333,3535.0,3444.0,3274.0,3417.66666667
92557,260600.0,762.454545455,5528.0,5338.0,5770.0,5545.33333333
93060,361100.0,762.333333333,343.0,360.0,389.0,364.0
91343,456200.0,762.285714286,7258.0,7151.0,7455.0,7288.0
92805,418400.0,762.1,7180.0,7239.0,7038.0,7152.33333333
94515,569800.0,762.0,441.0,448.0,483.0,457.333333333
94523,596100.0,761.6,1202.0,1377.0,1404.0,1327.66666667
93313,206900.0,761.5,4151.0,4385.0,2118.0,3551.33333333
93625,204200.0,761.5,1099.0,1127.0,1216.0,1147.33333333
95252,245600.0,761.333333333,517.0,580.0,645.0,580.666666667
90292,821800.0,761.0,311.0,264.0,263.0,279.333333333
92040,408900.0,760.75,1688.0,1467.0,1899.0,1684.66666667
95616,578700.0,760.666666667,1087.0,1102.0,1159.0,1116.0
95368,242000.0,760.5,1266.0,1181.0,1398.0,1281.66666667
95835,305200.0,760.285714286,2386.0,2580.0,2567.0,2511.0
93704,193800.0,760.272727273,6139.0,6240.0,6219.0,6199.33333333
95136,707200.0,760.2,1128.0,1174.0,1278.0,1193.33333333
92335,255000.0,760.117647059,11064.0,10819.0,10877.0,10920.0
95356,265900.0,760.0,655.0,915.0,989.0,853.0
90710,472800.0,759.75,2387.0,2518.0,2347.0,2417.33333333
90250,467300.0,759.75,7220.0,7455.0,7512.0,7395.66666667
95020,595400.0,759.733333333,4683.0,4868.0,5190.0,4913.66666667
96150,342100.0,759.333333333,1552.0,1495.0,1608.0,1551.66666667
95401,387500.0,759.25,625.0,594.0,646.0,621.666666667
92802,447600.0,759.166666667,3463.0,3473.0,3495.0,3477.0
95010,655600.0,759.0,197.0,46.0,241.0,161.333333333
95472,653200.0,758.875,548.0,595.0,616.0,586.333333333
91311,532200.0,758.857142857,2681.0,2760.0,2572.0,2671.0
92377,317300.0,758.833333333,4857.0,3689.0,3487.0,4011.0
93444,473600.0,758.666666667,916.0,878.0,891.0,895.0
92114,342000.0,758.615384615,4844.0,5193.0,5451.0,5162.66666667
92102,363200.0,758.588235294,4282.0,4454.0,4569.0,4435.0
95133,609700.0,758.5,2809.0,2762.0,2621.0,2730.66666667
93265,220400.0,758.0,73.0,81.0,91.0,81.6666666667
95631,277400.0,758.0,195.0,177.0,165.0,179.0
92372,206700.0,758.0,165.0,195.0,180.0,180.0
92374,291200.0,757.545454545,4900.0,5024.0,5284.0,5069.33333333
94587,604100.0,757.5,2697.0,2760.0,2993.0,2816.66666667
95634,224900.0,757.5,203.0,165.0,128.0,165.333333333
91792,435700.0,757.5,902.0,920.0,941.0,921.0
90023,316700.0,757.307692308,7634.0,7219.0,7014.0,7289.0
91977,359000.0,757.166666667,4371.0,4265.0,4226.0,4287.33333333
93445,338300.0,757.0,279.0,268.0,261.0,269.333333333
94611,942300.0,756.8,1258.0,1358.0,1380.0,1332.0
95687,322200.0,756.777777778,2076.0,2159.0,2087.0,2107.33333333
92024,803000.0,756.555555556,932.0,843.0,1021.0,932.0
92352,332000.0,756.25,1066.0,1099.0,1130.0,1098.33333333
94608,477100.0,756.166666667,1187.0,1380.0,1424.0,1330.33333333
92061,480700.0,756.0,150.0,146.0,177.0,157.666666667
95065,661100.0,756.0,73.0,20.0,85.0,59.3333333333
90010,741000.0,756.0,837.0,1000.0,1049.0,962.0
94103,886800.0,756.0,497.0,515.0,527.0,513.0
91762,325400.0,756.0,8236.0,8109.0,8478.0,8274.33333333
94610,867900.0,756.0,1878.0,1985.0,2202.0,2021.66666667
91710,408200.0,755.933333333,5904.0,5820.0,6514.0,6079.33333333
91016,560300.0,755.888888889,2290.0,2510.0,2591.0,2463.66666667
91752,405200.0,755.75,2156.0,2116.0,2070.0,2114.0
91932,382600.0,755.6,2030.0,2056.0,2195.0,2093.66666667
95018,473700.0,755.5,254.0,286.0,275.0,271.666666667
95382,277100.0,755.5,2751.0,2896.0,2971.0,2872.66666667
90038,686200.0,755.25,1919.0,1935.0,1918.0,1924.0
95111,532700.0,755.083333333,4993.0,5201.0,5234.0,5142.66666667
95236,330600.0,755.0,427.0,434.0,469.0,443.333333333
94580,447900.0,754.8,3583.0,3421.0,3920.0,3641.33333333
91364,766500.0,754.714285714,1245.0,1345.0,1405.0,1331.66666667
93420,573300.0,754.571428571,1514.0,1485.0,1483.0,1494.0
95632,254700.0,754.444444444,2604.0,2755.0,2812.0,2723.66666667
92804,446500.0,754.263157895,9795.0,10050.0,10316.0,10053.6666667
93960,252200.0,754.142857143,3073.0,3038.0,3085.0,3065.33333333
93023,612300.0,754.142857143,842.0,873.0,999.0,904.666666667
92276,158500.0,754.0,348.0,329.0,344.0,340.333333333
93640,117200.0,754.0,1814.0,1897.0,1940.0,1883.66666667
93722,189900.0,754.0,5829.0,5400.0,5699.0,5642.66666667
95125,955100.0,753.916666667,2908.0,2809.0,2947.0,2888.0
95122,499500.0,753.578947368,7437.0,7569.0,7138.0,7381.33333333
93003,493400.0,753.428571429,3001.0,3130.0,3410.0,3180.33333333
92201,198700.0,753.388888889,7894.0,8241.0,8052.0,8062.33333333
93267,116300.0,753.25,1135.0,1146.0,1185.0,1155.33333333
91768,319900.0,753.222222222,4009.0,3981.0,3634.0,3874.66666667
92392,190900.0,753.058823529,7638.0,8291.0,8020.0,7983.0
93553,219200.0,753.0,170.0,171.0,178.0,173.0
95973,280800.0,753.0,65.0,75.0,63.0,67.6666666667
90745,400900.0,753.0,5580.0,5364.0,4518.0,5154.0
92251,188600.0,752.8,1153.0,1136.0,1269.0,1186.0
93646,116000.0,752.8,1799.0,1816.0,1829.0,1814.66666667
90301,321600.0,752.777777778,4061.0,3795.0,3980.0,3945.33333333
90502,371800.0,752.5,618.0,612.0,596.0,608.666666667
91331,357500.0,752.266666667,9355.0,9160.0,9160.0,9225.0
92509,285500.0,752.263157895,8898.0,8935.0,9095.0,8976.0
90501,545800.0,752.142857143,1280.0,1545.0,1691.0,1505.33333333
92346,264600.0,752.071428571,4028.0,4380.0,4116.0,4174.66666667
90704,576600.0,752.0,330.0,336.0,364.0,343.333333333
95307,200600.0,752.0,5715.0,5809.0,5779.0,5767.66666667
90731,496200.0,751.769230769,4736.0,4694.0,4628.0,4686.0
92115,397100.0,751.75,4190.0,4313.0,5027.0,4510.0
94014,598200.0,751.555555556,1724.0,1895.0,1997.0,1872.0
90042,513700.0,751.538461538,5100.0,4808.0,4665.0,4857.66666667
92337,302100.0,751.454545455,5109.0,5631.0,5791.0,5510.33333333
93555,151700.0,751.4,1682.0,1674.0,1764.0,1706.66666667
94538,644400.0,751.285714286,2593.0,2703.0,2906.0,2734.0
95621,275000.0,751.142857143,1546.0,1434.0,1469.0,1483.0
92407,234600.0,751.133333333,6535.0,8024.0,7182.0,7247.0
95210,162500.0,750.875,3158.0,3088.0,3101.0,3115.66666667
92707,380100.0,750.818181818,6690.0,6621.0,6777.0,6696.0
91320,614200.0,750.555555556,975.0,975.0,1113.0,1021.0
96013,121900.0,750.5,191.0,210.0,270.0,223.666666667
95008,890500.0,750.4,1249.0,1285.0,1399.0,1311.0
95326,265800.0,750.4,1060.0,1009.0,1028.0,1032.33333333
96064,152700.0,750.25,160.0,144.0,173.0,159.0
94928,414300.0,750.111111111,1880.0,1860.0,1959.0,1899.66666667
96007,174000.0,749.777777778,1366.0,1373.0,1438.0,1392.33333333
94607,409500.0,749.666666667,1233.0,1393.0,1937.0,1521.0
95386,180200.0,749.5,1585.0,1507.0,1649.0,1580.33333333
92583,184500.0,749.444444444,4314.0,4435.0,4783.0,4510.66666667
90680,397700.0,749.0,596.0,574.0,636.0,602.0
92545,211600.0,748.666666667,3937.0,4078.0,4230.0,4081.66666667
92865,548700.0,748.666666667,595.0,632.0,681.0,636.0
93065,485800.0,748.5,4307.0,5198.0,5390.0,4965.0
91763,332800.0,748.454545455,5797.0,5770.0,6083.0,5883.33333333
93274,147600.0,748.434782609,8070.0,8421.0,8862.0,8451.0
93644,211100.0,748.333333333,389.0,409.0,400.0,399.333333333
94513,452000.0,748.3125,2624.0,2655.0,2921.0,2733.33333333
94574,965100.0,748.25,393.0,412.0,437.0,414.0
90007,491200.0,748.157894737,9618.0,9314.0,9044.0,9325.33333333
95304,481900.0,748.0,487.0,559.0,581.0,542.333333333
95814,337500.0,748.0,147.0,146.0,143.0,145.333333333
90303,404000.0,748.0,2963.0,2810.0,2745.0,2839.33333333
90255,334400.0,747.866666667,12035.0,11931.0,9649.0,11205.0
90241,488300.0,747.714285714,5675.0,5787.0,6354.0,5938.66666667
95118,782000.0,747.666666667,1657.0,1783.0,1965.0,1801.66666667
94545,455700.0,747.333333333,3137.0,3234.0,3054.0,3141.66666667
92606,691400.0,747.333333333,129.0,131.0,158.0,139.333333333
93314,355600.0,747.2,932.0,882.0,834.0,882.666666667
95690,291400.0,747.0,85.0,77.0,82.0,81.3333333333
95003,728300.0,746.8,682.0,734.0,824.0,746.666666667
95827,224800.0,746.8,1457.0,1432.0,1327.0,1405.33333333
95127,548200.0,746.789473684,5854.0,5667.0,5472.0,5664.33333333
95354,164400.0,746.666666667,1432.0,1515.0,1524.0,1490.33333333
90706,401700.0,746.125,4327.0,4245.0,4012.0,4194.66666667
95928,270100.0,745.833333333,979.0,994.0,1083.0,1018.66666667
94601,320000.0,745.647058824,2275.0,2263.0,3867.0,2801.66666667
95991,189300.0,745.615384615,3505.0,3586.0,3641.0,3577.33333333
95818,445800.0,745.571428571,2185.0,2318.0,2175.0,2226.0
93277,174600.0,745.428571429,4320.0,4597.0,4562.0,4493.0
96130,115800.0,745.333333333,564.0,534.0,603.0,567.0
92250,143600.0,745.25,881.0,1131.0,1128.0,1046.66666667
93725,133900.0,745.2,3274.0,3251.0,3264.0,3263.0
92234,231100.0,745.111111111,5798.0,5954.0,5942.0,5898.0
94086,987800.0,745.0,682.0,704.0,691.0,692.333333333
90018,427700.0,745.0,4590.0,4685.0,4633.0,4636.0
95453,217500.0,745.0,547.0,577.0,570.0,564.666666667
95361,258000.0,745.0,1510.0,1574.0,1540.0,1541.33333333
94602,660100.0,744.5,912.0,891.0,1013.0,938.666666667
95969,195000.0,744.285714286,1245.0,1218.0,1343.0,1268.66666667
93422,425200.0,744.0,1168.0,1202.0,1310.0,1226.66666667
95938,394100.0,744.0,317.0,308.0,300.0,308.333333333
94803,429100.0,743.833333333,1282.0,1346.0,1422.0,1350.0
90220,269200.0,743.4,5203.0,5386.0,5071.0,5220.0
92806,501000.0,743.333333333,4489.0,4882.0,4767.0,4712.66666667
96001,217900.0,743.307692308,1588.0,1653.0,1728.0,1656.33333333
93446,386800.0,743.166666667,805.0,864.0,842.0,837.0
90805,345800.0,743.0,9236.0,8632.0,8631.0,8833.0
95324,238100.0,743.0,815.0,873.0,885.0,857.666666667
93021,573700.0,742.9,1695.0,1726.0,1864.0,1761.66666667
92105,318500.0,742.714285714,5274.0,5309.0,5458.0,5347.0
92111,474300.0,742.6,2931.0,2915.0,2996.0,2947.33333333
93202,121500.0,742.5,628.0,647.0,654.0,643.0
95209,244100.0,742.461538462,3773.0,3846.0,4055.0,3891.33333333
91702,366600.0,742.428571429,5114.0,4905.0,4953.0,4990.66666667
95901,161900.0,742.285714286,2335.0,2338.0,2502.0,2391.66666667
91506,640600.0,742.166666667,1889.0,846.0,1838.0,1524.33333333
95458,118300.0,742.0,123.0,108.0,149.0,126.666666667
90031,404900.0,741.857142857,4750.0,4659.0,4152.0,4520.33333333
91722,401500.0,741.444444444,3393.0,3394.0,3354.0,3380.33333333
92308,176100.0,741.428571429,2760.0,2935.0,3340.0,3011.66666667
93240,127900.0,741.0,543.0,575.0,536.0,551.333333333
95403,429600.0,740.875,751.0,772.0,783.0,768.666666667
93215,147100.0,740.866666667,6127.0,6345.0,7143.0,6538.33333333
93405,598800.0,740.857142857,614.0,679.0,678.0,657.0
91764,302100.0,740.727272727,4298.0,4492.0,4669.0,4486.33333333
95112,570500.0,740.666666667,2276.0,2252.0,2362.0,2296.66666667
90016,431100.0,740.555555556,3005.0,3061.0,2738.0,2934.66666667
92703,387800.0,740.545454545,4807.0,4778.0,4648.0,4744.33333333
95320,252200.0,740.5,840.0,835.0,861.0,845.333333333
93306,159100.0,740.333333333,9682.0,10019.0,10413.0,10038.0
90280,332800.0,740.142857143,14400.0,14506.0,13225.0,14043.6666667
95961,169400.0,740.090909091,2904.0,2847.0,2917.0,2889.33333333
92028,487100.0,740.0,3192.0,3334.0,3134.0,3220.0
93662,156300.0,740.0,3746.0,3886.0,4012.0,3881.33333333
91732,414100.0,740.0,9706.0,9603.0,7272.0,8860.33333333
95060,757300.0,739.8,494.0,504.0,597.0,531.666666667
92570,240500.0,739.8,7484.0,7893.0,8181.0,7852.66666667
92316,245900.0,739.75,5102.0,5116.0,5097.0,5105.0
90019,807000.0,739.571428571,4348.0,4163.0,3646.0,4052.33333333
95437,335900.0,739.5,853.0,841.0,860.0,851.333333333
96080,145500.0,739.25,1958.0,1874.0,1908.0,1913.33333333
91010,429800.0,739.0,2118.0,1978.0,2052.0,2049.33333333
92507,280600.0,738.714285714,3652.0,3644.0,3702.0,3666.0
91001,650900.0,738.666666667,1284.0,1226.0,1305.0,1271.66666667
93001,494700.0,738.625,2326.0,2520.0,2788.0,2544.66666667
95350,193400.0,738.611111111,4436.0,4548.0,4351.0,4445.0
91103,581100.0,738.6,1967.0,1863.0,1833.0,1887.66666667
92544,192300.0,738.222222222,3309.0,3348.0,3486.0,3381.0
90716,324100.0,738.0,980.0,959.0,937.0,958.666666667
95926,255500.0,738.0,3067.0,3383.0,3672.0,3374.0
91340,345700.0,737.4,7043.0,6948.0,6437.0,6809.33333333
94533,262000.0,737.266666667,4637.0,5066.0,5733.0,5145.33333333
90032,376600.0,737.230769231,5566.0,5324.0,5081.0,5323.66666667
95327,193300.0,737.0,181.0,152.0,168.0,167.0
91602,680600.0,736.666666667,1149.0,1165.0,1063.0,1125.66666667
92227,147200.0,736.555555556,2853.0,2955.0,2996.0,2934.66666667
96093,166700.0,736.5,285.0,262.0,266.0,271.0
92543,137100.0,736.428571429,3043.0,3222.0,3077.0,3114.0
95660,157400.0,736.416666667,3054.0,3259.0,3538.0,3283.66666667
95128,743300.0,735.75,1281.0,1325.0,1519.0,1375.0
90262,304300.0,735.647058824,10277.0,9498.0,9655.0,9810.0
92243,159400.0,735.631578947,6061.0,6127.0,6333.0,6173.66666667
96019,150900.0,735.25,973.0,996.0,936.0,968.333333333
92036,293500.0,735.0,461.0,570.0,770.0,600.333333333
96003,234100.0,734.888888889,1189.0,1317.0,1376.0,1294.0
94521,499800.0,734.444444444,1843.0,2160.0,2205.0,2069.33333333
92311,93000.0,734.2,2262.0,2544.0,2655.0,2487.0
95618,536700.0,734.0,143.0,143.0,153.0,146.333333333
95833,272900.0,734.0,2195.0,2144.0,2091.0,2143.33333333
95004,499200.0,734.0,187.0,180.0,167.0,178.0
95207,179100.0,733.923076923,4466.0,4567.0,4665.0,4566.0
93727,188400.0,733.785714286,6955.0,6939.0,7054.0,6982.66666667
92021,382400.0,733.727272727,3076.0,2940.0,3232.0,3082.66666667
92345,179000.0,733.346153846,9896.0,10271.0,10667.0,10278.0
92629,776700.0,733.25,591.0,687.0,737.0,671.666666667
95824,144300.0,733.142857143,2679.0,2643.0,2626.0,2649.33333333
93705,133800.0,733.0,2428.0,2390.0,2366.0,2394.66666667
94085,732900.0,732.666666667,1097.0,1055.0,1061.0,1071.0
95993,242300.0,732.333333333,2540.0,2610.0,2650.0,2600.0
95358,173400.0,732.3,2834.0,2834.0,3014.0,2894.0
94089,748000.0,732.0,198.0,201.0,219.0,206.0
93609,138100.0,731.666666667,915.0,909.0,946.0,923.333333333
94591,323100.0,731.625,1971.0,2456.0,2611.0,2346.0
94525,377200.0,731.5,333.0,358.0,449.0,380.0
92220,186500.0,731.142857143,2525.0,2512.0,2462.0,2499.66666667
92627,665300.0,731.111111111,2623.0,2769.0,2613.0,2668.33333333
95982,181800.0,731.0,274.0,277.0,239.0,263.333333333
92025,434900.0,731.0,3893.0,3766.0,3946.0,3868.33333333
94901,878500.0,730.888888889,1757.0,1854.0,1951.0,1854.0
95822,194800.0,730.875,3552.0,3590.0,3489.0,3543.66666667
90810,349300.0,730.625,5334.0,5064.0,4997.0,5131.66666667
93454,275200.0,729.727272727,6842.0,7007.0,7246.0,7031.66666667
94903,772700.0,729.714285714,829.0,828.0,838.0,831.666666667
90001,267100.0,729.666666667,7541.0,7373.0,7051.0,7321.66666667
95959,368800.0,729.5,469.0,502.0,482.0,484.333333333
95404,554600.0,729.5,284.0,319.0,347.0,316.666666667
90011,307400.0,729.285714286,15630.0,13941.0,13623.0,14398.0
92026,412100.0,729.222222222,4205.0,4377.0,4453.0,4345.0
94134,677100.0,729.0,1876.0,2089.0,2176.0,2047.0
92254,114000.0,729.0,1213.0,1309.0,1228.0,1250.0
91402,356400.0,728.8,5358.0,5088.0,4722.0,5056.0
93455,353800.0,728.75,2699.0,2970.0,3201.0,2956.66666667
90605,408100.0,728.7,3059.0,3075.0,3330.0,3154.66666667
95023,404200.0,728.6,3870.0,3971.0,3943.0,3928.0
93940,617500.0,728.5,880.0,875.0,1163.0,972.666666667
94547,457800.0,728.2,894.0,927.0,895.0,905.333333333
94565,293900.0,728.176470588,7374.0,7635.0,7519.0,7509.33333333
93022,498000.0,728.0,170.0,155.0,150.0,158.333333333
94931,437000.0,728.0,195.0,195.0,242.0,210.666666667
91601,512400.0,727.833333333,3312.0,3284.0,3086.0,3227.33333333
95123,683400.0,727.615384615,3310.0,3260.0,3238.0,3269.33333333
92253,386400.0,727.428571429,2655.0,2920.0,2906.0,2827.0
90005,685100.0,727.333333333,4654.0,5244.0,5136.0,5011.33333333
92083,366800.0,727.083333333,3501.0,3572.0,3720.0,3597.66666667
95627,205300.0,727.0,445.0,422.0,435.0,434.0
90222,257100.0,726.875,2512.0,2533.0,2329.0,2458.0
94945,692300.0,726.666666667,308.0,307.0,354.0,323.0
90201,337700.0,726.631578947,16615.0,16172.0,16002.0,16263.0
93308,173800.0,726.583333333,3495.0,3296.0,3420.0,3403.66666667
92395,171100.0,726.466666667,5621.0,5524.0,5934.0,5693.0
96094,147000.0,726.333333333,297.0,279.0,300.0,292.0
94531,360800.0,726.3,3243.0,3412.0,2690.0,3115.0
95695,263400.0,726.230769231,3670.0,3661.0,3843.0,3724.66666667
95642,257600.0,726.166666667,567.0,655.0,627.0,616.333333333
93304,127200.0,725.857142857,5719.0,5720.0,5693.0,5710.66666667
90813,321000.0,725.777777778,5901.0,5726.0,5336.0,5654.33333333
95603,340900.0,725.625,1185.0,1243.0,1254.0,1227.33333333
91978,414200.0,725.5,462.0,533.0,748.0,581.0
96161,500600.0,725.4,687.0,651.0,680.0,672.666666667
94577,469000.0,725.0,3085.0,3463.0,3701.0,3416.33333333
90221,287900.0,724.8,5632.0,6111.0,5932.0,5891.66666667
90059,261500.0,724.692307692,3954.0,4306.0,4326.0,4195.33333333
92675,643900.0,724.5,2365.0,2558.0,2772.0,2565.0
95608,430500.0,724.5,3640.0,3868.0,4091.0,3866.33333333
95614,303700.0,724.0,128.0,113.0,64.0,101.666666667
93286,134200.0,724.0,1620.0,1615.0,1623.0,1619.33333333
95237,265300.0,724.0,132.0,171.0,229.0,177.333333333
95376,314800.0,723.941176471,4849.0,5025.0,5276.0,5050.0
93041,311800.0,723.75,1491.0,1522.0,1556.0,1523.0
93307,130000.0,723.238095238,11270.0,11379.0,11550.0,11399.6666667
94589,236000.0,723.1,2278.0,2613.0,2659.0,2516.66666667
93257,143500.0,723.066666667,10005.0,10258.0,10727.0,10330.0
95321,209900.0,723.0,135.0,152.0,156.0,147.666666667
92376,251800.0,722.85,11195.0,10029.0,9797.0,10340.3333333
95336,257800.0,722.769230769,4741.0,4952.0,5078.0,4923.66666667
94112,736900.0,722.75,2832.0,2955.0,3012.0,2933.0
94603,255500.0,722.727272727,2205.0,2196.0,2935.0,2445.33333333
95050,762900.0,722.666666667,1003.0,1086.0,1034.0,1041.0
95451,204600.0,722.5,918.0,1048.0,860.0,942.0
94606,393700.0,722.285714286,1407.0,1396.0,1717.0,1506.66666667
94560,581900.0,722.230769231,2793.0,2887.0,2724.0,2801.33333333
95046,862700.0,722.0,221.0,221.0,200.0,214.0
95330,288700.0,722.0,1777.0,1877.0,1977.0,1877.0
95204,158400.0,722.0,2711.0,2784.0,2655.0,2716.66666667
93230,160900.0,721.952380952,4584.0,4566.0,5344.0,4831.33333333
95828,203800.0,721.8,4864.0,4725.0,4775.0,4788.0
93458,253900.0,721.6,5068.0,5285.0,5460.0,5271.0
93637,176400.0,721.571428571,6030.0,6313.0,6540.0,6294.33333333
93552,216300.0,721.2,5588.0,5173.0,5770.0,5510.33333333
94578,437300.0,721.0,624.0,649.0,753.0,675.333333333
93543,180300.0,721.0,1570.0,1298.0,1649.0,1505.66666667
93905,275300.0,720.857142857,7722.0,7872.0,8185.0,7926.33333333
94558,494300.0,720.631578947,4157.0,4479.0,4527.0,4387.66666667
90305,398700.0,720.5,1118.0,924.0,920.0,987.333333333
95965,154100.0,720.125,1046.0,1060.0,1082.0,1062.66666667
95490,228600.0,720.0,886.0,827.0,830.0,847.666666667
92027,367900.0,720.0,5068.0,5075.0,5148.0,5097.0
95567,264200.0,720.0,143.0,144.0,138.0,141.666666667
92867,603300.0,719.8,2441.0,2453.0,2523.0,2472.33333333
90037,348200.0,719.333333333,6138.0,5731.0,4323.0,5397.33333333
95694,311000.0,719.0,586.0,597.0,780.0,654.333333333
95916,171300.0,719.0,39.0,32.0,44.0,38.3333333333
93033,352300.0,718.722222222,10761.0,10842.0,11158.0,10920.3333333
90062,371700.0,718.5,1962.0,1894.0,1733.0,1863.0
94530,675600.0,718.0,1199.0,1203.0,1218.0,1206.66666667
93210,136300.0,718.0,1661.0,1749.0,1811.0,1740.33333333
92004,229600.0,718.0,272.0,306.0,276.0,284.666666667
92394,177100.0,718.0,621.0,607.0,604.0,610.666666667
93309,172800.0,717.538461538,5007.0,5145.0,2861.0,4337.66666667
95139,672600.0,717.5,342.0,337.0,333.0,337.333333333
92240,151000.0,717.0,4500.0,3924.0,3990.0,4138.0
94542,669000.0,717.0,198.0,196.0,198.0,197.333333333
95638,455200.0,717.0,165.0,172.0,174.0,170.333333333
93219,116000.0,717.0,1312.0,1337.0,1354.0,1334.33333333
93036,405300.0,716.818181818,5967.0,6202.0,6276.0,6148.33333333
92082,503200.0,716.714285714,1366.0,1395.0,1521.0,1427.33333333
95776,285500.0,716.5,1066.0,1018.0,1117.0,1067.0
93726,148100.0,716.428571429,5035.0,4884.0,5028.0,4982.33333333
94553,460300.0,716.25,789.0,823.0,924.0,845.333333333
95838,199200.0,716.0,3591.0,3807.0,4138.0,3845.33333333
95605,173100.0,716.0,878.0,860.0,930.0,889.333333333
91405,431500.0,715.833333333,3690.0,3623.0,3078.0,3463.66666667
92101,486800.0,715.727272727,2481.0,2703.0,2859.0,2681.0
93242,121700.0,715.666666667,392.0,385.0,407.0,394.666666667
95832,170200.0,715.5,725.0,733.0,817.0,758.333333333
96134,77700.0,715.5,271.0,282.0,265.0,272.666666667
93901,398700.0,715.25,2495.0,2563.0,2925.0,2661.0
91303,394400.0,715.166666667,2395.0,2509.0,2427.0,2443.66666667
93015,340300.0,715.0,633.0,853.0,904.0,796.666666667
93561,212400.0,715.0,1103.0,1129.0,1213.0,1148.33333333
93263,135600.0,715.0,3296.0,3244.0,3065.0,3201.66666667
93436,254400.0,714.727272727,3485.0,3452.0,3662.0,3533.0
95966,159000.0,714.727272727,3001.0,2722.0,2854.0,2859.0
95351,139200.0,714.692307692,5676.0,5610.0,5729.0,5671.66666667
95073,657000.0,714.666666667,412.0,289.0,486.0,395.666666667
94403,960600.0,714.5,1282.0,1342.0,1393.0,1339.0
90043,410600.0,714.357142857,4101.0,4207.0,4121.0,4143.0
95688,405900.0,714.222222222,1684.0,1676.0,1625.0,1661.66666667
94590,218200.0,714.0,1207.0,1471.0,1449.0,1375.66666667
93453,459600.0,714.0,87.0,76.0,95.0,86.0
93212,103900.0,713.5,1939.0,1966.0,2046.0,1983.66666667
92539,179800.0,713.5,514.0,484.0,462.0,486.666666667
95610,241500.0,713.5,1618.0,1733.0,1804.0,1718.33333333
95670,235800.0,713.461538462,3506.0,3394.0,3545.0,3481.66666667
92404,197500.0,713.3125,8508.0,9140.0,7870.0,8506.0
95817,230400.0,713.2,629.0,676.0,703.0,669.333333333
91384,468800.0,713.0,543.0,601.0,654.0,599.333333333
94806,293400.0,712.714285714,4102.0,4217.0,4344.0,4221.0
93906,321700.0,712.388888889,6556.0,6835.0,7018.0,6803.0
93618,152500.0,711.75,4659.0,4709.0,4028.0,4465.33333333
92324,212500.0,711.6,7758.0,7608.0,7368.0,7578.0
92113,303300.0,711.538461538,5064.0,5281.0,5014.0,5119.66666667
93647,128700.0,711.25,2313.0,2357.0,2426.0,2365.33333333
93648,123000.0,711.166666667,1913.0,1902.0,1934.0,1916.33333333
94063,691300.0,711.166666667,1224.0,1458.0,1457.0,1379.66666667
91401,629700.0,711.125,2992.0,3045.0,2982.0,3006.33333333
95954,160600.0,711.0,475.0,441.0,431.0,449.0
94518,521800.0,710.8,1609.0,1814.0,1852.0,1758.33333333
91107,764300.0,710.727272727,4292.0,4112.0,4169.0,4191.0
94605,401400.0,710.571428571,1738.0,1862.0,1808.0,1802.66666667
93101,794600.0,710.4,910.0,1055.0,1093.0,1019.33333333
93010,525600.0,710.181818182,1006.0,1201.0,1317.0,1174.66666667
93701,94600.0,710.166666667,2168.0,2191.0,2076.0,2145.0
95045,471600.0,710.0,327.0,329.0,326.0,327.333333333
91766,326200.0,709.933333333,6871.0,6880.0,7430.0,7060.33333333
93933,415600.0,709.666666667,1303.0,1362.0,1485.0,1383.33333333
92284,136300.0,709.4,1778.0,1665.0,1794.0,1745.66666667
95340,187400.0,709.294117647,5121.0,4993.0,4901.0,5005.0
95062,677900.0,709.0,1696.0,1718.0,1682.0,1698.66666667
93280,134500.0,708.888888889,3295.0,3462.0,3597.0,3451.33333333
91352,396600.0,708.727272727,7033.0,6856.0,6708.0,6865.66666667
90003,279900.0,708.533333333,9635.0,8797.0,8356.0,8929.33333333
94564,405100.0,708.5,1592.0,1494.0,1555.0,1547.0
90026,652100.0,708.176470588,6155.0,5981.0,5866.0,6000.66666667
95425,400200.0,708.0,611.0,640.0,668.0,639.666666667
93270,175700.0,707.5,648.0,635.0,649.0,644.0
92236,174100.0,707.4,4603.0,4686.0,4576.0,4621.66666667
95442,795000.0,707.0,121.0,100.0,109.0,110.0
93514,335000.0,707.0,611.0,655.0,653.0,639.666666667
95240,219500.0,706.692307692,3233.0,3369.0,3459.0,3353.66666667
94503,419400.0,706.666666667,531.0,731.0,863.0,708.333333333
93203,124900.0,706.5,3908.0,3829.0,3806.0,3847.66666667
92590,855000.0,706.0,1212.0,1497.0,1553.0,1420.66666667
90028,653200.0,705.75,3404.0,3504.0,3077.0,3328.33333333
93955,375500.0,705.5,2453.0,2448.0,2623.0,2508.0
92264,277100.0,705.333333333,734.0,691.0,697.0,707.333333333
94572,380500.0,705.0,255.0,289.0,347.0,297.0
93241,85800.0,704.75,1383.0,1297.0,1392.0,1357.33333333
95367,233600.0,704.5,1482.0,1608.0,1686.0,1592.0
93305,114600.0,704.285714286,2755.0,2835.0,3009.0,2866.33333333
95117,845300.0,703.666666667,411.0,452.0,470.0,444.333333333
96025,128900.0,703.5,113.0,106.0,98.0,105.666666667
91106,554400.0,703.5,929.0,943.0,974.0,948.666666667
95126,673800.0,703.5,2120.0,2175.0,2392.0,2229.0
92408,195700.0,703.0,793.0,856.0,1020.0,889.666666667
93702,88400.0,702.5,5800.0,5654.0,5654.0,5702.66666667
95363,252000.0,702.285714286,2776.0,2764.0,2955.0,2831.66666667
91411,571600.0,701.8,3504.0,3554.0,3724.0,3594.0
92405,173400.0,701.75,4259.0,4354.0,3982.0,4198.33333333
95987,177400.0,701.75,701.0,740.0,797.0,746.0
90061,289900.0,701.7,3650.0,3662.0,3381.0,3564.33333333
90044,300400.0,701.0,7145.0,6859.0,6093.0,6699.0
93703,120400.0,700.888888889,4460.0,4458.0,4387.0,4435.0
93223,114600.0,700.666666667,1214.0,1217.0,1247.0,1226.0
95691,295400.0,700.625,2606.0,2715.0,2633.0,2651.33333333
94801,236800.0,700.428571429,1768.0,1798.0,1786.0,1784.0
93030,420200.0,700.25,6136.0,6014.0,6159.0,6103.0
93268,106300.0,700.125,1417.0,1428.0,1460.0,1435.0
95823,185300.0,700.058823529,7966.0,8063.0,8267.0,8098.66666667
94019,904400.0,700.0,943.0,943.0,983.0,956.333333333
94599,760400.0,700.0,34.0,41.0,41.0,38.6666666667
95242,306700.0,699.1,2755.0,2812.0,2983.0,2850.0
95203,142900.0,698.75,1012.0,1052.0,1096.0,1053.33333333
94621,231600.0,698.615384615,2032.0,2004.0,2969.0,2335.0
92506,371000.0,698.357142857,4560.0,4711.0,4889.0,4720.0
94401,703600.0,698.25,756.0,774.0,760.0,763.333333333
96145,546300.0,698.0,363.0,358.0,295.0,338.666666667
94509,273500.0,697.058823529,4465.0,4456.0,3596.0,4172.33333333
95370,217900.0,696.428571429,818.0,859.0,908.0,861.666666667
93235,95400.0,696.0,410.0,419.0,403.0,410.666666667
92356,112300.0,695.5,501.0,353.0,353.0,402.333333333
95316,236400.0,695.4,550.0,457.0,466.0,491.0
91906,227300.0,695.0,175.0,189.0,207.0,190.333333333
93434,205600.0,695.0,825.0,838.0,792.0,818.333333333
91746,374500.0,694.75,2920.0,2726.0,2859.0,2835.0
93510,486100.0,694.666666667,277.0,303.0,310.0,296.666666667
95215,121900.0,694.25,3113.0,3170.0,3065.0,3116.0
90248,404200.0,694.25,1844.0,1676.0,1636.0,1718.66666667
93291,192700.0,692.5,5063.0,5194.0,5176.0,5144.33333333
94124,610100.0,692.428571429,1094.0,1038.0,1024.0,1052.0
95037,779500.0,692.3,2020.0,1952.0,1869.0,1947.0
96143,362100.0,692.0,49.0,55.0,83.0,62.3333333333
90640,422000.0,691.916666667,9714.0,8970.0,9184.0,9289.33333333
92553,222100.0,691.736842105,8773.0,8324.0,8871.0,8656.0
92084,447300.0,691.111111111,3258.0,3432.0,3534.0,3408.0
95131,706700.0,690.8,947.0,818.0,1145.0,970.0
91767,331600.0,690.785714286,4569.0,4425.0,4548.0,4514.0
95076,421400.0,689.538461538,8772.0,9133.0,9493.0,9132.66666667
95470,367300.0,689.0,261.0,287.0,276.0,274.666666667
95685,275600.0,687.75,285.0,340.0,314.0,313.0
93728,130500.0,687.6,1453.0,1515.0,1516.0,1494.66666667
93256,109900.0,687.0,677.0,744.0,770.0,730.333333333
93234,125400.0,686.0,813.0,835.0,840.0,829.333333333
93638,138300.0,685.6875,5467.0,5683.0,5850.0,5666.66666667
93660,118100.0,685.0,551.0,579.0,579.0,569.666666667
92231,174300.0,684.727272727,4523.0,5800.0,5945.0,5422.66666667
93535,172700.0,684.142857143,6953.0,6330.0,7435.0,6906.0
93927,198000.0,684.0,2455.0,2582.0,2748.0,2595.0
94612,442700.0,683.0,758.0,601.0,807.0,722.0
92314,200600.0,683.0,289.0,356.0,374.0,339.666666667
90047,328200.0,681.818181818,3913.0,3730.0,3427.0,3690.0
94559,469800.0,679.8,793.0,846.0,844.0,827.666666667
93907,385200.0,679.666666667,1335.0,1468.0,1464.0,1422.33333333
90033,340200.0,679.611111111,7334.0,6953.0,6682.0,6989.66666667
93513,181000.0,679.5,91.0,86.0,104.0,93.6666666667
94520,339000.0,679.4,1876.0,1991.0,1976.0,1947.66666667
94804,299900.0,679.333333333,3283.0,3296.0,3294.0,3291.0
95655,301600.0,679.0,177.0,195.0,191.0,187.666666667
95628,417000.0,678.888888889,1666.0,1847.0,1919.0,1810.66666667
93505,85800.0,678.25,971.0,930.0,957.0,952.666666667
94805,390700.0,677.0,1050.0,1077.0,1070.0,1065.66666667
94020,883000.0,677.0,52.0,36.0,11.0,33.0
93706,101700.0,676.416666667,6330.0,6448.0,6724.0,6500.66666667
95380,198100.0,676.333333333,3351.0,3289.0,3405.0,3348.33333333
90063,318500.0,674.5,6554.0,6867.0,6630.0,6683.66666667
94037,931200.0,674.0,106.0,116.0,100.0,107.333333333
95501,216800.0,672.833333333,1238.0,1132.0,1108.0,1159.33333333
90008,548600.0,671.571428571,2071.0,2079.0,2035.0,2061.66666667
95492,483600.0,671.166666667,1512.0,1566.0,1783.0,1620.33333333
95540,244000.0,671.0,617.0,620.0,853.0,696.666666667
95482,284700.0,670.714285714,2678.0,2750.0,2848.0,2758.66666667
96137,313500.0,670.333333333,107.0,107.0,136.0,116.666666667
94541,436400.0,670.25,3258.0,3363.0,3404.0,3341.66666667
93550,180500.0,668.928571429,6842.0,6604.0,7086.0,6844.0
93292,179400.0,668.846153846,3117.0,3047.0,3004.0,3056.0
93301,162500.0,668.125,2203.0,2289.0,2215.0,2235.66666667
95422,102200.0,667.666666667,686.0,717.0,732.0,711.666666667
95620,333400.0,667.666666667,1215.0,1354.0,1455.0,1341.33333333
93250,129100.0,667.4,2222.0,2273.0,2296.0,2263.66666667
95206,174900.0,666.666666667,9010.0,9340.0,9350.0,9233.33333333
90017,497200.0,661.0,3903.0,3783.0,3565.0,3750.33333333
92325,165100.0,660.5,255.0,216.0,235.0,235.333333333
90002,254500.0,658.363636364,4896.0,4298.0,4314.0,4502.66666667
92582,234000.0,656.75,694.0,638.0,697.0,676.333333333
94544,443000.0,655.083333333,3219.0,3283.0,3121.0,3207.66666667
91962,305100.0,655.0,168.0,171.0,174.0,171.0
94609,667700.0,653.6,372.0,408.0,558.0,446.0
95476,591300.0,650.4,1769.0,1817.0,1877.0,1821.0
95255,148900.0,648.0,48.0,49.0,40.0,45.6666666667
93204,102700.0,647.25,1487.0,1579.0,1609.0,1558.33333333
93534,153200.0,646.875,2880.0,2317.0,2103.0,2433.33333333
95249,177700.0,646.6,441.0,521.0,610.0,524.0
92121,515300.0,642.0,738.0,828.0,813.0,793.0
95205,106800.0,641.666666667,3361.0,3427.0,3552.0,3446.66666667
92344,241700.0,640.5,930.0,1079.0,1085.0,1031.33333333
93247,136200.0,637.4,2270.0,1874.0,1917.0,2020.33333333
93926,255300.0,636.75,1435.0,1463.0,1542.0,1480.0
94704,790100.0,631.333333333,870.0,748.0,725.0,781.0
93501,75300.0,627.5,433.0,413.0,409.0,418.333333333
92225,122000.0,620.6,1439.0,1416.0,1409.0,1421.33333333
95619,242000.0,620.0,22.0,21.0,29.0,24.0
93560,159300.0,620.0,1458.0,1486.0,1542.0,1495.33333333
94519,414900.0,610.4,362.0,422.0,420.0,401.333333333
90056,906900.0,607.0,111.0,174.0,118.0,134.333333333
95423,150500.0,567.5,145.0,142.0,121.0,136.0
94102,783000.0,564.0,212.0,242.0,239.0,231.0
95602,376900.0,545.0,54.0,37.0,49.0,46.6666666667
