Zip,zindex,hi_avg_w,hi_num11,hi_num12,hi_num13,hi_num_avg,,zindex rank,avg_w rank,,,,
90001,267100,736,6997,6956,6504,6819,,282,299,,,,
90002,254500,674.1818182,3876,3539,3452,3622.333333,,253,31,,pearson's correl,,0.409162026
90003,279900,718.8666667,8647,7615,7442,7901.333333,,304.5,183,,spearman's correl,,0.429339
90004,1094300,779.6666667,3174,3161,3064,3133,,1047,685,,rho,,0
90005,685100,705.7777778,3903,4042,4087,4010.666667,,878,107,,n,,1130
90006,511800,759.2857143,3641,3501,3367,3503,,702,509,,df,,1128
90007,491200,755,8549,8461,8404,8471.333333,,676,470,,sr,,0.026890704
90008,548600,686,894,875,884,884.3333333,,747,52.5,,t,,15.96607523
90010,741000,729,718,830,873,807,,923,259.5,,alpha,,0.05
90011,307400,732.8928571,15039,13578,13153,13923.33333,,349,278,,t-crit,,1.962069282
90012,408700,800,1660,1758,1744,1720.666667,,527,826,,p-value,,6.8357E-52
90015,571300,795.5,1886,1861,1901,1882.666667,,763,806,,,,
90016,431100,755.75,2044,2109,2167,2106.666667,,575,479,,,,
90017,497200,661.4444444,3944,3693,3642,3759.666667,,684,18,,,,
90018,427700,738.7272727,3397,3263,3176,3278.666667,,569,328,,,,
90019,807000,744,3908,3658,3464,3676.666667,,968,373.5,,,,
90022,336600,762.5384615,7710,7653,7765,7709.333333,,399,534,,,,
90023,316700,757.6923077,7754,7455,7204,7471,,360,502,,,,
90024,986200,795,472,428,366,422,,1023,803.5,,,,
90025,751100,813.4,1305,1153,1198,1218.666667,,930,890.5,,,,
90026,652100,701.7058824,5724,5480,5374,5526,,838,94,,,,
90027,1163200,770.75,1813,1470,1408,1563.666667,,1055,604,,,,
90028,653200,696.875,3221,2971,2684,2958.666667,,840.5,80,,,,
90029,659100,767.75,1976,1932,1848,1918.666667,,849,577,,,,
90031,404900,728.5714286,4134,4015,3671,3940,,516,256,,,,
90032,376600,737,5634,5240,5120,5331.333333,,461,308,,,,
90033,340200,678.2777778,7195,6800,6319,6771.333333,,407,39,,,,
90034,847800,775.2222222,2631,2603,2603,2612.333333,,986,645,,,,
90035,1059500,839.6666667,526,550,597,557.6666667,,1041,985,,,,
90036,1300000,729,137,141,150,142.6666667,,1080,259.5,,,,
90037,348200,728.1666667,4723,4805,3792,4440,,419,253,,,,
90038,686200,747.25,1903,1796,1699,1799.333333,,879,400,,,,
90039,705900,818.4,852,840,775,822.3333333,,896,909.5,,,,
90040,331600,766,997,999,1038,1011.333333,,389.5,562,,,,
90041,652000,824.4444444,3190,2803,2819,2937.333333,,837,925,,,,
90042,513700,748.8461538,5183,4751,4550,4828,,705,419,,,,
90043,410600,734.9,1700,1813,1930,1814.333333,,530,291,,,,
90044,300400,709.1666667,5513,5378,4958,5283,,334,129.5,,,,
90045,815900,816.1428571,770,818,805,797.6666667,,971,899,,,,
90046,1121600,784.5,1309,1372,1399,1360,,1051,727.5,,,,
90047,328200,705.4545455,1828,1802,1790,1806.666667,,384.5,105,,,,
90048,1203500,782,170,162,144,158.6666667,,1066,702.5,,,,
90049,2300200,861.5,1094,1074,1063,1077,,1118,1058,,,,
90059,261500,743.3076923,2735,2882,3064,2893.666667,,268,369,,,,
90061,289900,715.2,2632,2708,2515,2618.333333,,317,164,,,,
90062,371700,735.75,1325,1228,1152,1235,,452,296,,,,
90063,318500,674.0625,6991,6920,6731,6880.666667,,363.5,30,,,,
90064,1083800,787.75,637,627,608,624,,1044,748,,,,
90065,599100,784.4166667,3534,3504,3337,3458.333333,,792,726,,,,
90066,986400,760.5833333,3285,3042,2955,3094,,1024,521,,,,
90068,1164000,794,51,51,52,51.33333333,,1056,798,,,,
90069,737800,876,61,60,49,56.66666667,,921,1084.5,,,,
90201,337700,727.3157895,16787,16419,16267,16491,,402,245,,,,
90210,4140800,895.5,48,45,49,47.33333333,,1129,1112,,,,
90211,1635800,904,24,36,40,33.33333333,,1106,1116,,,,
90212,1859400,850,95,130,124,116.3333333,,1109,1026.5,,,,
90220,269200,755.5,4570,4580,4473,4541,,285,476.5,,,,
90221,287900,727.2,5294,5592,5719,5535,,315,240,,,,
90222,257100,728.875,2168,2073,2023,2088,,260,257,,,,
90230,639800,802.1111111,2184,2131,2039,2118,,823,835,,,,
90232,913100,820.5,382,387,376,381.6666667,,1004,915,,,,
90240,485500,835.5,2441,2377,2409,2409,,664,973.5,,,,
90241,488300,762.5714286,7348,7396,7619,7454.333333,,673,535,,,,
90242,414700,790.3,4853,4817,4782,4817.333333,,540,769,,,,
90245,846600,854,614,523,579,572,,985,1037.5,,,,
90247,390100,775.5714286,2746,2815,2786,2782.333333,,485,649,,,,
90248,404200,712.75,1510,1287,1252,1349.666667,,513.5,146,,,,
90249,415200,853.3333333,354,385,403,380.6666667,,542,1035,,,,
90250,467300,763.625,5555,5791,5845,5730.333333,,634,548,,,,
90254,1258900,873,90,61,87,79.33333333,,1072,1079,,,,
90255,334400,749.2666667,12498,11921,10016,11478.33333,,395,426,,,,
90260,430300,764.4166667,5453,5601,5705,5586.333333,,573,550,,,,
90262,304300,738,10498,9907,9964,10123,,344,320.5,,,,
90265,2423500,854.75,177,188,182,182.3333333,,1122,1041,,,,
90266,1856800,920.5714286,531,565,613,569.6666667,,1108,1125,,,,
90270,371400,786.6,2677,2692,2645,2671.333333,,450,738.5,,,,
90272,2342000,831,615,595,576,595.3333333,,1120,953.5,,,,
90274,1632700,887.1428571,403,434,460,432.3333333,,1105,1100,,,,
90275,1158900,863,1463,1554,1596,1537.666667,,1054,1062.5,,,,
90277,918300,860,745,735,751,743.6666667,,1005,1053,,,,
90278,781000,866.4,382,391,402,391.6666667,,953,1071,,,,
90280,332800,740.6190476,15580,15201,14311,15030.66667,,392.5,346,,,,
90290,1100900,941,19,18,13,16.66666667,,1048,1129,,,,
90291,1373800,834,549,548,564,553.6666667,,1087,965,,,,
90292,821800,767,258,238,229,241.6666667,,975,570,,,,
90293,541700,849,103,107,106,105.3333333,,737,1020,,,,
90301,321600,764.25,3013,2812,2831,2885.333333,,370,549,,,,
90302,319500,802,931,900,918,916.3333333,,365,833.5,,,,
90303,404000,768,2086,1975,1937,1999.333333,,512,580.5,,,,
90305,398700,741.3333333,389,439,460,429.3333333,,497.5,351,,,,
90402,3064100,930,27,20,19,22,,1128,1127,,,,
90403,958100,865.6666667,306,285,296,295.6666667,,1017,1070,,,,
90404,726000,842.5,324,317,308,316.3333333,,909,996.5,,,,
90405,1171700,782.8,1782,1742,1628,1717.333333,,1058,711,,,,
90501,545800,747,1395,1423,1577,1465,,741,394,,,,
90502,371800,753,607,593,598,599.3333333,,453,454,,,,
90503,738500,832.25,977,1014,1083,1024.666667,,922,959,,,,
90504,579000,810.875,1494,1558,1556,1536,,775,878,,,,
90505,812100,841.1428571,603,628,689,640,,970,994,,,,
90601,432600,793.5714286,4112,3964,4005,4027,,578,793.5,,,,
90602,448600,813,585,562,552,566.3333333,,609,888,,,,
90603,480800,879.6666667,509,572,637,572.6666667,,657,1092,,,,
90604,443500,804.9230769,5907,5891,5949,5915.666667,,595,848,,,,
90605,408100,744.7,4181,4240,4717,4379.333333,,525,378,,,,
90606,382400,784.625,3591,3586,3541,3572.666667,,474.5,729,,,,
90620,455700,823.5,1784,1812,1864,1820,,616.5,923,,,,
90621,467200,767,2498,2543,2489,2510,,633,570,,,,
90623,629200,813.6,1257,1306,1270,1277.666667,,817,892,,,,
90630,539800,848.375,1436,1528,1516,1493.333333,,735,1017,,,,
90631,469300,793,5850,5766,5786,5800.666667,,639,783.5,,,,
90638,466100,827.7,3095,3163,3221,3159.666667,,630,938,,,,
90640,422000,695.4166667,10550,10018,9694,10087.33333,,555,75,,,,
90650,375800,788,10071,9743,9607,9807,,460,752,,,,
90660,370700,770.7857143,7361,7200,7018,7193,,448,605,,,,
90670,403500,821.8,3572,3501,3427,3500,,511,917,,,,
90680,397700,738,525,510,534,523,,496,320.5,,,,
90701,443400,802.5,1017,1011,1047,1025,,594,836.5,,,,
90703,634800,801.5555556,2607,2717,2881,2735,,822,832,,,,
90704,576600,747,330,336,342,336,,771,394,,,,
90706,401700,749.875,3825,3801,3699,3775,,508,429,,,,
90710,472800,760.5,2248,2159,2064,2157,,645,519.5,,,,
90712,468900,810.125,1612,1587,1545,1581.333333,,637,875,,,,
90713,484900,782.2857143,3743,3624,3585,3650.666667,,663,707,,,,
90715,415400,778.4,1614,1659,1652,1641.666667,,543,674,,,,
90716,324100,738,948,914,895,919,,376,320.5,,,,
90717,570100,814,1788,1729,1695,1737.333333,,761,894,,,,
90720,797000,910.375,1353,1451,1552,1452,,963,1120,,,,
90723,321000,786.6428571,8832,8906,8953,8897,,368.5,741,,,,
90731,496200,760.0769231,5039,4802,4764,4868.333333,,682,515,,,,
90732,552500,852.75,656,663,655,658,,750,1034,,,,
90740,809300,859,66,71,79,72,,969,1051,,,,
90744,372200,775.6,7430,6986,6119,6845,,455,650,,,,
90745,400900,747.9090909,4547,4047,3613,4069,,503,407,,,,
90746,442000,789.4285714,770,770,795,778.3333333,,591,762,,,,
90755,406800,800.3333333,628,644,754,675.3333333,,522,828,,,,
90802,278200,777.75,1601,1663,1759,1674.333333,,301,668.5,,,,
90803,791800,849.2,454,428,444,442,,959,1021,,,,
90804,399100,763.2,2776,2782,2812,2790,,500,543,,,,
90805,345800,744.6923077,6796,6642,6692,6710,,417,377,,,,
90806,422800,785.25,1348,1427,1452,1409,,557,733,,,,
90807,515000,808.75,1034,1075,1048,1052.333333,,707,869,,,,
90808,567700,813.375,2141,1977,2048,2055.333333,,758,889,,,,
90810,349300,726.125,3849,3792,3773,3804.666667,,421,229,,,,
90813,321000,724.5555556,4025,4112,4188,4108.333333,,368.5,219,,,,
90814,642700,827,368,394,415,392.3333333,,827,935,,,,
90815,572700,812.75,3371,3461,3238,3356.666667,,765.5,886,,,,
91001,650900,753.1428571,1050,1034,1064,1049.333333,,836,457,,,,
91006,1031300,846.6,795,767,770,777.3333333,,1037,1014,,,,
91007,1126100,851.1666667,538,593,611,580.6666667,,1052,1031,,,,
91010,429800,748.875,2139,2076,2046,2087,,572,420,,,,
91011,1435500,922.5,289,312,313,304.6666667,,1095,1126,,,,
91016,560300,762.1,2455,2537,2534,2508.666667,,755,531,,,,
91024,828200,862,269,262,264,265,,978,1059,,,,
91030,851900,853.4,687,771,816,758,,987,1036,,,,
91040,462100,804.6666667,874,870,877,873.6666667,,626,846,,,,
91042,474400,742.2,1203,1070,978,1083.666667,,650,358,,,,
91101,452600,777,444,488,485,472.3333333,,612,660.5,,,,
91103,581100,742.6,1636,1575,1506,1572.333333,,776,363.5,,,,
91104,648700,773.25,1609,1639,1637,1628.333333,,833,627,,,,
91105,1021400,753,123,135,120,126,,1033,454,,,,
91106,554400,709,784,746,746,758.6666667,,751,127.5,,,,
91107,764300,719.9090909,3322,3449,3488,3419.666667,,938,188,,,,
91108,2134200,890.25,195,214,233,214,,1115,1104,,,,
91201,645700,806.3333333,226,245,245,238.6666667,,830,860,,,,
91202,655700,802.6666667,634,636,610,626.6666667,,844,838,,,,
91203,411500,833,96,82,99,92.33333333,,531,962.5,,,,
91204,424600,788,250,258,278,262,,564,752,,,,
91205,508400,790.4,1294,1308,1357,1319.666667,,697,770.5,,,,
91206,657400,751.6,875,909,875,886.3333333,,847,443,,,,
91208,817600,877.5,119,141,158,139.3333333,,973,1088,,,,
91214,702100,850.5,773,753,785,770.3333333,,891,1029.5,,,,
91301,753500,855.8333333,327,353,364,348,,932,1043,,,,
91302,1308000,837.2857143,332,332,367,343.6666667,,1081,978,,,,
91303,394400,709.1666667,2371,2361,2412,2381.333333,,491,129.5,,,,
91304,528800,788.6,1375,1303,1306,1328,,721,759,,,,
91306,448200,769.7142857,2697,2773,2666,2712,,608,593,,,,
91307,572700,862.25,321,307,277,301.6666667,,765.5,1061,,,,
91311,532200,747.1428571,2349,2322,2211,2294,,724,398,,,,
91316,534800,840,287,302,301,296.6666667,,730,990,,,,
91320,614200,757.6666667,1106,1083,1067,1085.333333,,808,500,,,,
91321,407200,808.6666667,3269,3444,3535,3416,,523,868,,,,
91324,508200,829.25,1396,1418,1484,1432.666667,,696,946,,,,
91325,586700,811.5,2896,2856,2894,2882,,782,882,,,,
91326,676100,872.6666667,244,241,291,258.6666667,,867,1078,,,,
91331,357500,750.6666667,9228,9001,8835,9021.333333,,430,436,,,,
91335,422400,768.7894737,6183,5854,5795,5944,,556,588,,,,
91340,345700,737.7,7159,6853,6408,6806.666667,,416,317,,,,
91342,404800,772.6470588,8578,7989,7375,7980.666667,,515,623,,,,
91343,456200,754.7857143,6682,6542,6681,6635,,618,466,,,,
91344,523800,802.9230769,6785,6538,6459,6594,,716,840,,,,
91345,419000,778,357,353,372,360.6666667,,549,671.5,,,,
91350,456400,794.4444444,1285,1318,1343,1315.333333,,619,800,,,,
91351,399000,775.6666667,3097,3176,3224,3165.666667,,499,652,,,,
91352,396600,710.2727273,6959,6538,6382,6626.333333,,494,135,,,,
91354,496900,865.2,788,872,856,838.6666667,,683,1069,,,,
91355,464500,827.5555556,1153,1129,1295,1192.333333,,629,937,,,,
91356,834400,817.25,835,858,820,837.6666667,,981,904,,,,
91360,602000,791.7777778,1072,1214,1268,1184.666667,,793,778,,,,
91361,866800,881,67,61,61,63,,993,1093,,,,
91362,719600,811,1013,1045,1046,1034.666667,,904,880.5,,,,
91364,766500,783.5714286,947,851,874,890.6666667,,940,717,,,,
91367,625800,789,2009,1961,2003,1991,,815,760,,,,
91377,692300,905,147,166,203,172,,883.5,1118,,,,
91384,468800,766.4,799,932,936,889,,636,566.5,,,,
91387,446100,805,744,739,648,710.3333333,,600,851,,,,
91390,548800,755,55,50,51,52,,749,470,,,,
91401,629700,685.1428571,2409,2280,2241,2310,,819,49,,,,
91402,356400,723.7,5196,4878,4629,4901,,426,216,,,,
91403,842500,845,167,173,164,168,,982,1006.5,,,,
91405,431500,712.3333333,3322,3249,3051,3207.333333,,577,144,,,,
91406,453400,757.3846154,5118,5050,5174,5114,,613,497,,,,
91411,571600,683,3063,2998,3007,3022.666667,,764,44,,,,
91423,821000,828,869,887,863,873,,974,941,,,,
91436,1336400,883.5,92,99,83,91.33333333,,1086,1095,,,,
91501,650500,857,157,172,148,159,,835,1046.5,,,,
91502,445800,781,540,525,492,519,,597.5,695,,,,
91504,646700,831,593,581,558,577.3333333,,831,953.5,,,,
91505,615100,831.8,1100,1115,1140,1118.333333,,809,956,,,,
91506,640600,743.5,2010,1958,2084,2017.333333,,824,370,,,,
91601,512400,723.8333333,3038,2913,2767,2906,,703,217,,,,
91602,680600,729.3333333,959,894,871,908,,873,264,,,,
91604,1017400,858,53,46,47,48.66666667,,1032,1049,,,,
91605,423200,761.875,3125,3156,3132,3137.666667,,558.5,527,,,,
91606,452000,793.4,2962,2794,2481,2745.666667,,610.5,789.5,,,,
91607,702200,879,243,245,256,248,,892,1091,,,,
91701,470000,845.9,3139,3255,3386,3260,,642,1011,,,,
91702,366600,748.5714286,5569,5299,5181,5349.666667,,443,417,,,,
91706,361100,761.4,10124,9826,9589,9846.333333,,436.5,524,,,,
91708,423500,888,272,290,269,277,,561,1101,,,,
91709,584100,846.2142857,3851,3886,3976,3904.333333,,779,1013,,,,
91710,408200,766.4,7531,7430,7379,7446.666667,,526,566.5,,,,
91711,597300,817.2727273,1902,1947,1964,1937.666667,,788,905,,,,
91722,401500,748.2222222,3841,3769,3603,3737.666667,,507,412,,,,
91723,436100,781.3333333,3602,3630,3532,3588,,585,698,,,,
91724,481800,793.4,2127,2116,2064,2102.333333,,658,789.5,,,,
91730,364200,811.8181818,2955,2926,2886,2922.333333,,441,883,,,,
91731,402300,755.8333333,3007,2957,2991,2985,,509,480,,,,
91732,414100,727.4444444,8764,8688,8549,8667,,536,249,,,,
91733,395300,765,3751,3705,3612,3689.333333,,492,553.5,,,,
91737,544700,845.6,1334,1372,1432,1379.333333,,738,1010,,,,
91739,547600,868.2222222,3258,3421,3498,3392.333333,,744,1073,,,,
91740,447100,795,722,750,759,743.6666667,,602,803.5,,,,
91741,586600,847.3333333,1634,1743,1809,1728.666667,,781,1015,,,,
91744,371600,772.32,10665,10428,10082,10391.66667,,451,620,,,,
91745,578900,813.4,4866,4872,4900,4879.333333,,774,890.5,,,,
91746,374500,696,3118,2914,2917,2983,,458,77,,,,
91748,562900,766,1939,1977,1925,1947,,756,562,,,,
91750,540200,877.3333333,1004,995,1046,1015,,736,1086.5,,,,
91752,405200,759.25,2283,2290,2238,2270.333333,,518.5,508,,,,
91754,546500,755.4285714,1569,1610,1639,1606,,743,475,,,,
91755,545500,767,980,957,954,963.6666667,,740,570,,,,
91761,357500,783.1818182,4996,5006,5001,5001,,430,715,,,,
91762,325400,757,8530,8362,8388,8426.666667,,380,492,,,,
91763,332800,748.3636364,5846,5847,5940,5877.666667,,392.5,413,,,,
91764,302100,741.0909091,4185,4340,4401,4308.666667,,338.5,349,,,,
91765,624600,830,1779,1905,1945,1876.333333,,813,949,,,,
91766,326200,711.7333333,6965,6995,7324,7094.666667,,381,141,,,,
91767,331600,694.4285714,4266,4161,4203,4210,,389.5,72,,,,
91768,319900,755.2222222,4087,4057,3637,3927,,366,473,,,,
91770,490600,754.2142857,3197,3077,3023,3099,,675,462,,,,
91773,518300,827.4,2235,2205,2270,2236.666667,,712,936,,,,
91775,753000,834.5,378,409,380,389,,931,968.5,,,,
91776,556900,713.2857143,2129,2179,2212,2173.333333,,754,148,,,,
91780,654900,809.5,887,905,939,910.3333333,,842,871,,,,
91784,586900,890.6666667,672,675,676,674.3333333,,783,1105.5,,,,
91786,402400,791.4,3082,3068,3148,3099.333333,,510,776,,,,
91789,699700,844.8,2016,2038,2102,2052,,888,1005,,,,
91790,446000,830.1,3209,3343,3514,3355.333333,,599,951,,,,
91791,517900,816.7777778,3325,3286,3198,3269.666667,,711,902,,,,
91792,435700,755,871,891,891,884.3333333,,581,470,,,,
91801,539300,730.7777778,2832,2803,2840,2825,,734,271,,,,
91803,548300,786,1188,1212,1207,1202.333333,,746,737,,,,
91901,487200,806,250,276,251,259,,671,856.5,,,,
91902,529400,832,399,412,421,410.6666667,,722,957.5,,,,
91906,227300,678,86,80,104,90,,208,37.5,,,,
91910,400100,817.1875,7804,7646,7885,7778.333333,,501,903,,,,
91911,372300,785.5,8384,8444,8310,8379.333333,,456,736,,,,
91913,457300,830.6363636,4568,4598,4804,4656.666667,,620,952,,,,
91914,609900,871.5,1652,1658,1731,1680.333333,,800,1076,,,,
91915,453700,831.75,1800,1989,2132,1973.666667,,614,955,,,,
91916,354200,865,27,37,26,30,,424,1067,,,,
91932,382600,721.8333333,1924,1842,1891,1885.666667,,476,207,,,,
91935,602900,763.25,313,281,287,293.6666667,,794,544,,,,
91941,514100,795.4,2048,2177,2226,2150.333333,,706,805,,,,
91942,414000,848.75,595,535,552,560.6666667,,535,1019,,,,
91945,348000,781.4,980,973,1374,1109,,418,699,,,,
91950,317600,776.5384615,5150,5406,5472,5342.666667,,362,657,,,,
91962,305100,642,121,129,119,123,,346,9,,,,
91977,359000,761.8333333,3538,3464,3460,3487.333333,,433,526,,,,
91978,414200,741.5,525,602,685,604,,537,352.5,,,,
92004,229600,706.3333333,259,275,249,261,,214,115,,,,
92007,860900,835,91,85,83,86.33333333,,991,970.5,,,,
92008,718500,794.1,1659,1697,1701,1685.666667,,902,799,,,,
92009,736500,859.8,846,830,795,823.6666667,,919,1052,,,,
92011,767800,825,153,156,165,158,,942,928,,,,
92014,1606500,836.5,45,46,52,47.66666667,,1102,976,,,,
92019,435900,798.5454545,2060,2081,2081,2074,,583.5,816,,,,
92020,416600,784.0769231,2037,2134,2146,2105.666667,,545,721,,,,
92021,382400,768.6,1770,1683,1673,1708.666667,,474.5,586,,,,
92024,803000,788.5,1030,1051,1091,1057.333333,,965,758,,,,
92025,434900,732.7272727,3792,3694,3798,3761.333333,,580,276,,,,
92026,412100,736.4444444,4242,4346,4339,4309,,532,303.5,,,,
92027,367900,721.3333333,4904,4861,4877,4880.666667,,446,202.5,,,,
92028,487100,734.0909091,3055,3016,3008,3026.333333,,669.5,286,,,,
92029,630500,828,77,79,93,83,,820,941,,,,
92036,293500,738.25,350,360,413,374.3333333,,325,323.5,,,,
92037,1282800,877.6,820,795,744,786.3333333,,1078,1089,,,,
92040,408900,769,972,990,1085,1015.666667,,528,589.5,,,,
92056,412800,763.5,1627,1761,1793,1727,,533,546.5,,,,
92057,382000,768.7272727,4067,4208,4306,4193.666667,,472,587,,,,
92058,386200,770.125,1840,1854,1872,1855.333333,,478,600,,,,
92061,480700,773,129,129,147,135,,656,625.5,,,,
92064,606400,816.3,1256,1321,1437,1338,,797,900,,,,
92065,433000,769.4444444,1407,1378,1404,1396.333333,,579,592,,,,
92067,2737100,911,94,88,82,88,,1125,1121,,,,
92069,435800,793,3898,3982,3988,3956,,582,783.5,,,,
92071,396000,822.3,1330,1383,1443,1385.333333,,493,921,,,,
92075,1172600,771.6666667,207,225,237,223,,1059,616.5,,,,
92078,502000,797.625,1753,1812,1969,1844.666667,,692,812,,,,
92081,466600,771.6666667,1514,1536,1541,1530.333333,,631,616.5,,,,
92082,503200,783.6,1104,1103,1134,1113.666667,,694,718,,,,
92083,366800,724.9166667,3483,3506,3556,3515,,444,221,,,,
92084,447300,725.375,3164,3344,3419,3309,,603,226,,,,
92101,486800,709.1818182,1956,2136,2207,2099.666667,,667,131,,,,
92102,363200,754.0588235,3495,3654,3757,3635.333333,,439,461,,,,
92103,611200,818.4,808,937,1003,916,,804,909.5,,,,
92104,478800,817.6666667,585,569,593,582.3333333,,653.5,907,,,,
92105,318500,726.7142857,3782,3796,3813,3797,,363.5,235,,,,
92106,925700,776.1,1684,1656,1719,1686.333333,,1009,655,,,,
92107,766900,849.75,487,489,480,485.3333333,,941,1024,,,,
92109,718700,790.8571429,1530,1407,1303,1413.333333,,903,773,,,,
92110,503000,830,389,379,383,383.6666667,,693,949,,,,
92111,474300,721.625,1889,1859,1874,1874,,649,205,,,,
92113,303300,709.6923077,4274,4511,4405,4396.666667,,342,134,,,,
92114,342000,737.5384615,2467,2460,2536,2487.666667,,411,315,,,,
92115,397100,747.6363636,2634,2676,2911,2740.333333,,495,403,,,,
92116,461600,787,515,497,502,504.6666667,,625,744,,,,
92117,513200,754.5,2849,2753,2709,2770.333333,,704,464.5,,,,
92118,1424100,863.75,375,376,410,387,,1092,1064,,,,
92119,487000,839,652,604,601,619,,668,983.5,,,,
92120,506600,834.5,1213,1207,1196,1205.333333,,695,968.5,,,,
92121,515300,636.5,518,596,611,575,,708,6,,,,
92122,589500,825.8,1157,1106,1136,1133,,784,931.5,,,,
92123,466800,813.8571429,603,527,527,552.3333333,,632,893,,,,
92124,545000,800,1650,1608,1582,1613.333333,,739,826,,,,
92126,461200,821.5555556,1412,1380,1371,1387.666667,,624,916,,,,
92127,683300,875.125,461,530,509,500,,876,1082,,,,
92128,526900,837.8333333,457,502,566,508.3333333,,718,980,,,,
92129,652300,856.75,805,828,882,838.3333333,,839,1045,,,,
92130,896100,888.2727273,484,529,607,540,,1000,1102,,,,
92131,671500,857.7142857,770,740,707,739,,860,1048,,,,
92139,341000,782.7142857,1585,1560,1562,1569,,410,710,,,,
92154,357500,772.375,8810,8674,8652,8712,,430,621,,,,
92173,327700,775.6666667,2991,2964,3110,3021.666667,,383,652,,,,
92201,198700,759.1666667,8476,8466,8618,8520,,168,507,,,,
92203,294400,806,929,1046,1055,1010,,327,856.5,,,,
92210,701500,867,170,186,199,185,,890,1072,,,,
92211,325000,807,266,300,316,294,,379,863,,,,
92220,186500,766.3333333,1774,1779,1733,1762,,149,565,,,,
92223,259100,807.3333333,2899,2967,3102,2989.333333,,264,864,,,,
92225,122000,627.6,1240,1237,1252,1243,,38,3,,,,
92227,147200,755.5555556,3538,3599,3611,3582.666667,,75,478,,,,
92231,174300,687.1818182,5799,5757,5891,5815.666667,,123,56,,,,
92234,231100,745.7777778,5672,5734,5580,5662,,218,387,,,,
92236,174100,711.6,4727,4801,4979,4835.666667,,122,140,,,,
92240,151000,714.5714286,3635,3188,3208,3343.666667,,80,160,,,,
92243,159400,747.05,7653,7672,7952,7759,,95,397,,,,
92249,160800,822,842,842,874,852.6666667,,97,919,,,,
92250,143600,734.5,1022,986,982,996.6666667,,70,289,,,,
92251,188600,776.6,2047,2084,2170,2100.333333,,152,658,,,,
92252,101800,777.5,106,102,90,99.33333333,,13,663.5,,,,
92253,386400,736.2857143,2971,2966,3082,3006.333333,,479,302,,,,
92254,114000,728.5,1203,1293,1285,1260.333333,,23,255,,,,
92256,112600,780,29,33,31,31,,22,691,,,,
92260,321800,825.8,1688,1751,1829,1756,,372,931.5,,,,
92262,312700,764.5,1737,1784,1798,1773,,356,551,,,,
92264,277100,688,564,540,549,551,,298.5,59,,,,
92270,482600,806,195,180,170,181.6666667,,660,856.5,,,,
92276,158500,762,340,335,331,335.3333333,,91,529,,,,
92277,93200,788.2857143,651,670,638,653,,8,757,,,,
92284,136300,739.5,739,723,791,751,,61.5,334,,,,
92285,70400,747,49,38,37,41.33333333,,1,394,,,,
92307,200400,782.8571429,1846,1880,1792,1839.333333,,171,712,,,,
92308,176100,746.8571429,1763,1923,2114,1933.333333,,128,391,,,,
92311,93000,751.8,1809,1859,1825,1831,,7,446,,,,
92313,295500,780,1088,1101,1164,1117.666667,,329,691,,,,
92314,200600,717,151,169,164,161.3333333,,172.5,175,,,,
92315,296800,757.3333333,340,337,360,345.6666667,,332,495,,,,
92316,245900,742.875,5301,5195,4938,5144.666667,,243,368,,,,
92324,212500,716.5333333,7681,7686,7144,7503.666667,,188,172,,,,
92325,165100,749,97,87,85,89.66666667,,105,422,,,,
92335,255000,759.8823529,10557,10306,10331,10398,,255,514,,,,
92336,377900,785.2857143,10076,10038,9889,10001,,465,734,,,,
92337,302100,756.3636364,5382,5850,5868,5700,,338.5,486,,,,
92344,241700,638,902,958,978,946,,235,7,,,,
92345,179000,735.5,8334,8329,8638,8433.666667,,134,295,,,,
92346,264600,768,3228,3226,3259,3237.666667,,274,580.5,,,,
92352,332000,774.75,569,594,605,589.3333333,,391,641.5,,,,
92354,358900,822,226,162,161,183,,432,919,,,,
92356,112300,696,246,173,197,205.3333333,,21,77,,,,
92359,224900,830,160,163,164,162.3333333,,204.5,949,,,,
92371,214900,805,622,686,709,672.3333333,,189,851,,,,
92372,206700,747,85,99,98,94,,181,394,,,,
92373,419100,785.125,1131,1138,1119,1129.333333,,550,732,,,,
92374,291200,761.3636364,4267,4388,4362,4339,,318,523,,,,
92376,251800,738.6842105,9124,9206,9508,9279.333333,,246,327,,,,
92377,317300,770,3281,3400,3459,3380,,361,597.5,,,,
92391,156700,778,114,123,143,126.6666667,,88,671.5,,,,
92392,190900,779.6875,5827,6262,5994,6027.666667,,156,686,,,,
92394,177100,726,432,393,422,415.6666667,,130,227.5,,,,
92395,171100,736.2,4061,3981,4021,4021,,112,300,,,,
92397,242000,825,19,23,25,22.33333333,,236.5,928,,,,
92399,303100,767.5,2076,2280,2344,2233.333333,,341,574,,,,
92404,197500,714.4,6479,6481,5793,6251,,165,158,,,,
92405,173400,707.25,3416,3477,3284,3392.333333,,117.5,116.5,,,,
92407,234600,749.2,5332,5400,5604,5445.333333,,226,425,,,,
92408,195700,707.75,544,632,823,666.3333333,,164,119.5,,,,
92501,248200,767.3333333,745,790,819,784.6666667,,245,573,,,,
92503,292300,773.4,8170,8494,8371,8345,,322,630,,,,
92504,274700,787.8888889,3908,3931,4051,3963.333333,,290,750,,,,
92505,301400,774.8,4636,4967,4792,4798.333333,,335,643,,,,
92506,371000,703.7857143,4177,4210,4354,4247,,449,98,,,,
92507,280600,737.7142857,3183,3224,3245,3217.333333,,307,318,,,,
92508,401300,844.5,1677,1767,1922,1788.666667,,505,1003.5,,,,
92509,285500,757.6842105,9037,9131,9290,9152.666667,,311.5,501,,,,
92530,254000,782.5,3001,4173,4214,3796,,251,708.5,,,,
92532,323300,835.8,1143,1584,1675,1467.333333,,375,975,,,,
92536,308800,865,63,69,62,64.66666667,,351,1067,,,,
92539,179800,680.5,235,213,208,218.6666667,,137,43,,,,
92543,137100,734.8571429,2073,2201,2113,2129,,63,290,,,,
92544,192300,747.2222222,2073,2065,2122,2086.666667,,157,399,,,,
92545,211600,748.5,2711,2789,2884,2794.666667,,186,415,,,,
92549,229500,876,55,51,58,54.66666667,,213,1084.5,,,,
92551,231400,784.25,4821,4821,4753,4798.333333,,219,722,,,,
92553,222100,716.3333333,7218,7157,7166,7180.333333,,200,169.5,,,,
92555,296400,769.1428571,3694,3634,3635,3654.333333,,331,591,,,,
92557,260600,775.9090909,4230,4291,4315,4278.666667,,267,654,,,,
92562,366100,798.9,2794,2903,2954,2883.666667,,442,818,,,,
92563,357400,845.9166667,3224,3340,3377,3313.666667,,428,1012,,,,
92567,262800,789.75,1001,1056,1107,1054.666667,,270,763.5,,,,
92570,240500,740.1333333,6976,7200,7424,7200,,233,343,,,,
92571,227300,774.4,5187,5535,5515,5412.333333,,208,639,,,,
92582,234000,662.25,604,567,563,578,,224,20,,,,
92583,184500,751.6666667,3806,3898,4017,3907,,147,445,,,,
92584,309800,817.8888889,2725,2861,2800,2795.333333,,352,908,,,,
92585,280300,771.4,2579,2631,2709,2639.666667,,306,613.5,,,,
92586,182700,816,598,605,588,597,,146,897.5,,,,
92587,345300,801,264,241,251,252,,415,830,,,,
92590,855000,678,1142,1405,1348,1298.333333,,989,37.5,,,,
92591,377800,840.1428571,2144,2138,2076,2119.333333,,464,992,,,,
92592,401200,841.1875,3446,3454,3519,3473,,504,995,,,,
92595,327000,809.7142857,1573,2141,2153,1955.666667,,382,872,,,,
92596,344700,838.2,799,807,889,831.6666667,,414,982,,,,
92602,790000,834.25,629,682,784,698.3333333,,957,967,,,,
92603,990900,903,122,124,139,128.3333333,,1027,1114,,,,
92604,682000,840,654,738,766,719.3333333,,874,990,,,,
92606,691400,759.6666667,109,117,133,119.6666667,,882,511,,,,
92612,659300,832.6666667,204,215,229,216,,850,960,,,,
92614,611100,843.6,265,285,324,291.3333333,,803,1002,,,,
92618,723800,835,51,70,73,64.66666667,,908,970.5,,,,
92620,768300,854.5,342,425,419,395.3333333,,943,1039.5,,,,
92624,747800,805,99,99,104,100.6666667,,928,851,,,,
92625,1566700,893,43,43,53,46.33333333,,1101,1110,,,,
92626,641900,793,2899,3010,3066,2991.666667,,825,783.5,,,,
92627,665300,753,2434,2559,2501,2498,,856,454,,,,
92629,776700,774,655,674,678,669,,950,635.5,,,,
92630,597800,788.25,2009,2215,2294,2172.666667,,789,756,,,,
92646,682100,848.1,878,927,994,933,,875,1016,,,,
92647,611300,809.9230769,2509,2550,2577,2545.333333,,805,873,,,,
92648,797500,856,707,740,801,749.3333333,,964,1044,,,,
92649,679100,797.5,717,748,804,756.3333333,,872,811,,,,
92651,1432600,839.75,185,193,206,194.6666667,,1094,987,,,,
92653,658300,789.75,813,829,867,836.3333333,,848,763.5,,,,
92655,448100,742.6666667,323,318,323,321.3333333,,607,365.5,,,,
92656,511400,828.75,1055,1069,1123,1082.333333,,701,943.5,,,,
92660,1380600,760.4,200,203,214,205.6666667,,1088,518,,,,
92663,1221300,777,986,1066,1091,1047.666667,,1069,660.5,,,,
92672,765100,771,837,814,830,827,,939,608,,,,
92673,806300,804.8333333,1135,1111,1159,1135,,967,847,,,,
92675,643900,727,2470,2513,2706,2563,,828,237,,,,
92677,727400,797,813,862,868,847.6666667,,910,809,,,,
92679,771500,885.6666667,165,172,171,169.3333333,,945,1098,,,,
92683,528200,767.25,3638,3660,3639,3645.666667,,720,572,,,,
92688,573500,850,1352,1363,1355,1356.666667,,768,1026.5,,,,
92691,606600,779.2666667,2807,2852,2874,2844.333333,,798,683,,,,
92692,634400,800.8333333,1054,1102,1066,1074,,821,829,,,,
92694,732200,892,387,404,406,399,,916,1109,,,,
92701,372000,781.1538462,7349,7447,7481,7425.666667,,454,696,,,,
92703,387800,736.2727273,4707,4687,4530,4641.333333,,483,301,,,,
92704,416700,760.1,13988,13924,14142,14018,,546,516,,,,
92705,792900,802.7857143,4932,5028,5183,5047.666667,,960,839,,,,
92706,494100,776.7142857,3851,4026,4155,4010.666667,,679,659,,,,
92707,380100,750.9090909,6882,6750,6854,6828.666667,,469,438,,,,
92708,666300,810.9285714,2717,2739,2675,2710.333333,,857,879,,,,
92780,574400,765.6923077,5181,5273,5351,5268.333333,,770,559,,,,
92782,642300,855.75,370,391,396,385.6666667,,826,1042,,,,
92801,424600,762.7272727,5678,5619,5601,5632.666667,,564,536,,,,
92802,447600,747.8333333,3219,3179,3149,3182.333333,,604,406,,,,
92804,446500,741.5263158,8807,8607,8372,8595.333333,,601,354,,,,
92805,418400,763.1,7483,7333,7240,7352,,548,541,,,,
92806,501000,745.5,4781,4953,4946,4893.333333,,691,384,,,,
92807,627100,828.75,1068,1172,1260,1166.666667,,816,943.5,,,,
92808,648200,877.3333333,374,373,353,366.6666667,,832,1086.5,,,,
92821,576900,808.2222222,1369,1424,1489,1427.333333,,772,867,,,,
92831,534000,773.5,1978,2060,2183,2073.666667,,729,631,,,,
92832,431400,793.6,2142,2110,2123,2125,,576,795,,,,
92833,471300,806.7777778,2630,2609,2776,2671.666667,,643,862,,,,
92835,663700,842.75,444,448,494,462,,854,998,,,,
92840,447800,757.25,3994,3922,3960,3958.666667,,605,494,,,,
92841,464200,739.25,3299,3233,3215,3249,,627,332,,,,
92843,439000,757.5454545,4220,4239,4235,4231.333333,,590,499,,,,
92844,435900,763.125,1388,1465,1497,1450,,583.5,542,,,,
92845,532100,860.6666667,790,824,882,832,,723,1055,,,,
92860,467800,791.4444444,2095,2109,2154,2119.333333,,635,777,,,,
92861,1167100,838,1225,1273,1350,1282.666667,,1057,981,,,,
92865,548700,755,630,646,658,644.6666667,,748,470,,,,
92866,532300,770,571,560,553,561.3333333,,725,597.5,,,,
92867,603300,716.2,2514,2456,2492,2487.333333,,795,167,,,,
92868,438600,774.6666667,1083,1135,1071,1096.333333,,589,640,,,,
92869,614000,799.8,2899,2959,2992,2950,,807,824,,,,
92870,568400,797.8125,4297,4349,4467,4371,,759,813,,,,
92879,363300,750.625,2552,2666,2748,2655.333333,,440,435,,,,
92880,489900,818.8571429,3983,3840,3846,3889.666667,,674,913,,,,
92881,464300,789.8333333,3243,3302,3351,3298.666667,,628,766,,,,
92882,407800,773.5714286,6119,6166,6219,6168,,524,632,,,,
92883,423200,848.5,741,886,984,870.3333333,,558.5,1018,,,,
92886,678300,870.5555556,934,979,1025,979.3333333,,870,1075,,,,
92887,773900,874.5,250,244,252,248.6666667,,949,1081,,,,
93001,494700,740,2173,2259,2381,2271,,681,340,,,,
93003,493400,761.5714286,2954,3038,3087,3026.333333,,678,525,,,,
93004,479800,780.75,605,591,586,594,,655,694,,,,
93010,525600,716.9090909,1306,1382,1404,1364,,717,174,,,,
93012,517700,818.8333333,1251,1331,1399,1327,,710,912,,,,
93013,773600,789.8,1185,1178,1164,1175.666667,,948,765,,,,
93015,340300,727,982,975,967,974.6666667,,408,237,,,,
93021,573700,755.9,1979,2005,2026,2003.333333,,769,481,,,,
93022,498000,701,116,100,101,105.6666667,,685,92,,,,
93023,612300,748.1428571,689,715,696,700,,806,411,,,,
93030,420200,705.9166667,6535,6494,6629,6552.666667,,552,108,,,,
93033,352300,711.9444444,10491,10502,10793,10595.33333,,422,143,,,,
93035,487600,781.75,1284,1450,1583,1439,,672,700,,,,
93036,405300,720.7272727,6660,6818,6896,6791.333333,,520,198,,,,
93041,311800,718.5,1320,1399,1438,1385.666667,,355,182,,,,
93060,361100,770.6666667,437,449,454,446.6666667,,436.5,602.5,,,,
93063,478800,792.8181818,1538,1608,1625,1590.333333,,653.5,781,,,,
93065,485800,752.1666667,3533,4151,3942,3875.333333,,665,448,,,,
93066,967300,782,373,390,389,384,,1020,702.5,,,,
93101,794600,719.8,1083,1129,1120,1110.666667,,961,187,,,,
93103,1029900,732.2,1939,2007,2056,2000.666667,,1036,274,,,,
93105,1032000,775.5,528,536,548,537.3333333,,1038,647.5,,,,
93108,2710500,912,29,32,28,29.66666667,,1123,1122,,,,
93109,1064000,765,642,705,710,685.6666667,,1042,553.5,,,,
93110,1025200,718.875,1400,1429,1476,1435,,1035,184,,,,
93111,832700,842.5,414,440,460,438,,980,996.5,,,,
93117,754600,778.5555556,1905,1913,1935,1917.666667,,933,678.5,,,,
93202,121500,742.5,560,567,574,567,,34,360.5,,,,
93203,124900,707.8333333,3959,3940,3815,3904.666667,,40,121,,,,
93204,102700,647.5,1417,1505,1553,1491.666667,,15,11,,,,
93210,136300,722.25,1640,1664,1701,1668.333333,,61.5,210,,,,
93212,103900,719.25,1986,1953,1964,1967.666667,,16,185,,,,
93215,147100,739,6035,6461,6595,6363.666667,,74,331,,,,
93219,116000,683.25,1387,1349,1366,1367.333333,,27.5,45,,,,
93223,114600,654.5,1346,1363,1230,1313,,24.5,14,,,,
93230,160900,732.8571429,4463,4644,4909,4672,,98,277,,,,
93234,125400,687,790,806,827,807.6666667,,41,55,,,,
93235,95400,693,387,396,389,390.6666667,,10,67.5,,,,
93240,127900,717.5,76,66,54,65.33333333,,45,176,,,,
93241,85800,707.25,1394,1377,1432,1401,,4.5,116.5,,,,
93242,121700,720.3333333,420,402,407,409.6666667,,35,190.5,,,,
93245,182200,780,2341,2372,2518,2410.333333,,145,691,,,,
93247,136200,634.4,2042,1710,1767,1839.666667,,60,5,,,,
93250,129100,666,2230,2232,2265,2242.333333,,48,24,,,,
93256,109900,684.5,632,694,728,684.6666667,,20,48,,,,
93257,143500,725.2,8953,9526,9832,9437,,69,225,,,,
93263,135600,721.3333333,3199,3206,3228,3211,,59,202.5,,,,
93265,220400,792,41,36,37,38,,199,779,,,,
93267,116300,754,1107,1116,1143,1122,,29,459.5,,,,
93268,106300,719.7142857,854,903,913,890,,17,186,,,,
93270,175700,705,617,614,627,619.3333333,,127,102.5,,,,
93271,265300,787,20,20,22,20.66666667,,275.5,744,,,,
93274,147600,755.3913043,7744,8101,8367,8070.666667,,76,474,,,,
93277,174600,751.625,4050,4206,4322,4192.666667,,124,444,,,,
93280,134500,714.5555556,3486,3587,3651,3574.666667,,58,159,,,,
93286,134200,715.75,1376,1410,1450,1412,,57,165,,,,
93291,192700,699.2777778,4865,5114,5186,5055,,158,88,,,,
93292,179400,687.5833333,2774,2807,2865,2815.333333,,136,58,,,,
93301,162500,698.5714286,1928,1930,2034,1964,,100.5,87,,,,
93304,127200,733.0714286,4643,4755,4933,4777,,44,280,,,,
93305,114600,706.1428571,2448,2548,2647,2547.666667,,24.5,113,,,,
93306,159100,748.6111111,9389,9798,10093,9760,,93,418,,,,
93307,130000,726.3809524,10447,10714,10912,10691,,49,232,,,,
93308,173800,737,1355,1286,1317,1319.333333,,119,308,,,,
93309,172800,734,3721,3852,3931,3834.666667,,114,285,,,,
93311,266000,793.5454545,3074,3293,3441,3269.333333,,279.5,792,,,,
93312,267200,804.1875,2715,2887,2949,2850.333333,,283.5,844,,,,
93313,206900,772.6,3632,3833,3984,3816.333333,,182,622,,,,
93314,355600,775,988,995,997,993.3333333,,425,644,,,,
93401,615200,778.5,385,391,426,400.6666667,,810,676.5,,,,
93402,420900,727,191,181,182,184.6666667,,553,237,,,,
93405,598800,700.6666667,503,561,571,545,,791,91,,,,
93420,573300,747.5714286,1145,1143,1164,1150.666667,,767,402,,,,
93422,425200,735.875,744,796,793,777.6666667,,567,298,,,,
93426,388700,805,16,19,21,18.66666667,,484,851,,,,
93427,491500,803,179,221,233,211,,677,841,,,,
93428,619500,773.3333333,282,297,301,293.3333333,,812,629,,,,
93430,746900,850,23,21,21,21.66666667,,926.5,1026.5,,,,
93433,381900,791,453,446,446,448.3333333,,471,774,,,,
93434,205600,690,783,802,772,785.6666667,,179,61.5,,,,
93436,254400,720.4545455,3257,3236,3316,3269.666667,,252,192,,,,
93442,510500,746,220,241,258,239.6666667,,700,388,,,,
93444,473600,753.6666667,807,776,802,795,,646,458,,,,
93445,338300,757,245,239,235,239.6666667,,403.5,492,,,,
93446,386800,750.5,687,718,728,711,,480,433.5,,,,
93449,694100,784,207,227,226,220,,886,719.5,,,,
93451,296000,766.5,191,211,216,206,,330,568,,,,
93453,459600,771,41,37,32,36.66666667,,622,608,,,,
93454,275200,723.1818182,6543,6722,7040,6768.333333,,292,213,,,,
93455,353800,739.6666667,2863,3077,3263,3067.666667,,423,335,,,,
93458,253900,718.2,4777,5004,5238,5006.333333,,250,180.5,,,,
93460,755800,793.6666667,374,387,420,393.6666667,,934,796,,,,
93463,664300,784,189,192,208,196.3333333,,855,719.5,,,,
93465,555700,824.25,255,272,316,281,,753,924,,,,
93501,75300,662,287,282,270,279.6666667,,2,19,,,,
93505,85800,714.25,428,428,446,434,,4.5,155,,,,
93510,486100,714,291,291,263,281.6666667,,666,153.5,,,,
93513,181000,770,11,16,16,14.33333333,,141,597.5,,,,
93514,335000,708.4,468,468,466,467.3333333,,396,122,,,,
93527,174800,759,23,22,21,22,,125,505,,,,
93534,153200,692.2857143,1874,1380,1221,1491.666667,,84,66,,,,
93535,172700,701.0714286,5203,5007,4899,5036.333333,,113,93,,,,
93536,259400,790.1538462,3812,3959,3721,3830.666667,,265.5,768,,,,
93543,180300,726.5,1624,1515,1549,1562.666667,,139,233.5,,,,
93550,180500,703.9230769,6007,6030,5976,6004.333333,,140,99,,,,
93551,302900,790.4,3809,4123,3945,3959,,340,770.5,,,,
93552,216300,737.2,5500,5440,5191,5377,,190,310.5,,,,
93553,219200,765,152,156,161,156.3333333,,197,553.5,,,,
93555,151700,778.5555556,831,842,894,855.6666667,,81,678.5,,,,
93560,159300,632.5,1059,1039,1048,1048.666667,,94,4,,,,
93561,212400,708.8333333,887,876,884,882.3333333,,187,126,,,,
93601,279900,750,19,17,16,17.33333333,,304.5,430.5,,,,
93609,138100,732,794,782,833,803,,64,273,,,,
93610,154700,765.7142857,1416,1401,1451,1422.666667,,86,560,,,,
93611,259400,839.7058824,3662,3905,4084,3883.666667,,265.5,986,,,,
93612,166800,829.8,1111,1162,1188,1153.666667,,107,947,,,,
93614,225900,777.5,97,100,99,98.66666667,,206,663.5,,,,
93618,152500,711,4259,4304,4494,4352.333333,,82,139,,,,
93619,373500,904.75,405,370,401,392,,457,1117,,,,
93622,126700,777.75,1378,1443,1485,1435.333333,,42,668.5,,,,
93625,204200,768,1185,1192,1241,1206,,176,580.5,,,,
93630,173300,773.8,2559,2208,2289,2352,,116,633,,,,
93631,223500,787.2857143,1731,1758,1816,1768.333333,,201,747,,,,
93636,266000,805,403,457,476,445.3333333,,279.5,851,,,,
93637,176400,726.1428571,6241,6474,6603,6439.333333,,129,230,,,,
93638,138300,687.3125,5425,5548,5682,5551.666667,,65,57,,,,
93640,117200,755.5,1812,1891,1944,1882.333333,,30,476.5,,,,
93643,227800,843,20,23,33,25.33333333,,211,999.5,,,,
93644,211100,718,176,175,158,169.6666667,,185,178.5,,,,
93646,116000,752.4,1752,1768,1824,1781.333333,,27.5,449.5,,,,
93647,128700,704.25,2169,2194,2268,2210.333333,,46,101,,,,
93648,123000,715,1965,1980,2014,1986.333333,,39,162.5,,,,
93650,107400,865,376,386,381,381,,19,1067,,,,
93654,170100,786.8,3462,3523,3635,3540,,109.5,742,,,,
93656,131700,782.25,891,919,972,927.3333333,,51,706,,,,
93657,173900,777.1428571,4730,4756,4849,4778.333333,,120,662,,,,
93660,118100,686,541,567,568,558.6666667,,31,52.5,,,,
93662,156300,766,3901,3931,3978,3936.666667,,87,562,,,,
93667,238900,771,35,53,47,45,,232,608,,,,
93701,94600,707.3333333,1663,1710,1641,1671.333333,,9,118,,,,
93702,88400,698.4,4696,4645,4649,4663.333333,,6,85,,,,
93703,120400,697.2222222,2974,3070,3057,3033.666667,,33,83,,,,
93704,193800,759.7272727,4614,4732,4724,4690,,161,512,,,,
93705,133800,733.2857143,1617,1584,1604,1601.666667,,55,282,,,,
93706,101700,686.6521739,4743,4989,5126,4952.666667,,12,54,,,,
93710,200200,772,1188,1126,1149,1154.333333,,170,618,,,,
93711,291500,790.6666667,734,792,867,797.6666667,,321,772,,,,
93720,278300,889.2,1706,1828,1943,1825.666667,,302,1103,,,,
93722,189900,767.6153846,4592,4279,4446,4439,,154,575,,,,
93723,272600,787,636,656,695,662.3333333,,287,744,,,,
93725,133900,743.6,2356,2355,2418,2376.333333,,56,371.5,,,,
93726,148100,708.5,2959,2970,3155,3028,,77,123,,,,
93727,188400,728.2142857,4269,4344,4508,4373.666667,,151,254,,,,
93728,130500,685.2,1103,1139,1159,1133.666667,,50,50,,,,
93730,377600,894.3333333,538,566,610,571.3333333,,463,1111,,,,
93901,398700,721.875,3036,3126,3381,3181,,497.5,208,,,,
93905,275300,721.2857143,7970,8309,8626,8301.666667,,293,201,,,,
93906,321700,714.2777778,7019,7254,7579,7284,,371,156,,,,
93907,385200,704,1357,1450,1524,1443.666667,,477,100,,,,
93908,704800,858.2,207,205,198,203.3333333,,895,1050,,,,
93923,1187100,850.5,123,137,124,128,,1061,1029.5,,,,
93924,886700,863,50,41,48,46.33333333,,997,1062.5,,,,
93926,255300,639.5,1544,1559,1647,1583.333333,,256,8,,,,
93927,198000,683.3333333,2488,2589,2746,2607.666667,,166,46,,,,
93933,415600,698.1666667,913,926,905,914.6666667,,544,84,,,,
93940,617500,735,810,795,881,828.6666667,,811,293,,,,
93950,713000,833,210,254,288,250.6666667,,899,962.5,,,,
93955,375500,709,2139,2126,2124,2129.666667,,459,127.5,,,,
93960,252200,769.75,3133,3176,3226,3178.333333,,248.5,594,,,,
94002,1210400,812.1666667,515,527,550,530.6666667,,1067,885,,,,
94005,675800,793,102,99,87,96,,866,783.5,,,,
94010,2053900,812.1428571,548,521,548,539,,1111,884,,,,
94014,598200,710.3,1266,1278,1247,1263.666667,,790,136,,,,
94015,701000,763,1011,1002,983,998.6666667,,889,539.5,,,,
94019,904400,706,1016,1031,1088,1045,,1002,110,,,,
94020,883000,674,48,36,15,33,,996,28,,,,
94022,2764000,809,421,432,467,440,,1126,870,,,,
94024,2211500,884.75,73,80,83,78.66666667,,1116,1097,,,,
94025,1641100,767.7142857,1878,1961,2022,1953.666667,,1107,576,,,,
94027,4583700,794.75,614,628,647,629.6666667,,1130,801,,,,
94028,2986100,807.5,43,52,53,49.33333333,,1127,865,,,,
94030,1189600,797.2,372,382,380,378,,1062,810,,,,
94037,931200,674,101,110,99,103.3333333,,1012,28,,,,
94040,1508700,738.4285714,938,1002,1036,992,,1099,326,,,,
94041,1214900,778,171,174,180,175,,1068,671.5,,,,
94043,909200,774,735,765,738,746,,1003,635.5,,,,
94044,714100,794.8571429,757,779,820,785.3333333,,900,802,,,,
94061,1051900,774,1029,1113,1153,1098.333333,,1040,635.5,,,,
94062,1613400,778.4285714,2402,2483,2510,2465,,1103,675,,,,
94063,691300,716.5,1480,1465,1432,1459,,881,171,,,,
94065,1090900,768,93,68,62,74.33333333,,1046,580.5,,,,
94066,732000,779.75,1399,1393,1409,1400.333333,,915,687.5,,,,
94070,1312500,852.4285714,324,392,395,370.3333333,,1083,1033,,,,
94080,698500,765.1666667,2863,2904,2984,2917,,887,556,,,,
94085,732900,720.6666667,947,927,931,935,,917,197,,,,
94086,987800,741.25,599,600,587,595.3333333,,1025,350,,,,
94087,1385900,768,1421,1468,1478,1455.666667,,1090,580.5,,,,
94089,748000,721,168,161,161,163.3333333,,929,199.5,,,,
94102,783000,674,73,69,74,72,,955,28,,,,
94103,886800,713.5,249,244,255,249.3333333,,998,151.5,,,,
94107,1007000,618.25,258,235,236,243,,1031,2,,,,
94108,845500,679,48,44,33,41.66666667,,984,40,,,,
94109,933300,709.6666667,288,302,344,311.3333333,,1013,133,,,,
94110,1110000,642.6666667,1124,1302,1304,1243.333333,,1050,10,,,,
94112,736900,691.25,1495,1612,1688,1598.333333,,920,64,,,,
94114,1504000,725.125,1403,1366,1394,1387.666667,,1098,224,,,,
94115,1285300,746.6666667,466,454,469,463,,1079,390,,,,
94116,930600,738,538,536,528,534,,1011,320.5,,,,
94117,1312000,696.5,135,139,135,136.3333333,,1082,79,,,,
94118,1618400,778,81,98,109,96,,1104,671.5,,,,
94121,1198300,759.8,330,330,354,338,,1065,513,,,,
94122,980300,793.5,190,197,199,195.3333333,,1021,791,,,,
94123,2103500,790,208,192,202,200.6666667,,1114,767,,,,
94124,610100,654,252,201,224,225.6666667,,802,13,,,,
94127,1259100,779.75,354,370,383,369,,1073,687.5,,,,
94131,1235800,713.4285714,571,598,603,590.6666667,,1071,150,,,,
94132,854100,824.5,172,195,221,196,,988,926,,,,
94133,1173000,611,70,56,48,58,,1060,1,,,,
94134,677100,675.2857143,595,644,684,641,,868,33,,,,
94301,2720900,777.6666667,151,165,200,172,,1124,666.5,,,,
94303,1384300,771.0909091,1750,1883,1748,1793.666667,,1089,611,,,,
94305,2307200,860.5,93,113,123,109.6666667,,1119,1054,,,,
94306,1905500,793.5714286,430,440,441,437,,1110,793.5,,,,
94401,703600,707.75,764,779,759,767.3333333,,894,119.5,,,,
94402,1392400,694.875,1191,1248,1296,1245,,1091,74,,,,
94403,960600,727.25,1412,1471,1476,1453,,1018,242.5,,,,
94404,1046800,787.25,149,152,168,156.3333333,,1039,746,,,,
94501,727800,793.2666667,840,887,953,893.3333333,,911,788,,,,
94502,733400,907,55,55,67,59,,918,1119,,,,
94503,419400,716.3333333,496,654,776,642,,551,169.5,,,,
94505,519100,811,116,107,119,114,,713,880.5,,,,
94506,1147500,914.5,135,156,155,148.6666667,,1053,1123,,,,
94507,1463200,890.6666667,104,85,86,91.66666667,,1096,1105.5,,,,
94509,273500,737.2,2810,2893,3028,2910.333333,,289,310.5,,,,
94510,510400,835.3333333,606,602,622,610,,699,972,,,,
94513,452000,766.1428571,2625,2712,2844,2727,,610.5,564,,,,
94515,569800,756.5,426,450,465,447,,760,487,,,,
94517,678500,844.5,124,157,136,139,,871,1003.5,,,,
94518,521800,702.6,1395,1538,1587,1506.666667,,715,95,,,,
94519,414900,659.25,301,334,329,321.3333333,,541,17,,,,
94520,339000,703.75,1686,1649,1674,1669.666667,,405,97,,,,
94521,499800,736.4444444,1615,1758,1846,1739.666667,,688,303.5,,,,
94523,596100,793.1111111,1110,1202,1247,1186.333333,,787,786,,,,
94525,377200,744.5,208,199,209,205.3333333,,462,376,,,,
94526,990400,883.8888889,478,461,467,468.6666667,,1026,1096,,,,
94530,675600,742,630,647,682,653,,865,356.5,,,,
94531,360800,765.5555556,1734,1842,1832,1802.666667,,435,558,,,,
94533,262000,745,3095,3314,3750,3386.333333,,269,380,,,,
94534,426900,826.1111111,1369,1475,1527,1457,,568,933,,,,
94536,693800,739.9333333,1458,1380,1491,1443,,885,337,,,,
94538,644400,737.2666667,1880,1798,1968,1882,,829,313,,,,
94539,1192900,749.8,125,119,112,118.6666667,,1063,428,,,,
94541,436400,679.6666667,2717,2804,2981,2834,,586,42,,,,
94542,669000,720,151,146,173,156.6666667,,859,189,,,,
94544,443000,665.1818182,2704,2710,2800,2738,,593,22,,,,
94545,455700,744.4444444,2340,2431,2504,2425,,616.5,375,,,,
94546,581500,784.3636364,1365,1380,1451,1398.666667,,777,725,,,,
94547,457800,750,446,450,457,451,,621,430.5,,,,
94549,1226400,891.5,242,244,246,244,,1070,1108,,,,
94550,672600,777.5555556,1278,1415,1378,1357,,862.5,665,,,,
94551,563900,791.3333333,1018,1091,1107,1072,,757,775,,,,
94552,823300,891.25,383,402,405,396.6666667,,976,1107,,,,
94553,460300,773.2857143,761,785,804,783.3333333,,623,628,,,,
94555,722200,845.5,73,84,84,80.33333333,,906,1009,,,,
94556,1108400,932.6,169,173,184,175.3333333,,1049,1128,,,,
94558,494300,727.4210526,4832,4740,4889,4820.333333,,680,248,,,,
94559,469800,676.6,828,851,866,848.3333333,,641,34,,,,
94560,581900,749.5833333,2403,2461,2443,2435.666667,,778,427,,,,
94561,337400,778.7777778,2332,2430,2532,2431.333333,,400,680,,,,
94563,1274300,914.75,114,120,117,117,,1076,1124,,,,
94564,405100,726.3333333,1092,997,999,1029.333333,,517,231,,,,
94565,293900,729.7058824,5326,5726,5542,5531.333333,,326,268,,,,
94566,919800,819.25,608,629,646,627.6666667,,1006,914,,,,
94568,672000,845.1428571,562,636,645,614.3333333,,861,1008,,,,
94571,276100,770.6666667,234,253,275,254,,296.5,602.5,,,,
94572,380500,729,153,145,143,147,,470,259.5,,,,
94574,965100,762.25,465,486,495,482,,1019,532,,,,
94577,469000,727.25,2424,2448,2533,2468.333333,,638,242.5,,,,
94578,437300,722.3333333,457,471,512,480,,588,211,,,,
94579,469700,769,687,679,656,674,,640,589.5,,,,
94580,447900,745.2,3060,3137,3193,3130,,606,382,,,,
94582,944400,881.3333333,399,402,415,405.3333333,,1015,1094,,,,
94583,778700,862.2222222,699,672,727,699.3333333,,951,1060,,,,
94585,286000,793.25,581,607,682,623.3333333,,314,787,,,,
94587,604100,757.75,1900,2005,2038,1981,,796,503,,,,
94588,789400,826.3333333,367,358,348,357.6666667,,956,934,,,,
94589,236000,727.2,1562,1677,1675,1638,,228,240,,,,
94590,218200,722.6,702,821,799,774,,196,212,,,,
94591,323100,748,969,1117,1149,1078.333333,,374,409,,,,
94595,476400,857,27,35,34,32,,651,1046.5,,,,
94596,804600,806.3333333,186,178,173,179,,966,860,,,,
94597,657200,816.5,163,180,198,180.3333333,,846,901,,,,
94598,826800,837,312,371,440,374.3333333,,977,977,,,,
94599,760400,714,57,47,47,50.33333333,,936,153.5,,,,
94601,320000,749.0588235,2814,2914,3059,2929,,367,424,,,,
94602,660100,747,412,392,369,391,,851,394,,,,
94603,255500,733.4545455,2162,2179,2295,2212,,257.5,283,,,,
94605,401400,738.7857143,871,902,835,869.3333333,,506,329,,,,
94606,393700,718,692,715,690,699,,489,178.5,,,,
94607,409500,796,232,243,255,243.3333333,,529,807,,,,
94608,477100,771.1666667,549,635,694,626,,652,612,,,,
94609,667700,651,150,150,155,151.6666667,,858,12,,,,
94610,867900,748.4,573,663,777,671,,994,414,,,,
94611,942300,834.2222222,552,546,633,577,,1014,966,,,,
94612,442700,720.3333333,250,281,297,276,,592,190.5,,,,
94618,1021600,850,106,107,101,104.6666667,,1034,1026.5,,,,
94619,533000,788.1111111,853,917,945,905,,728,754,,,,
94621,231600,712.3846154,2087,2176,2333,2198.666667,,220,145,,,,
94702,688800,886,38,39,35,37.33333333,,880,1099,,,,
94703,729400,804.25,450,546,520,505.3333333,,913,845,,,,
94704,790100,729.5,469,438,471,459.3333333,,958,266.5,,,,
94705,1263400,773,277,262,241,260,,1074,625.5,,,,
94706,718100,837.4,368,456,479,434.3333333,,901,979,,,,
94707,1003600,828,152,140,152,148,,1030,941,,,,
94708,997000,840,98,89,103,96.66666667,,1029,990,,,,
94709,772100,841,50,49,47,48.66666667,,946,993,,,,
94710,662800,798,105,105,94,101.3333333,,853,814.5,,,,
94801,236800,705.2857143,1438,1500,1517,1485,,230,104,,,,
94803,429100,756.8333333,733,776,832,780.3333333,,570,489,,,,
94804,299900,691.4444444,2393,2436,2471,2433.333333,,333,65,,,,
94805,390700,693.3333333,693,726,728,715.6666667,,487,70,,,,
94806,293400,708.7857143,3278,3380,3439,3365.666667,,323.5,125,,,,
94901,878500,734.1111111,1706,1819,1944,1823,,995,287,,,,
94903,772700,735.8571429,887,885,871,881,,947,297,,,,
94904,1474800,849.5,65,75,93,77.66666667,,1097,1022,,,,
94920,2292800,903.5,38,42,36,38.66666667,,1117,1115,,,,
94924,1427700,706,16,12,13,13.66666667,,1093,110,,,,
94925,1071700,832,60,53,59,57.33333333,,1043,957.5,,,,
94928,414300,756.8888889,1378,1441,1494,1437.666667,,538,490,,,,
94930,742200,771.5,63,71,81,71.66666667,,924,615,,,,
94931,437000,730,145,158,195,166,,587,269,,,,
94939,1331000,829,145,162,180,162.3333333,,1084,945,,,,
94941,1273300,861,166,195,202,187.6666667,,1075,1056.5,,,,
94945,692300,737.3333333,312,301,335,316,,883.5,314,,,,
94947,625300,799.3333333,701,799,811,770.3333333,,814,821,,,,
94949,769200,802,350,400,419,389.6666667,,944,833.5,,,,
94952,629400,818.8,185,175,201,187,,818,911,,,,
94954,500000,784.3333333,534,580,603,572.3333333,,689,723.5,,,,
94957,2417300,970,11,12,17,13.33333333,,1121,1130,,,,
94960,992700,780,59,68,72,66.33333333,,1028,691,,,,
94965,1087800,822,51,60,64,58.33333333,,1045,919,,,,
95003,728300,751.4,705,701,741,715.6666667,,912,441,,,,
95004,499200,748,182,187,185,184.6666667,,686,409,,,,
95006,413700,760.5,197,248,273,239.3333333,,534,519.5,,,,
95008,890500,781.1666667,1312,1399,1428,1379.666667,,999,697,,,,
95010,655600,756,194,199,212,201.6666667,,843,482,,,,
95014,1549900,782.5,638,699,740,692.3333333,,1100,708.5,,,,
95018,473700,775.6666667,114,140,141,131.6666667,,647.5,652,,,,
95020,595400,772.8,5590,5522,5718,5610,,786,624,,,,
95023,404200,723.3125,4687,4771,4926,4794.666667,,513.5,214,,,,
95030,2063400,823,282,279,301,287.3333333,,1112,922,,,,
95032,1335500,877.75,142,161,175,159.3333333,,1085,1090,,,,
95033,925200,843.3333333,38,42,39,39.66666667,,1008,1001,,,,
95035,729500,750.7692308,1597,1512,1508,1539,,914,437,,,,
95037,779500,724.9090909,2458,2447,2470,2458.333333,,952,220,,,,
95045,471600,720.5,378,375,378,377,,644,194,,,,
95046,862700,740,248,250,228,242,,992,340,,,,
95050,762900,726.5,863,882,846,863.6666667,,937,233.5,,,,
95051,859000,738.9090909,1936,1891,1956,1927.666667,,990,330,,,,
95054,816100,755,374,394,424,397.3333333,,972,470,,,,
95060,757300,679.1428571,576,571,642,596.3333333,,935,41,,,,
95062,677900,685.5555556,1478,1462,1470,1470,,869,51,,,,
95065,661100,735,62,77,86,75,,852,293,,,,
95066,703100,825.6666667,198,214,215,209,,893,930,,,,
95070,2073100,827.8,420,456,464,446.6666667,,1113,939,,,,
95073,657000,733.6666667,415,454,474,447.6666667,,845,284,,,,
95076,421400,694.2692308,9647,9885,10176,9902.666667,,554,71,,,,
95110,517500,806.3333333,865,906,939,903.3333333,,709,860,,,,
95111,532700,729.1666667,4052,4164,4134,4116.666667,,727,262,,,,
95112,570500,722.1666667,1950,1881,1947,1926,,762,209,,,,
95116,483700,752.4166667,3349,3484,3584,3472.333333,,662,451,,,,
95117,845300,738.25,427,454,510,463.6666667,,983,323.5,,,,
95118,782000,758.2222222,1849,2018,2018,1961.666667,,954,504,,,,
95119,720100,777.6666667,573,587,543,567.6666667,,905,666.5,,,,
95120,1195000,832.875,1042,1009,953,1001.333333,,1064,961,,,,
95121,610000,775.4,2114,1976,1871,1987,,801,646,,,,
95122,499500,727.8947368,6050,6068,5855,5991,,687,251,,,,
95123,683400,724.9230769,3283,3279,3303,3288.333333,,877,222,,,,
95124,896300,805.1,1151,1184,1215,1183.333333,,1001,854,,,,
95125,955100,746.4615385,3250,3141,3155,3182,,1016,389,,,,
95126,673800,710.75,2254,2305,2451,2336.666667,,864,138,,,,
95127,548200,732.5263158,4993,4819,4901,4904.333333,,745,275,,,,
95128,743300,742.75,1522,1599,1646,1589,,925,367,,,,
95129,1277400,782,319,326,353,332.6666667,,1077,702.5,,,,
95130,980700,814.75,610,633,624,622.3333333,,1022,896,,,,
95131,706700,658.8,651,813,805,756.3333333,,897,15,,,,
95132,746900,740.5,1199,1314,1395,1302.666667,,926.5,345,,,,
95133,609700,720.5,1692,1705,1763,1720,,799,194,,,,
95135,922500,849.6666667,237,251,218,235.3333333,,1007,1023,,,,
95136,707200,750.2,1024,1014,1063,1033.666667,,898,432,,,,
95138,927000,835.5,152,134,116,134,,1010,973.5,,,,
95139,672600,721.5,421,434,427,427.3333333,,862.5,204,,,,
95148,723200,754.8181818,2822,2650,2668,2713.333333,,907,467,,,,
95203,142900,689.75,811,848,868,842.3333333,,68,60,,,,
95204,158400,720.625,1697,1772,1758,1742.333333,,90,196,,,,
95205,106800,665.25,2540,2670,2764,2658,,18,23,,,,
95206,174900,668.5217391,6110,6197,6369,6225.333333,,126,25,,,,
95207,179100,739.3076923,2698,2780,3026,2834.666667,,135,333,,,,
95209,244100,745.6923077,1829,1900,1980,1903,,240,385,,,,
95210,162500,741.5,1393,1356,1392,1380.333333,,100.5,352.5,,,,
95212,275800,765.3333333,1864,1890,1896,1883.333333,,295,557,,,,
95215,121900,716.7142857,2585,2676,2680,2647,,36.5,173,,,,
95219,307600,787.8,859,921,988,922.6666667,,350,749,,,,
95222,256700,798,81,88,106,91.66666667,,259,814.5,,,,
95228,328200,779,27,22,29,26,,384.5,681.5,,,,
95236,330600,753,374,377,403,384.6666667,,387,454,,,,
95237,265300,713,98,139,176,137.6666667,,275.5,147,,,,
95240,219500,702.7692308,2581,2679,2732,2664,,198,96,,,,
95242,306700,690.2,1928,1971,2040,1979.666667,,348,63,,,,
95247,324200,716,19,19,20,19.33333333,,377,166,,,,
95249,177700,733,107,138,170,138.3333333,,132,279,,,,
95252,245600,763.3333333,187,199,221,202.3333333,,242,545,,,,
95304,481900,757,450,473,528,483.6666667,,659,492,,,,
95307,200600,751.0666667,4916,4931,4972,4939.666667,,172.5,440,,,,
95316,236400,709.4,442,432,401,425,,229,132,,,,
95320,252200,737.25,784,780,789,784.3333333,,248.5,312,,,,
95321,209900,771,34,36,38,36,,183.5,608,,,,
95324,238100,727.3333333,471,498,529,499.3333333,,231,246.5,,,,
95326,265800,752.4,934,923,946,934.3333333,,277,449.5,,,,
95327,193300,762,44,45,50,46.33333333,,159,529,,,,
95328,138800,765,248,271,296,271.6666667,,66,553.5,,,,
95330,288700,721,1370,1397,1450,1405.666667,,316,199.5,,,,
95336,257800,727.3076923,3974,4009,4121,4034.666667,,262,244,,,,
95337,324500,775.5,984,963,988,978.3333333,,378,647.5,,,,
95338,224400,788,92,99,120,103.6666667,,202,752,,,,
95340,187400,711.7647059,4085,4046,3992,4041,,150,142,,,,
95348,201300,762.5,1816,1863,1952,1877,,174,533,,,,
95350,193400,742,3208,3200,3220,3209.333333,,160,356.5,,,,
95351,139200,716.3076923,4752,4731,4839,4774,,67,168,,,,
95354,164400,742.6666667,981,986,998,988.3333333,,103,365.5,,,,
95355,246900,810.625,3761,3884,3909,3851.333333,,244,877,,,,
95356,265900,768,586,870,927,794.3333333,,278,580.5,,,,
95357,231700,793.75,1306,1302,1288,1298.666667,,221,797,,,,
95358,173400,736.7272727,2507,2529,2628,2554.666667,,117.5,306,,,,
95361,258000,770.625,1045,1139,1104,1096,,263,601,,,,
95363,252000,710.4285714,2682,2737,2755,2724.666667,,247,137,,,,
95365,96900,774,535,536,516,529,,11,635.5,,,,
95366,339300,784.8333333,673,738,732,714.3333333,,406,731,,,,
95367,233600,705.5,1523,1577,1644,1581.333333,,223,106,,,,
95368,242000,763.5,1140,1170,1137,1149,,236.5,546.5,,,,
95370,217900,740.25,247,233,269,249.6666667,,194.5,344,,,,
95372,206100,806,58,63,62,61,,180,856.5,,,,
95376,314800,739.8333333,4975,4988,5151,5038,,359,336,,,,
95377,414600,792.2,1136,1202,1259,1199,,539,780,,,,
95379,164600,784.5,63,57,69,63,,104,727.5,,,,
95380,198100,677.1111111,2774,2843,2963,2860,,167,36,,,,
95382,277100,762,2240,2322,2320,2294,,298.5,529,,,,
95386,180200,733.2,998,1014,1048,1020,,138,281,,,,
95388,127000,771.4,1120,1109,1148,1125.666667,,43,613.5,,,,
95391,487100,807.6666667,227,229,256,237.3333333,,669.5,866,,,,
95401,387500,747.75,501,495,510,502,,481,405,,,,
95403,429600,750.5,594,633,668,631.6666667,,571,433.5,,,,
95404,554600,741,244,286,308,279.3333333,,752,347.5,,,,
95405,445700,796.25,286,298,317,300.3333333,,596,808,,,,
95407,387700,779.625,2566,2663,2549,2592.666667,,482,684,,,,
95409,536500,816,311,325,342,326,,731,897.5,,,,
95422,102200,715,293,309,322,308,,14,162.5,,,,
95423,150500,664,21,16,19,18.66666667,,78,21,,,,
95425,400200,697,507,521,540,522.6666667,,502,81.5,,,,
95436,390500,749,72,64,58,64.66666667,,486,422,,,,
95437,335900,742.5,544,542,536,540.6666667,,398,360.5,,,,
95442,795000,690,100,87,98,95,,962,61.5,,,,
95446,338300,799,46,45,53,48,,403.5,819.5,,,,
95448,584400,768.2,887,851,833,857,,780,584,,,,
95451,204600,706.25,436,432,461,443,,177,114,,,,
95453,217500,756.3333333,233,245,269,249,,192,484,,,,
95458,118300,745,31,22,34,29,,32,380,,,,
95460,537600,782,13,23,19,18.33333333,,733,702.5,,,,
95461,232100,741,245,240,239,241.3333333,,222,347.5,,,,
95465,830700,854,27,25,22,24.66666667,,979,1037.5,,,,
95470,367300,696,164,169,157,163.3333333,,445,77,,,,
95472,653200,783,403,451,483,445.6666667,,840.5,713.5,,,,
95476,591300,677,1598,1653,1737,1662.666667,,785,35,,,,
95482,284700,659.2307692,1734,1810,1900,1814.666667,,309,16,,,,
95490,228600,694.75,291,296,313,300,,212,73,,,,
95492,483600,699.3333333,1570,1607,1732,1636.333333,,661,89,,,,
95501,216800,720.5,313,286,312,303.6666667,,191,194,,,,
95503,230600,757.5,251,267,246,254.6666667,,217,498,,,,
95519,264500,760.75,119,115,123,119,,273,522,,,,
95521,276100,745.75,153,155,171,159.6666667,,296.5,386,,,,
95540,244000,727.2,346,354,413,371,,239,240,,,,
95562,181100,780,49,36,40,41.66666667,,142.5,691,,,,
95567,264200,724,112,110,99,107,,272,218,,,,
95603,340900,713.375,575,579,577,577,,409,149,,,,
95605,173100,705,608,620,683,637,,115,102.5,,,,
95608,430500,734.2666667,1150,1189,1344,1227.666667,,574,288,,,,
95610,241500,684.1666667,645,724,782,717,,234,47,,,,
95614,303700,740,24,21,18,21,,343,340,,,,
95616,578700,772.25,883,914,916,904.3333333,,773,619,,,,
95618,536700,740,138,136,135,136.3333333,,732,340,,,,
95620,333400,668.8333333,1359,1377,1388,1374.666667,,394,26,,,,
95621,275000,727.7142857,591,543,571,568.3333333,,291,250,,,,
95623,266900,748,87,71,103,87,,281,409,,,,
95624,329700,785.3888889,2762,2792,2867,2807,,386,735,,,,
95627,205300,723.5,425,415,426,422,,178,215,,,,
95628,417000,754.4285714,671,698,743,704,,547,463,,,,
95630,424600,851.3571429,699,756,821,758.6666667,,564,1032,,,,
95631,277400,756.6666667,58,57,53,56,,300,488,,,,
95632,254700,759.1111111,2346,2371,2405,2374,,254,506,,,,
95634,224900,799,31,28,17,25.33333333,,204.5,819.5,,,,
95638,455200,697,119,116,121,118.6666667,,615,81.5,,,,
95640,227400,754,51,55,55,53.66666667,,210,459.5,,,,
95642,257600,727.3333333,256,261,248,255,,261,246.5,,,,
95648,379300,776.4545455,1542,1556,1633,1577,,468,656,,,,
95650,473700,854.5,219,243,244,235.3333333,,647.5,1039.5,,,,
95655,301600,802.5,77,96,103,92,,336,836.5,,,,
95658,520100,874,37,38,40,38.33333333,,714,1080,,,,
95660,157400,742.6,1300,1478,1615,1464.333333,,89,363.5,,,,
95661,379100,814.1111111,641,642,687,656.6666667,,467,895,,,,
95662,330800,801.2,538,534,536,536,,388,831,,,,
95663,509500,899,18,16,21,18.33333333,,698,1113,,,,
95666,181100,861,16,17,18,17,,142.5,1056.5,,,,
95667,279600,756.3333333,831,882,937,883.3333333,,303,484,,,,
95670,235800,730.5454545,1368,1370,1442,1393.333333,,227,270,,,,
95672,382100,798.6666667,200,210,206,205.3333333,,473,817,,,,
95677,348700,839.8,322,296,329,315.6666667,,420,988,,,,
95678,291300,769.9,1097,1148,1155,1133.333333,,319,595,,,,
95682,360100,812.8,338,362,402,367.3333333,,434,887,,,,
95683,423300,864,61,60,58,59.66666667,,560,1065,,,,
95685,275600,714.3333333,124,128,138,130,,294,157,,,,
95687,322200,768.2222222,1422,1574,1643,1546.333333,,373,585,,,,
95688,405900,742.5714286,1330,1381,1442,1384.333333,,521,362,,,,
95690,291400,745,77,77,80,78,,320,380,,,,
95691,295400,693.125,1494,1591,1586,1557,,328,69,,,,
95692,227300,789.3333333,269,273,259,267,,208,761,,,,
95693,527800,845,74,61,69,68,,719,1006.5,,,,
95694,311000,721.6666667,554,575,718,615.6666667,,353,206,,,,
95695,263400,736.6923077,3596,3554,3586,3578.666667,,271,305,,,,
95709,267200,825,65,64,76,68.33333333,,283.5,928,,,,
95713,285700,759.5,66,66,61,64.33333333,,313,510,,,,
95726,217800,752,54,59,66,59.66666667,,193,447,,,,
95742,343900,839,64,69,71,68,,413,983.5,,,,
95746,650400,868.25,207,210,216,211,,834,1074,,,,
95747,391600,833.9166667,1240,1236,1254,1243.333333,,488,964,,,,
95757,378600,799.6,1812,1881,1906,1866.333333,,466,823,,,,
95758,293400,799.5,1356,1409,1452,1405.666667,,323.5,822,,,,
95762,532600,875.4444444,546,566,613,575,,726,1083,,,,
95765,405200,872.5,842,821,873,845.3333333,,518.5,1077,,,,
95776,285500,729.5,1083,1058,1073,1071.333333,,311.5,266.5,,,,
95814,337500,740,102,99,99,100,,401,340,,,,
95816,425100,800,469,509,495,491,,566,826,,,,
95817,230400,718.2,415,438,471,441.3333333,,216,180.5,,,,
95818,445800,729.2857143,1172,1185,1228,1195,,597.5,263,,,,
95819,424500,783,418,452,433,434.3333333,,562,713.5,,,,
95822,194800,738.3333333,1804,1783,1811,1799.333333,,162,325,,,,
95823,185300,717.6,3369,3388,3537,3431.333333,,148,177,,,,
95824,144300,714.7142857,1338,1333,1318,1329.666667,,71,161,,,,
95826,244300,774.25,776,722,796,764.6666667,,241,638,,,,
95827,224800,737.6,581,539,542,554,,203,316,,,,
95828,203800,706.1,1798,1816,1818,1810.666667,,175,112,,,,
95829,301700,788.2,963,1008,1025,998.6666667,,337,755,,,,
95831,356500,782.2,1037,1075,1096,1069.333333,,427,705,,,,
95832,170200,706,186,197,229,204,,111,110,,,,
95833,272900,731.5,1437,1447,1504,1462.666667,,288,272,,,,
95834,311500,779,937,937,943,939,,354,681.5,,,,
95835,305200,770,1192,1232,1296,1240,,347,597.5,,,,
95838,199200,726,1589,1760,1911,1753.333333,,169,227.5,,,,
95843,304600,786.6363636,1039,1090,1178,1102.333333,,345,740,,,,
95901,161900,747.5454545,962,1050,1109,1040.333333,,99,401,,,,
95926,255500,729.4375,1251,1365,1402,1339.333333,,257.5,265,,,,
95928,270100,747.6666667,571,599,619,596.3333333,,286,404,,,,
95938,394100,708.6666667,144,153,154,150.3333333,,490,124,,,,
95945,285400,744,244,246,281,257,,310,373.5,,,,
95949,335100,810,120,135,133,129.3333333,,397,874,,,,
95953,163000,743.6,745,787,754,762,,102,371.5,,,,
95954,160600,751.5,78,71,53,67.33333333,,96,442,,,,
95959,368800,783.5,65,75,84,74.66666667,,447,716,,,,
95961,169400,748.5454545,1536,1550,1621,1569,,108,416,,,,
95965,154100,737,152,177,189,172.6666667,,85,308,,,,
95966,159000,725.1,694,726,780,733.3333333,,92,223,,,,
95969,195000,756.3333333,238,237,255,243.3333333,,163,484,,,,
95973,280800,735,48,47,36,43.66666667,,308,293,,,,
95982,181800,713.5,128,132,130,130,,144,151.5,,,,
95987,177400,699.75,708,758,783,749.6666667,,131,90,,,,
95991,189300,741.6923077,2315,2325,2408,2349.333333,,153,355,,,,
95993,242300,762.75,1295,1328,1366,1329.666667,,238,537,,,,
96001,217900,817.625,357,362,389,369.3333333,,194.5,906,,,,
96002,209900,771,510,521,581,537.3333333,,183.5,608,,,,
96003,234100,810.5,248,287,278,271,,225,876,,,,
96007,174000,762.875,266,294,365,308.3333333,,121,538,,,,
96013,121900,763,44,59,60,54.33333333,,36.5,539.5,,,,
96019,150900,784.6666667,152,173,162,162.3333333,,79,730,,,,
96021,132100,757.375,1175,1146,1171,1164,,52,496,,,,
96022,190200,786.6,200,221,241,220.6666667,,155,738.5,,,,
96025,128900,753,22,12,16,16.66666667,,47,454,,,,
96027,170100,751,22,20,23,21.66666667,,109.5,439,,,,
96055,133300,803.6666667,167,180,191,179.3333333,,54,843,,,,
96064,152700,729,11,16,17,14.66666667,,83,259.5,,,,
96067,230200,774.75,106,126,116,116,,215,641.5,,,,
96073,313300,803.5,127,118,123,122.6666667,,357,842,,,,
96080,145500,749,727,742,758,742.3333333,,72,422,,,,
96093,166700,778.5,50,33,41,41.33333333,,106,676.5,,,,
96094,147000,745.3333333,87,80,80,82.33333333,,73,383,,,,
96097,132300,784.3333333,123,128,173,141.3333333,,53,723.5,,,,
96114,178500,843,36,34,31,33.66666667,,133,999.5,,,,
96130,115800,760.3333333,207,216,245,222.6666667,,26,517,,,,
96134,77700,698.5,209,226,223,219.3333333,,3,86,,,,
96137,313500,754.5,23,28,27,26,,358,464.5,,,,
96143,362100,693,49,57,87,64.33333333,,438,67.5,,,,
96145,546300,674.5,292,291,243,275.3333333,,742,32,,,,
96150,342100,742.3333333,1046,1019,1079,1048,,412,359,,,,
96161,500600,728,576,583,638,599,,690,252,,,,
