Zip,zindex,el_avg_w,el_num11,el_num12,el_num13,el_num_avg
90001,267100.0,695.666666667,5035.0,4826.0,3573.0,4478.0
90002,254500.0,643.181818182,2852.0,2514.0,2056.0,2474.0
90003,279900.0,687.533333333,6737.0,5777.0,4379.0,5631.0
90004,1094300.0,790.583333333,2843.0,2936.0,2685.0,2821.33333333
90005,685100.0,672.444444444,3309.0,3252.0,2455.0,3005.33333333
90006,511800.0,735.0,2967.0,2840.0,2296.0,2701.0
90007,491200.0,732.470588235,6170.0,5837.0,4337.0,5448.0
90008,548600.0,646.333333333,606.0,574.0,524.0,568.0
90010,741000.0,730.5,656.0,782.0,655.0,697.666666667
90011,307400.0,704.571428571,12034.0,10713.0,8220.0,10322.3333333
90012,408700.0,784.833333333,1237.0,1245.0,812.0,1098.0
90015,571300.0,814.4,1474.0,1519.0,1388.0,1460.33333333
90016,431100.0,717.875,1414.0,1458.0,1226.0,1366.0
90017,497200.0,608.222222222,3211.0,2915.0,1982.0,2702.66666667
90018,427700.0,719.75,2114.0,1975.0,1509.0,1866.0
90019,807000.0,704.142857143,2968.0,2655.0,1736.0,2453.0
90022,336600.0,735.923076923,4835.0,4649.0,3621.0,4368.33333333
90023,316700.0,724.692307692,5200.0,4783.0,3526.0,4503.0
90024,986200.0,756.5,300.0,244.0,137.0,227.0
90025,751100.0,749.75,818.0,675.0,370.0,621.0
90026,652100.0,664.235294118,4286.0,3860.0,2770.0,3638.66666667
90027,1163200.0,733.25,1306.0,1004.0,552.0,954.0
90028,653200.0,651.5,2488.0,2129.0,1177.0,1931.33333333
90029,659100.0,733.75,1504.0,1403.0,998.0,1301.66666667
90031,404900.0,722.076923077,2823.0,2660.0,1797.0,2426.66666667
90032,376600.0,695.272727273,2792.0,2434.0,1527.0,2251.0
90033,340200.0,622.166666667,4568.0,4119.0,2440.0,3709.0
90034,847800.0,757.285714286,1555.0,1437.0,924.0,1305.33333333
90035,1059500.0,779.333333333,209.0,200.0,143.0,184.0
90036,1300000.0,826.0,183.0,232.0,188.0,201.0
90037,348200.0,700.636363636,3907.0,3586.0,2426.0,3306.33333333
90038,686200.0,713.75,1371.0,1263.0,937.0,1190.33333333
90039,705900.0,794.4,351.0,339.0,299.0,329.666666667
90040,331600.0,749.0,526.0,563.0,579.0,556.0
90041,652000.0,772.444444444,1360.0,977.0,716.0,1017.66666667
90042,513700.0,719.416666667,2839.0,2503.0,1645.0,2329.0
90043,410600.0,716.4,1276.0,1354.0,1262.0,1297.33333333
90044,300400.0,678.25,4119.0,4018.0,3118.0,3751.66666667
90045,815900.0,781.571428571,351.0,381.0,275.0,335.666666667
90046,1121600.0,815.833333333,1071.0,1028.0,651.0,916.666666667
90047,328200.0,672.0,1085.0,1048.0,827.0,986.666666667
90048,1203500.0,737.0,124.0,112.0,94.0,110.0
90049,2300200.0,845.25,750.0,718.0,545.0,671.0
90059,261500.0,717.076923077,1821.0,1869.0,1794.0,1828.0
90061,289900.0,694.6,2044.0,2101.0,1838.0,1994.33333333
90062,371700.0,711.5,832.0,820.0,619.0,757.0
90063,318500.0,625.75,4251.0,4088.0,2732.0,3690.33333333
90064,1083800.0,673.0,328.0,318.0,187.0,277.666666667
90065,599100.0,745.0,2329.0,2223.0,1696.0,2082.66666667
90066,986400.0,733.5,1867.0,1669.0,1080.0,1538.66666667
90068,1164000.0,771.0,25.0,20.0,12.0,19.0
90069,737800.0,819.0,30.0,31.0,32.0,31.0
90201,337700.0,686.842105263,11081.0,10768.0,8629.0,10159.3333333
90210,4140800.0,840.0,114.0,118.0,104.0,112.0
90211,1635800.0,816.0,65.0,69.0,70.0,68.0
90212,1859400.0,785.5,159.0,183.0,167.0,169.666666667
90220,269200.0,739.4,3903.0,3565.0,3578.0,3682.0
90221,287900.0,709.6,4441.0,4409.0,4530.0,4460.0
90222,257100.0,719.125,1806.0,1658.0,1606.0,1690.0
90230,639800.0,802.75,1131.0,1104.0,980.0,1071.66666667
90232,913100.0,803.0,258.0,254.0,250.0,254.0
90240,485500.0,793.5,901.0,652.0,745.0,766.0
90241,488300.0,719.714285714,2172.0,1978.0,2161.0,2103.66666667
90242,414700.0,765.0,1953.0,1650.0,1914.0,1839.0
90245,846600.0,775.5,146.0,156.0,158.0,153.333333333
90247,390100.0,762.5,1903.0,1857.0,1475.0,1745.0
90248,404200.0,697.5,887.0,756.0,437.0,693.333333333
90249,415200.0,850.333333333,212.0,229.0,225.0,222.0
90250,467300.0,738.533333333,3900.0,3925.0,3387.0,3737.33333333
90255,334400.0,717.928571429,8214.0,7466.0,4280.0,6653.33333333
90260,430300.0,750.833333333,3838.0,4068.0,3111.0,3672.33333333
90262,304300.0,708.411764706,7199.0,6624.0,6469.0,6764.0
90265,2423500.0,787.0,110.0,109.0,100.0,106.333333333
90266,1856800.0,810.0,15.0,11.0,18.0,14.6666666667
90270,371400.0,744.2,1757.0,1654.0,1261.0,1557.33333333
90272,2342000.0,773.0,274.0,255.0,281.0,270.0
90274,1632700.0,888.428571429,314.0,316.0,303.0,311.0
90275,1158900.0,888.875,654.0,623.0,437.0,571.333333333
90277,918300.0,857.6,352.0,242.0,258.0,284.0
90278,781000.0,861.0,210.0,204.0,212.0,208.666666667
90280,332800.0,704.65,8816.0,8161.0,5057.0,7344.66666667
90291,1373800.0,827.0,289.0,280.0,378.0,315.666666667
90292,821800.0,712.0,137.0,122.0,63.0,107.333333333
90293,541700.0,830.0,62.0,65.0,59.0,62.0
90301,321600.0,737.5,1417.0,469.0,1151.0,1012.33333333
90302,319500.0,808.0,471.0,182.0,481.0,378.0
90303,404000.0,762.666666667,1060.0,361.0,968.0,796.333333333
90305,398700.0,800.0,125.0,155.0,299.0,193.0
90403,958100.0,894.0,267.0,250.0,228.0,248.333333333
90404,726000.0,847.5,204.0,175.0,167.0,182.0
90405,1171700.0,756.8,878.0,809.0,763.0,816.666666667
90501,545800.0,773.166666667,685.0,717.0,741.0,714.333333333
90502,371800.0,719.0,445.0,397.0,381.0,407.666666667
90503,738500.0,850.75,1040.0,1029.0,1053.0,1040.66666667
90504,579000.0,817.375,933.0,927.0,947.0,935.666666667
90505,812100.0,866.0,736.0,747.0,750.0,744.333333333
90601,432600.0,747.857142857,1170.0,1253.0,1213.0,1212.0
90602,448600.0,801.5,341.0,319.0,320.0,326.666666667
90603,480800.0,799.5,101.0,93.0,80.0,91.3333333333
90604,443500.0,767.076923077,1853.0,1885.0,1961.0,1899.66666667
90605,408100.0,704.8,1414.0,1446.0,1447.0,1435.66666667
90606,382400.0,764.25,1480.0,1467.0,1492.0,1479.66666667
90620,455700.0,843.0,1311.0,1205.0,1194.0,1236.66666667
90621,467200.0,771.5,1986.0,2030.0,1849.0,1955.0
90623,629200.0,848.4,912.0,890.0,869.0,890.333333333
90630,539800.0,909.375,1419.0,1465.0,1454.0,1446.0
90631,469300.0,746.357142857,2932.0,2724.0,2734.0,2796.66666667
90638,466100.0,803.6,604.0,624.0,511.0,579.666666667
90640,422000.0,660.333333333,5288.0,4932.0,4657.0,4959.0
90650,375800.0,757.045454545,4286.0,4225.0,3731.0,4080.66666667
90660,370700.0,748.285714286,2940.0,2913.0,2734.0,2862.33333333
90670,403500.0,788.8,954.0,948.0,816.0,906.0
90680,397700.0,762.5,526.0,538.0,557.0,540.333333333
90701,443400.0,794.5,570.0,594.0,624.0,596.0
90703,634800.0,835.411764706,1916.0,1965.0,2020.0,1967.0
90704,576600.0,702.0,196.0,254.0,263.0,237.666666667
90706,401700.0,739.0,2098.0,2040.0,1982.0,2040.0
90710,472800.0,711.0,1251.0,1176.0,707.0,1044.66666667
90712,468900.0,797.75,652.0,721.0,713.0,695.333333333
90713,484900.0,723.857142857,1134.0,1316.0,1286.0,1245.33333333
90715,415400.0,771.6,992.0,1020.0,1025.0,1012.33333333
90716,324100.0,728.333333333,721.0,691.0,678.0,696.666666667
90717,570100.0,772.666666667,861.0,832.0,529.0,740.666666667
90720,797000.0,892.625,316.0,314.0,300.0,310.0
90723,321000.0,764.571428571,5743.0,5903.0,5879.0,5841.66666667
90731,496200.0,721.3,1815.0,1665.0,1092.0,1524.0
90732,552500.0,815.25,177.0,170.0,149.0,165.333333333
90744,372200.0,740.875,4068.0,3736.0,2167.0,3323.66666667
90745,400900.0,736.8,2069.0,1794.0,1029.0,1630.66666667
90746,442000.0,745.6,392.0,353.0,282.0,342.333333333
90755,406800.0,788.666666667,481.0,632.0,721.0,611.333333333
90802,278200.0,766.25,1127.0,1414.0,1516.0,1352.33333333
90803,791800.0,774.25,137.0,198.0,197.0,177.333333333
90804,399100.0,727.4,1410.0,1907.0,1911.0,1742.66666667
90805,345800.0,726.75,3782.0,4830.0,4855.0,4489.0
90806,422800.0,765.75,833.0,1145.0,1164.0,1047.33333333
90807,515000.0,799.25,380.0,539.0,567.0,495.333333333
90808,567700.0,731.25,811.0,885.0,903.0,866.333333333
90810,349300.0,704.25,2220.0,2707.0,2694.0,2540.33333333
90813,321000.0,688.666666667,2705.0,3371.0,3416.0,3164.0
90814,642700.0,819.0,269.0,307.0,295.0,290.333333333
90815,572700.0,728.714285714,1058.0,1524.0,1514.0,1365.33333333
91001,650900.0,717.0,518.0,490.0,488.0,498.666666667
91006,1031300.0,863.8,690.0,523.0,654.0,622.333333333
91007,1126100.0,887.666666667,1029.0,856.0,831.0,905.333333333
91010,429800.0,713.0,1030.0,1000.0,908.0,979.333333333
91011,1435500.0,920.25,265.0,271.0,264.0,266.666666667
91016,560300.0,728.125,785.0,818.0,849.0,817.333333333
91024,828200.0,751.0,66.0,62.0,51.0,59.6666666667
91030,851900.0,886.8,346.0,364.0,374.0,361.333333333
91040,462100.0,755.333333333,494.0,456.0,319.0,423.0
91042,474400.0,741.25,744.0,654.0,415.0,604.333333333
91101,452600.0,744.0,267.0,291.0,292.0,283.333333333
91103,581100.0,712.4,1081.0,1042.0,956.0,1026.33333333
91104,648700.0,744.5,950.0,941.0,933.0,941.333333333
91105,1021400.0,722.0,69.0,76.0,56.0,67.0
91106,554400.0,654.0,431.0,423.0,420.0,424.666666667
91107,764300.0,695.7,1655.0,1552.0,1132.0,1446.33333333
91108,2134200.0,880.25,177.0,212.0,196.0,195.0
91201,645700.0,821.333333333,563.0,621.0,580.0,588.0
91202,655700.0,756.0,1505.0,1455.0,1318.0,1426.0
91203,411500.0,861.0,254.0,244.0,220.0,239.333333333
91204,424600.0,722.0,333.0,347.0,305.0,328.333333333
91205,508400.0,796.0,1961.0,1924.0,1829.0,1904.66666667
91206,657400.0,741.0,1412.0,1419.0,1332.0,1387.66666667
91208,817600.0,882.5,300.0,319.0,346.0,321.666666667
91214,702100.0,874.333333333,1339.0,1290.0,1188.0,1272.33333333
91303,394400.0,674.333333333,1728.0,1693.0,1355.0,1592.0
91304,528800.0,729.2,782.0,718.0,512.0,670.666666667
91306,448200.0,739.428571429,1929.0,1907.0,1504.0,1780.0
91307,572700.0,853.5,184.0,175.0,153.0,170.666666667
91311,532200.0,745.333333333,1225.0,1117.0,587.0,976.333333333
91316,534800.0,847.666666667,216.0,229.0,214.0,219.666666667
91320,614200.0,779.5,727.0,717.0,734.0,726.0
91321,407200.0,775.777777778,2024.0,2137.0,2099.0,2086.66666667
91324,508200.0,786.5,587.0,569.0,422.0,526.0
91325,586700.0,762.0,1459.0,1391.0,823.0,1224.33333333
91326,676100.0,876.666666667,131.0,125.0,120.0,125.333333333
91331,357500.0,715.333333333,5974.0,5711.0,4374.0,5353.0
91335,422400.0,741.105263158,4125.0,3690.0,2404.0,3406.33333333
91340,345700.0,705.5,4450.0,4069.0,2974.0,3831.0
91342,404800.0,756.375,4986.0,4420.0,3264.0,4223.33333333
91343,456200.0,726.214285714,4896.0,4597.0,3617.0,4370.0
91344,523800.0,740.230769231,2645.0,2195.0,1454.0,2098.0
91345,419000.0,759.0,162.0,158.0,161.0,160.333333333
91350,456400.0,787.875,421.0,413.0,372.0,402.0
91351,399000.0,739.888888889,1694.0,1768.0,1712.0,1724.66666667
91352,396600.0,669.636363636,4610.0,4070.0,2371.0,3683.66666667
91354,496900.0,845.2,302.0,346.0,354.0,334.0
91355,464500.0,805.333333333,431.0,478.0,514.0,474.333333333
91356,834400.0,782.5,694.0,666.0,478.0,612.666666667
91360,602000.0,770.333333333,645.0,768.0,770.0,727.666666667
91361,866800.0,854.0,26.0,29.0,35.0,30.0
91362,719600.0,779.5,641.0,678.0,692.0,670.333333333
91364,766500.0,763.2,553.0,502.0,295.0,450.0
91367,625800.0,730.333333333,917.0,868.0,805.0,863.333333333
91377,692300.0,879.8,116.0,170.0,129.0,138.333333333
91384,468800.0,726.8,279.0,324.0,321.0,308.0
91387,446100.0,780.75,345.0,353.0,365.0,354.333333333
91390,548800.0,751.0,39.0,35.0,38.0,37.3333333333
91401,629700.0,715.0,2005.0,1906.0,1435.0,1782.0
91402,356400.0,697.6,4027.0,3704.0,2516.0,3415.66666667
91403,842500.0,836.0,121.0,127.0,123.0,123.666666667
91405,431500.0,678.5,2490.0,2335.0,1591.0,2138.66666667
91406,453400.0,717.75,3356.0,3336.0,2430.0,3040.66666667
91411,571600.0,639.8,2191.0,1975.0,1267.0,1811.0
91423,821000.0,770.666666667,452.0,432.0,265.0,383.0
91436,1336400.0,837.0,67.0,81.0,68.0,72.0
91501,650500.0,829.5,351.0,356.0,362.0,356.333333333
91502,445800.0,728.0,478.0,505.0,436.0,473.0
91504,646700.0,798.0,574.0,512.0,441.0,509.0
91505,615100.0,799.2,467.0,422.0,393.0,427.333333333
91506,640600.0,727.0,735.0,767.0,617.0,706.333333333
91601,512400.0,684.5,1941.0,1759.0,949.0,1549.66666667
91602,680600.0,682.333333333,532.0,476.0,214.0,407.333333333
91604,1017400.0,850.0,44.0,41.0,45.0,43.3333333333
91605,423200.0,733.125,2453.0,2399.0,1882.0,2244.66666667
91606,452000.0,757.8,2065.0,1906.0,1296.0,1755.66666667
91607,702200.0,840.0,140.0,157.0,163.0,153.333333333
91701,470000.0,829.4,602.0,655.0,689.0,648.666666667
91702,366600.0,718.071428571,3013.0,2815.0,2497.0,2775.0
91706,361100.0,736.05,5855.0,5644.0,5212.0,5570.33333333
91708,423500.0,852.0,83.0,90.0,92.0,88.3333333333
91709,584100.0,845.785714286,1103.0,1112.0,1102.0,1105.66666667
91710,408200.0,745.714285714,2727.0,2626.0,2586.0,2646.33333333
91711,597300.0,817.555555556,501.0,507.0,468.0,492.0
91722,401500.0,738.625,1369.0,1335.0,1193.0,1299.0
91723,436100.0,728.166666667,755.0,724.0,667.0,715.333333333
91724,481800.0,736.8,460.0,461.0,474.0,465.0
91730,364200.0,807.909090909,1221.0,1189.0,1111.0,1173.66666667
91731,402300.0,749.166666667,2173.0,2078.0,2163.0,2138.0
91732,414100.0,725.176470588,6060.0,5952.0,5816.0,5942.66666667
91733,395300.0,750.375,2519.0,2444.0,2474.0,2479.0
91737,544700.0,839.4,210.0,241.0,290.0,247.0
91739,547600.0,847.666666667,550.0,633.0,795.0,659.333333333
91740,447100.0,771.0,272.0,290.0,296.0,286.0
91741,586600.0,805.833333333,286.0,308.0,346.0,313.333333333
91744,371600.0,745.5,5329.0,5338.0,5008.0,5225.0
91745,578900.0,823.642857143,1440.0,1512.0,1417.0,1456.33333333
91746,374500.0,730.166666667,1540.0,1444.0,1434.0,1472.66666667
91748,562900.0,802.714285714,1653.0,1555.0,1503.0,1570.33333333
91750,540200.0,819.333333333,97.0,105.0,111.0,104.333333333
91752,405200.0,723.0,1319.0,1308.0,1304.0,1310.33333333
91754,546500.0,801.142857143,1592.0,1475.0,1415.0,1494.0
91755,545500.0,804.666666667,606.0,552.0,575.0,577.666666667
91761,357500.0,759.0,2449.0,2479.0,2409.0,2445.66666667
91762,325400.0,731.333333333,5132.0,4860.0,4597.0,4863.0
91763,332800.0,733.090909091,3738.0,3672.0,3553.0,3654.33333333
91764,302100.0,724.909090909,2840.0,2924.0,2869.0,2877.66666667
91765,624600.0,849.181818182,939.0,988.0,1064.0,997.0
91766,326200.0,683.266666667,4294.0,4205.0,4347.0,4282.0
91767,331600.0,656.214285714,2409.0,2256.0,2232.0,2299.0
91768,319900.0,721.444444444,2565.0,2459.0,2074.0,2366.0
91770,490600.0,806.357142857,3938.0,3722.0,3431.0,3697.0
91773,518300.0,774.0,263.0,256.0,243.0,254.0
91775,753000.0,890.25,479.0,520.0,492.0,497.0
91776,556900.0,764.285714286,2554.0,2825.0,2355.0,2578.0
91780,654900.0,849.333333333,1197.0,1098.0,1156.0,1150.33333333
91784,586900.0,858.333333333,162.0,140.0,137.0,146.333333333
91786,402400.0,779.3,1027.0,1026.0,1202.0,1085.0
91789,699700.0,879.2,1249.0,1242.0,1325.0,1272.0
91790,446000.0,803.8,847.0,864.0,865.0,858.666666667
91791,517900.0,796.111111111,821.0,798.0,718.0,779.0
91792,435700.0,747.5,515.0,511.0,478.0,501.333333333
91801,539300.0,829.571428571,2975.0,2631.0,2414.0,2673.33333333
91803,548300.0,843.0,988.0,909.0,869.0,922.0
91901,487200.0,753.5,71.0,66.0,58.0,65.0
91902,529400.0,798.0,165.0,160.0,172.0,165.666666667
91906,227300.0,631.0,52.0,37.0,46.0,45.0
91910,400100.0,800.133333333,4209.0,4067.0,4166.0,4147.33333333
91911,372300.0,766.090909091,5371.0,5601.0,5520.0,5497.33333333
91913,457300.0,812.454545455,2421.0,2524.0,2634.0,2526.33333333
91914,609900.0,843.75,812.0,780.0,813.0,801.666666667
91915,453700.0,805.25,914.0,991.0,1019.0,974.666666667
91932,382600.0,721.6,1200.0,1122.0,1095.0,1139.0
91935,602900.0,743.0,189.0,166.0,171.0,175.333333333
91941,514100.0,763.4,763.0,744.0,788.0,765.0
91942,414000.0,786.0,236.0,198.0,189.0,207.666666667
91945,348000.0,764.6,612.0,626.0,847.0,695.0
91950,317600.0,775.615384615,4078.0,4599.0,4705.0,4460.66666667
91962,305100.0,605.0,101.0,90.0,82.0,91.0
91977,359000.0,732.166666667,2286.0,2241.0,1957.0,2161.33333333
91978,414200.0,690.5,316.0,335.0,269.0,306.666666667
92004,229600.0,673.333333333,199.0,224.0,202.0,208.333333333
92007,860900.0,813.0,61.0,61.0,53.0,58.3333333333
92008,718500.0,735.777777778,748.0,733.0,719.0,733.333333333
92009,736500.0,829.0,481.0,474.0,422.0,459.0
92011,767800.0,793.0,75.0,69.0,86.0,76.6666666667
92014,1606500.0,839.5,50.0,45.0,51.0,48.6666666667
92019,435900.0,743.0,1959.0,2141.0,1910.0,2003.33333333
92020,416600.0,731.538461538,2214.0,2309.0,2362.0,2295.0
92021,382400.0,731.666666667,1861.0,1912.0,1610.0,1794.33333333
92024,803000.0,746.5,655.0,674.0,664.0,664.333333333
92025,434900.0,711.75,2906.0,2760.0,2885.0,2850.33333333
92026,412100.0,701.777777778,3368.0,3409.0,3554.0,3443.66666667
92027,367900.0,703.818181818,4007.0,3794.0,3893.0,3898.0
92028,487100.0,701.875,2264.0,2150.0,2139.0,2184.33333333
92029,630500.0,834.0,50.0,53.0,61.0,54.6666666667
92036,293500.0,713.333333333,57.0,54.0,50.0,53.6666666667
92037,1282800.0,854.0,507.0,495.0,451.0,484.333333333
92040,408900.0,717.625,453.0,428.0,431.0,437.333333333
92056,412800.0,721.142857143,828.0,877.0,848.0,851.0
92057,382000.0,721.909090909,2319.0,2359.0,2192.0,2290.0
92058,386200.0,726.833333333,1041.0,1023.0,959.0,1007.66666667
92061,480700.0,754.0,105.0,112.0,113.0,110.0
92064,606400.0,803.2,1114.0,1149.0,1166.0,1143.0
92065,433000.0,729.0,910.0,850.0,843.0,867.666666667
92067,2737100.0,889.5,37.0,47.0,53.0,45.6666666667
92069,435800.0,775.111111111,2995.0,2771.0,2879.0,2881.66666667
92071,396000.0,786.4,525.0,579.0,491.0,531.666666667
92075,1172600.0,740.0,134.0,160.0,162.0,152.0
92078,502000.0,764.0,1124.0,1018.0,1118.0,1086.66666667
92081,466600.0,732.666666667,900.0,921.0,893.0,904.666666667
92082,503200.0,740.4,772.0,788.0,724.0,761.333333333
92083,366800.0,704.083333333,2564.0,2603.0,2614.0,2593.66666667
92084,447300.0,697.375,2199.0,2374.0,2386.0,2319.66666667
92101,486800.0,659.272727273,1242.0,1339.0,1402.0,1327.66666667
92102,363200.0,742.235294118,2989.0,3030.0,3146.0,3055.0
92103,611200.0,805.6,499.0,572.0,607.0,559.333333333
92104,478800.0,810.333333333,482.0,479.0,479.0,480.0
92105,318500.0,725.357142857,3974.0,3954.0,3913.0,3947.0
92106,925700.0,719.3,705.0,699.0,772.0,725.333333333
92107,766900.0,801.0,274.0,244.0,217.0,245.0
92109,718700.0,761.0,1058.0,946.0,864.0,956.0
92110,503000.0,791.333333333,122.0,105.0,93.0,106.666666667
92111,474300.0,710.733333333,1671.0,1643.0,1605.0,1639.66666667
92113,303300.0,699.923076923,3568.0,3830.0,3653.0,3683.66666667
92114,342000.0,744.583333333,2275.0,2260.0,2336.0,2290.33333333
92115,397100.0,731.166666667,2650.0,2792.0,3124.0,2855.33333333
92116,461600.0,793.0,501.0,489.0,465.0,485.0
92117,513200.0,728.923076923,1934.0,1841.0,1737.0,1837.33333333
92118,1424100.0,811.666666667,78.0,74.0,84.0,78.6666666667
92119,487000.0,797.0,350.0,307.0,255.0,304.0
92120,506600.0,802.666666667,734.0,739.0,691.0,721.333333333
92121,515300.0,614.0,299.0,270.0,262.0,277.0
92122,589500.0,811.8,842.0,854.0,759.0,818.333333333
92123,466800.0,818.0,532.0,447.0,415.0,464.666666667
92124,545000.0,777.5,956.0,895.0,777.0,876.0
92126,461200.0,839.111111111,1853.0,1911.0,1814.0,1859.33333333
92127,683300.0,893.25,808.0,885.0,962.0,885.0
92128,526900.0,872.333333333,671.0,648.0,709.0,676.0
92129,652300.0,869.166666667,1254.0,1243.0,1339.0,1278.66666667
92130,896100.0,906.416666667,659.0,717.0,696.0,690.666666667
92131,671500.0,881.833333333,617.0,621.0,613.0,617.0
92139,341000.0,783.428571429,1152.0,1175.0,1137.0,1154.66666667
92154,357500.0,754.25,6530.0,6424.0,6431.0,6461.66666667
92173,327700.0,763.0,2508.0,2508.0,2673.0,2563.0
92201,198700.0,739.666666667,4716.0,4637.0,4824.0,4725.66666667
92203,294400.0,765.5,403.0,439.0,495.0,445.666666667
92210,701500.0,844.0,81.0,85.0,88.0,84.6666666667
92211,325000.0,800.0,143.0,160.0,154.0,152.333333333
92220,186500.0,738.666666667,1025.0,972.0,844.0,947.0
92223,259100.0,782.444444444,1326.0,1285.0,1172.0,1261.0
92225,122000.0,597.5,375.0,340.0,321.0,345.333333333
92227,147200.0,705.0,1574.0,1592.0,1588.0,1584.66666667
92231,174300.0,666.363636364,4764.0,4506.0,4815.0,4695.0
92234,231100.0,716.777777778,3526.0,3387.0,3195.0,3369.33333333
92236,174100.0,688.5,3306.0,3380.0,3350.0,3345.33333333
92240,151000.0,694.0,2406.0,2102.0,2036.0,2181.33333333
92243,159400.0,717.35,4669.0,4178.0,4358.0,4401.66666667
92249,160800.0,813.0,687.0,692.0,734.0,704.333333333
92250,143600.0,687.0,615.0,591.0,622.0,609.333333333
92251,188600.0,776.5,902.0,928.0,903.0,911.0
92252,101800.0,767.0,16.0,17.0,12.0,15.0
92253,386400.0,696.571428571,1008.0,986.0,1105.0,1033.0
92254,114000.0,718.0,1112.0,1176.0,1154.0,1147.33333333
92260,321800.0,792.0,914.0,944.0,1056.0,971.333333333
92262,312700.0,719.5,1082.0,1055.0,1012.0,1049.66666667
92264,277100.0,686.0,385.0,368.0,382.0,378.333333333
92270,482600.0,794.0,157.0,157.0,148.0,154.0
92276,158500.0,749.0,243.0,220.0,205.0,222.666666667
92277,93200.0,756.6,109.0,96.0,112.0,105.666666667
92284,136300.0,674.5,191.0,191.0,202.0,194.666666667
92307,200400.0,754.0,613.0,606.0,556.0,591.666666667
92308,176100.0,763.166666667,543.0,577.0,612.0,577.333333333
92311,93000.0,750.333333333,614.0,626.0,617.0,619.0
92313,295500.0,739.0,300.0,291.0,321.0,304.0
92314,200600.0,711.0,82.0,96.0,94.0,90.6666666667
92315,296800.0,739.333333333,229.0,236.0,249.0,238.0
92316,245900.0,708.25,2772.0,2777.0,2879.0,2809.33333333
92324,212500.0,691.333333333,3354.0,3473.0,3511.0,3446.0
92325,165100.0,686.0,30.0,29.0,34.0,31.0
92335,255000.0,753.823529412,7415.0,7354.0,7509.0,7426.0
92336,377900.0,775.285714286,5237.0,5351.0,5401.0,5329.66666667
92337,302100.0,739.636363636,2942.0,3338.0,3412.0,3230.66666667
92344,241700.0,602.0,270.0,292.0,196.0,252.666666667
92345,179000.0,715.818181818,3313.0,3189.0,2666.0,3056.0
92346,264600.0,756.307692308,1669.0,1608.0,1656.0,1644.33333333
92352,332000.0,718.25,229.0,236.0,227.0,230.666666667
92354,358900.0,880.0,134.0,90.0,83.0,102.333333333
92359,224900.0,784.0,36.0,37.0,38.0,37.0
92371,214900.0,773.333333333,299.0,317.0,311.0,309.0
92372,206700.0,738.0,41.0,42.0,43.0,42.0
92373,419100.0,804.166666667,367.0,381.0,356.0,368.0
92374,291200.0,743.222222222,1011.0,935.0,966.0,970.666666667
92376,251800.0,750.058823529,5101.0,5315.0,5616.0,5344.0
92377,317300.0,740.0,1346.0,1454.0,1515.0,1438.33333333
92391,156700.0,770.0,78.0,88.0,112.0,92.6666666667
92392,190900.0,771.714285714,2149.0,2028.0,1946.0,2041.0
92395,171100.0,748.230769231,1358.0,1312.0,1417.0,1362.33333333
92399,303100.0,704.444444444,714.0,827.0,821.0,787.333333333
92404,197500.0,699.933333333,3899.0,3848.0,3283.0,3676.66666667
92405,173400.0,706.5,2195.0,2164.0,2030.0,2129.66666667
92407,234600.0,736.2,2921.0,2869.0,2910.0,2900.0
92408,195700.0,694.0,234.0,266.0,285.0,261.666666667
92501,248200.0,751.0,395.0,433.0,433.0,420.333333333
92503,292300.0,752.4,5065.0,5297.0,5117.0,5159.66666667
92504,274700.0,756.888888889,1843.0,1867.0,1888.0,1866.0
92505,301400.0,766.3,3004.0,3245.0,3166.0,3138.33333333
92506,371000.0,698.0,1595.0,1617.0,1639.0,1617.0
92507,280600.0,706.571428571,1759.0,1748.0,1707.0,1738.0
92508,401300.0,804.5,442.0,430.0,423.0,431.666666667
92509,285500.0,725.578947368,5144.0,5078.0,5188.0,5136.66666667
92530,254000.0,769.6,1775.0,2631.0,2466.0,2290.66666667
92532,323300.0,820.6,520.0,726.0,681.0,642.333333333
92536,308800.0,827.0,37.0,35.0,35.0,35.6666666667
92539,179800.0,622.5,116.0,101.0,94.0,103.666666667
92543,137100.0,682.833333333,837.0,852.0,833.0,840.666666667
92544,192300.0,709.125,719.0,634.0,654.0,669.0
92545,211600.0,716.666666667,1180.0,1092.0,1125.0,1132.33333333
92549,229500.0,837.0,19.0,15.0,18.0,17.3333333333
92551,231400.0,756.5,2466.0,2372.0,2202.0,2346.66666667
92553,222100.0,730.0625,4960.0,4814.0,4215.0,4663.0
92555,296400.0,746.142857143,2017.0,1940.0,1560.0,1839.0
92557,260600.0,757.727272727,2107.0,2026.0,1679.0,1937.33333333
92562,366100.0,736.111111111,384.0,467.0,458.0,436.333333333
92563,357400.0,790.333333333,742.0,716.0,728.0,728.666666667
92567,262800.0,763.0,592.0,593.0,599.0,594.666666667
92570,240500.0,717.2,4644.0,4627.0,4588.0,4619.66666667
92571,227300.0,757.3,3157.0,3290.0,3215.0,3220.66666667
92582,234000.0,659.25,343.0,332.0,346.0,340.333333333
92583,184500.0,735.111111111,2001.0,2007.0,2019.0,2009.0
92584,309800.0,781.625,1069.0,1055.0,880.0,1001.33333333
92585,280300.0,740.6,1536.0,1482.0,1455.0,1491.0
92586,182700.0,757.5,255.0,235.0,201.0,230.333333333
92587,345300.0,782.0,186.0,170.0,166.0,174.0
92590,855000.0,588.0,86.0,125.0,190.0,133.666666667
92591,377800.0,792.571428571,756.0,736.0,702.0,731.333333333
92592,401200.0,806.133333333,970.0,979.0,948.0,965.666666667
92595,327000.0,795.333333333,800.0,1112.0,1021.0,977.666666667
92596,344700.0,794.75,225.0,235.0,232.0,230.666666667
92602,790000.0,878.5,657.0,677.0,739.0,691.0
92603,990900.0,937.0,388.0,422.0,414.0,408.0
92604,682000.0,875.0,877.0,906.0,943.0,908.666666667
92606,691400.0,915.0,309.0,320.0,313.0,314.0
92612,659300.0,839.333333333,428.0,450.0,454.0,444.0
92614,611100.0,893.2,582.0,571.0,569.0,574.0
92618,723800.0,902.0,139.0,160.0,154.0,151.0
92620,768300.0,908.0,844.0,905.0,1052.0,933.666666667
92624,747800.0,737.0,52.0,46.0,58.0,52.0
92625,1566700.0,845.0,22.0,17.0,18.0,19.0
92626,641900.0,769.454545455,2167.0,2127.0,2158.0,2150.66666667
92627,665300.0,732.125,2001.0,2103.0,2068.0,2057.33333333
92629,776700.0,723.5,404.0,415.0,401.0,406.666666667
92630,597800.0,757.75,1358.0,1495.0,1411.0,1421.33333333
92646,682100.0,833.375,369.0,350.0,380.0,366.333333333
92647,611300.0,810.846153846,2082.0,2098.0,2137.0,2105.66666667
92648,797500.0,805.0,376.0,365.0,338.0,359.666666667
92649,679100.0,768.5,438.0,449.0,453.0,446.666666667
92651,1432600.0,803.0,66.0,66.0,55.0,62.3333333333
92653,658300.0,760.5,552.0,576.0,568.0,565.333333333
92655,448100.0,857.333333333,882.0,868.0,826.0,858.666666667
92656,511400.0,812.857142857,646.0,619.0,594.0,619.666666667
92660,1380600.0,831.333333333,91.0,95.0,78.0,88.0
92663,1221300.0,712.666666667,606.0,637.0,642.0,628.333333333
92672,765100.0,688.75,480.0,463.0,472.0,471.666666667
92673,806300.0,736.666666667,542.0,543.0,567.0,550.666666667
92675,643900.0,674.375,1717.0,1685.0,1746.0,1716.0
92677,727400.0,767.571428571,560.0,569.0,575.0,568.0
92679,771500.0,852.5,53.0,56.0,50.0,53.0
92683,528200.0,819.875,5484.0,5600.0,5579.0,5554.33333333
92688,573500.0,820.888888889,545.0,564.0,568.0,559.0
92691,606600.0,746.2,1620.0,1607.0,1575.0,1600.66666667
92692,634400.0,747.833333333,604.0,643.0,610.0,619.0
92694,732200.0,880.5,161.0,164.0,155.0,160.0
92701,372000.0,762.692307692,5763.0,5741.0,5599.0,5701.0
92703,387800.0,737.454545455,4387.0,4425.0,4267.0,4359.66666667
92704,416700.0,748.65,10747.0,10559.0,10524.0,10610.0
92705,792900.0,773.692307692,3484.0,3462.0,3514.0,3486.66666667
92706,494100.0,753.857142857,2775.0,2831.0,2922.0,2842.66666667
92707,380100.0,736.363636364,5417.0,5296.0,5395.0,5369.33333333
92708,666300.0,856.384615385,3008.0,3021.0,2934.0,2987.66666667
92780,574400.0,745.769230769,3828.0,3825.0,3753.0,3802.0
92782,642300.0,879.0,335.0,341.0,298.0,324.666666667
92801,424600.0,760.181818182,4697.0,4574.0,4401.0,4557.33333333
92802,447600.0,750.833333333,2956.0,2938.0,2709.0,2867.66666667
92804,446500.0,751.944444444,7528.0,7266.0,7056.0,7283.33333333
92805,418400.0,749.2,6172.0,5955.0,5478.0,5868.33333333
92806,501000.0,724.666666667,3594.0,3622.0,3320.0,3512.0
92807,627100.0,826.75,431.0,408.0,379.0,406.0
92808,648200.0,864.0,148.0,154.0,171.0,157.666666667
92821,576900.0,845.875,929.0,766.0,741.0,812.0
92831,534000.0,762.875,1325.0,1446.0,1336.0,1369.0
92832,431400.0,784.4,1416.0,1376.0,1263.0,1351.66666667
92833,471300.0,827.888888889,2424.0,2440.0,2303.0,2389.0
92835,663700.0,864.0,360.0,399.0,381.0,380.0
92840,447800.0,769.846153846,3733.0,3770.0,3739.0,3747.33333333
92841,464200.0,766.166666667,3475.0,3427.0,3307.0,3403.0
92843,439000.0,789.818181818,4429.0,4414.0,4361.0,4401.33333333
92844,435900.0,837.75,2734.0,2889.0,2841.0,2821.33333333
92845,532100.0,882.166666667,499.0,573.0,613.0,561.666666667
92860,467800.0,743.0,768.0,764.0,789.0,773.666666667
92861,1167100.0,803.5,511.0,517.0,513.0,513.666666667
92865,548700.0,747.0,400.0,449.0,479.0,442.666666667
92866,532300.0,756.5,423.0,406.0,418.0,415.666666667
92867,603300.0,690.6,1701.0,1712.0,1709.0,1707.33333333
92868,438600.0,761.333333333,739.0,763.0,746.0,749.333333333
92869,614000.0,782.666666667,1622.0,1646.0,1684.0,1650.66666667
92870,568400.0,750.4,2456.0,2381.0,2233.0,2356.66666667
92879,363300.0,746.857142857,1682.0,1683.0,1796.0,1720.33333333
92880,489900.0,784.714285714,1762.0,1607.0,1665.0,1678.0
92881,464300.0,728.666666667,1150.0,1148.0,1286.0,1194.66666667
92882,407800.0,735.357142857,3157.0,3085.0,3300.0,3180.66666667
92883,423200.0,827.5,345.0,371.0,387.0,367.666666667
92886,678300.0,854.142857143,279.0,272.0,250.0,267.0
92887,773900.0,815.0,78.0,72.0,59.0,69.6666666667
93001,494700.0,678.666666667,1217.0,1255.0,1315.0,1262.33333333
93003,493400.0,708.0,972.0,950.0,996.0,972.666666667
93004,479800.0,745.0,212.0,216.0,223.0,217.0
93010,525600.0,698.636363636,554.0,544.0,539.0,545.666666667
93012,517700.0,810.833333333,435.0,502.0,525.0,487.333333333
93013,773600.0,747.0,800.0,772.0,770.0,780.666666667
93015,340300.0,674.0,532.0,525.0,530.0,529.0
93021,573700.0,715.1,1244.0,1211.0,1273.0,1242.66666667
93022,498000.0,664.0,54.0,57.0,56.0,55.6666666667
93023,612300.0,710.5,464.0,475.0,386.0,441.666666667
93030,420200.0,687.0,4156.0,4346.0,4669.0,4390.33333333
93033,352300.0,699.666666667,8045.0,8262.0,8526.0,8277.66666667
93035,487600.0,747.666666667,613.0,724.0,817.0,718.0
93036,405300.0,697.272727273,3663.0,4099.0,4201.0,3987.66666667
93041,311800.0,700.0,892.0,935.0,838.0,888.333333333
93060,361100.0,722.666666667,180.0,203.0,194.0,192.333333333
93063,478800.0,779.1,644.0,642.0,674.0,653.333333333
93065,485800.0,742.2,1588.0,1600.0,1602.0,1596.66666667
93066,967300.0,750.5,215.0,203.0,202.0,206.666666667
93101,794600.0,696.6,795.0,845.0,836.0,825.333333333
93103,1029900.0,703.8,1290.0,1315.0,1328.0,1311.0
93105,1032000.0,752.5,439.0,451.0,452.0,447.333333333
93108,2710500.0,908.0,19.0,14.0,15.0,16.0
93109,1064000.0,755.333333333,482.0,528.0,547.0,519.0
93110,1025200.0,710.25,902.0,883.0,917.0,900.666666667
93111,832700.0,835.75,304.0,315.0,324.0,314.333333333
93117,754600.0,750.875,1335.0,1296.0,1225.0,1285.33333333
93202,121500.0,730.0,333.0,301.0,318.0,317.333333333
93203,124900.0,688.166666667,3131.0,3125.0,3195.0,3150.33333333
93204,102700.0,625.0,1125.0,1150.0,1253.0,1176.0
93210,136300.0,694.75,1053.0,1059.0,1056.0,1056.0
93212,103900.0,681.25,893.0,866.0,869.0,876.0
93215,147100.0,706.8,3868.0,4371.0,4539.0,4259.33333333
93219,116000.0,664.5,1186.0,1165.0,1172.0,1174.33333333
93223,114600.0,670.666666667,842.0,851.0,730.0,807.666666667
93230,160900.0,748.235294118,1927.0,2047.0,2216.0,2063.33333333
93234,125400.0,684.5,733.0,742.0,730.0,735.0
93235,95400.0,689.0,309.0,298.0,304.0,303.666666667
93241,85800.0,688.25,1039.0,1066.0,1134.0,1079.66666667
93242,121700.0,704.333333333,304.0,293.0,294.0,297.0
93245,182200.0,750.8,1010.0,1063.0,890.0,987.666666667
93247,136200.0,659.75,1434.0,1216.0,1233.0,1294.33333333
93250,129100.0,683.25,1504.0,1539.0,1451.0,1498.0
93256,109900.0,643.5,405.0,584.0,518.0,502.333333333
93257,143500.0,701.321428571,4290.0,4611.0,4876.0,4592.33333333
93263,135600.0,692.166666667,2014.0,1907.0,1995.0,1972.0
93267,116300.0,722.5,707.0,679.0,683.0,689.666666667
93268,106300.0,680.833333333,438.0,472.0,563.0,491.0
93270,175700.0,647.0,488.0,444.0,447.0,459.666666667
93274,147600.0,744.727272727,3619.0,3805.0,3934.0,3786.0
93277,174600.0,719.416666667,1215.0,1234.0,1258.0,1235.66666667
93280,134500.0,686.666666667,2135.0,2172.0,2197.0,2168.0
93286,134200.0,681.5,767.0,856.0,888.0,837.0
93291,192700.0,707.4375,2228.0,2218.0,2305.0,2250.33333333
93292,179400.0,700.666666667,1130.0,1107.0,1143.0,1126.66666667
93301,162500.0,659.666666667,601.0,575.0,740.0,638.666666667
93304,127200.0,727.846153846,2402.0,2556.0,2681.0,2546.33333333
93305,114600.0,678.714285714,1369.0,1478.0,1441.0,1429.33333333
93306,159100.0,705.666666667,4063.0,4262.0,4293.0,4206.0
93307,130000.0,702.142857143,6402.0,6581.0,6849.0,6610.66666667
93308,173800.0,728.8,395.0,356.0,354.0,368.333333333
93309,172800.0,708.5,1481.0,1582.0,1616.0,1559.66666667
93311,266000.0,781.0,1141.0,1202.0,1385.0,1242.66666667
93312,267200.0,778.1875,794.0,753.0,795.0,780.666666667
93313,206900.0,756.7,1803.0,1965.0,2194.0,1987.33333333
93314,355600.0,745.6,282.0,292.0,310.0,294.666666667
93401,615200.0,711.333333333,203.0,205.0,229.0,212.333333333
93402,420900.0,689.666666667,125.0,124.0,138.0,129.0
93405,598800.0,673.4,344.0,373.0,386.0,367.666666667
93420,573300.0,728.0,502.0,466.0,477.0,481.666666667
93422,425200.0,722.333333333,290.0,313.0,319.0,307.333333333
93427,491500.0,746.5,143.0,118.0,128.0,129.666666667
93428,619500.0,757.666666667,260.0,275.0,246.0,260.333333333
93433,381900.0,782.333333333,238.0,244.0,250.0,244.0
93434,205600.0,662.0,490.0,513.0,489.0,497.333333333
93436,254400.0,679.181818182,1761.0,1752.0,1752.0,1755.0
93442,510500.0,703.5,127.0,132.0,141.0,133.333333333
93444,473600.0,711.666666667,405.0,393.0,420.0,406.0
93445,338300.0,754.0,186.0,191.0,185.0,187.333333333
93446,386800.0,712.8,436.0,451.0,463.0,450.0
93449,694100.0,741.0,126.0,125.0,120.0,123.666666667
93451,296000.0,733.0,126.0,143.0,139.0,136.0
93454,275200.0,703.555555556,4454.0,4514.0,4636.0,4534.66666667
93455,353800.0,699.333333333,1252.0,1264.0,1267.0,1261.0
93458,253900.0,709.1,3801.0,4060.0,4263.0,4041.33333333
93460,755800.0,757.0,220.0,235.0,213.0,222.666666667
93463,664300.0,775.0,176.0,174.0,171.0,173.666666667
93465,555700.0,713.666666667,51.0,48.0,68.0,55.6666666667
93501,75300.0,614.5,136.0,141.0,135.0,137.333333333
93505,85800.0,663.0,171.0,184.0,207.0,187.333333333
93510,486100.0,644.333333333,98.0,104.0,89.0,97.0
93514,335000.0,648.0,288.0,284.0,311.0,294.333333333
93534,153200.0,688.666666667,784.0,686.0,646.0,705.333333333
93535,172700.0,686.214285714,3083.0,2973.0,2980.0,3012.0
93536,259400.0,760.230769231,1373.0,1373.0,1412.0,1386.0
93543,180300.0,696.25,995.0,919.0,910.0,941.333333333
93550,180500.0,685.25,3504.0,3446.0,3418.0,3456.0
93551,302900.0,759.1,1635.0,1725.0,1699.0,1686.33333333
93552,216300.0,728.111111111,2914.0,2843.0,2748.0,2835.0
93553,219200.0,730.0,84.0,79.0,89.0,84.0
93555,151700.0,746.625,365.0,356.0,366.0,362.333333333
93560,159300.0,695.5,481.0,535.0,507.0,507.666666667
93561,212400.0,684.2,454.0,336.0,344.0,378.0
93609,138100.0,708.666666667,564.0,541.0,588.0,564.333333333
93610,154700.0,744.142857143,914.0,857.0,900.0,890.333333333
93611,259400.0,830.3125,1299.0,1416.0,1256.0,1323.66666667
93612,166800.0,805.0,320.0,348.0,348.0,338.666666667
93618,152500.0,692.0,2288.0,2092.0,2268.0,2216.0
93619,373500.0,881.25,213.0,177.0,163.0,184.333333333
93622,126700.0,740.0,875.0,916.0,930.0,907.0
93625,204200.0,759.0,556.0,551.0,552.0,553.0
93630,173300.0,737.6,1329.0,1069.0,1093.0,1163.66666667
93631,223500.0,731.2,673.0,703.0,747.0,707.666666667
93636,266000.0,777.75,124.0,125.0,112.0,120.333333333
93637,176400.0,704.461538462,3350.0,3352.0,3243.0,3315.0
93638,138300.0,685.0,3778.0,3797.0,3862.0,3812.33333333
93640,117200.0,747.75,1502.0,1518.0,1554.0,1524.66666667
93644,211100.0,672.0,21.0,27.0,22.0,23.3333333333
93646,116000.0,739.0,1314.0,1356.0,1437.0,1369.0
93647,128700.0,670.75,1582.0,1619.0,1646.0,1615.66666667
93648,123000.0,699.166666667,1360.0,1401.0,1398.0,1386.33333333
93650,107400.0,844.5,147.0,155.0,140.0,147.333333333
93654,170100.0,769.1,2287.0,2349.0,2380.0,2338.66666667
93656,131700.0,751.0,593.0,584.0,660.0,612.333333333
93657,173900.0,795.166666667,2455.0,2239.0,2428.0,2374.0
93660,118100.0,671.0,440.0,473.0,498.0,470.333333333
93662,156300.0,750.7,2131.0,2145.0,2211.0,2162.33333333
93701,94600.0,697.5,984.0,989.0,914.0,962.333333333
93702,88400.0,691.3,3481.0,3418.0,3149.0,3349.33333333
93703,120400.0,661.125,2100.0,2050.0,1855.0,2001.66666667
93704,193800.0,728.545454545,1799.0,1743.0,1441.0,1661.0
93705,133800.0,738.571428571,775.0,741.0,698.0,738.0
93706,101700.0,687.238095238,3052.0,2874.0,2703.0,2876.33333333
93710,200200.0,752.4,505.0,447.0,359.0,437.0
93711,291500.0,728.5,86.0,84.0,88.0,86.0
93720,278300.0,860.3,423.0,502.0,425.0,450.0
93722,189900.0,765.416666667,1794.0,1614.0,1565.0,1657.66666667
93723,272600.0,771.25,408.0,405.0,380.0,397.666666667
93725,133900.0,756.888888889,1904.0,1859.0,1749.0,1837.33333333
93726,148100.0,717.916666667,1696.0,1670.0,1431.0,1599.0
93727,188400.0,712.071428571,3371.0,3243.0,2917.0,3177.0
93728,130500.0,683.8,602.0,589.0,543.0,578.0
93730,377600.0,871.333333333,151.0,183.0,148.0,160.666666667
93901,398700.0,694.875,1684.0,1790.0,1962.0,1812.0
93905,275300.0,716.5,7047.0,7508.0,7859.0,7471.33333333
93906,321700.0,707.764705882,4758.0,5218.0,5492.0,5156.0
93907,385200.0,659.166666667,871.0,956.0,981.0,936.0
93908,704800.0,771.0,24.0,18.0,16.0,19.3333333333
93923,1187100.0,771.5,38.0,37.0,41.0,38.6666666667
93924,886700.0,813.0,29.0,23.0,29.0,27.0
93926,255300.0,650.333333333,1163.0,724.0,849.0,912.0
93927,198000.0,668.5,1990.0,2056.0,2220.0,2088.66666667
93933,415600.0,682.5,618.0,669.0,659.0,648.666666667
93940,617500.0,710.75,579.0,563.0,660.0,600.666666667
93950,713000.0,802.75,125.0,130.0,143.0,132.666666667
93955,375500.0,692.0,1793.0,1797.0,1812.0,1800.66666667
93960,252200.0,736.375,2068.0,1995.0,1939.0,2000.66666667
94002,1210400.0,785.333333333,389.0,508.0,525.0,474.0
94005,675800.0,801.0,23.0,27.0,13.0,21.0
94010,2053900.0,853.222222222,695.0,632.0,611.0,646.0
94014,598200.0,712.7,1360.0,1467.0,1434.0,1420.33333333
94015,701000.0,792.333333333,1775.0,1916.0,1826.0,1839.0
94019,904400.0,673.75,829.0,847.0,892.0,856.0
94022,2764000.0,847.2,382.0,415.0,414.0,403.666666667
94024,2211500.0,916.8,151.0,173.0,152.0,158.666666667
94025,1641100.0,733.714285714,1745.0,1727.0,1783.0,1751.66666667
94027,4583700.0,771.75,474.0,484.0,531.0,496.333333333
94028,2986100.0,824.0,17.0,25.0,21.0,21.0
94030,1189600.0,865.8,720.0,763.0,806.0,763.0
94037,931200.0,663.0,99.0,106.0,93.0,99.3333333333
94040,1508700.0,753.0,1024.0,1085.0,1078.0,1062.33333333
94041,1214900.0,797.0,182.0,193.0,199.0,191.333333333
94043,909200.0,789.5,689.0,742.0,702.0,711.0
94044,714100.0,737.25,257.0,270.0,249.0,258.666666667
94061,1051900.0,756.8,767.0,854.0,903.0,841.333333333
94062,1613400.0,744.714285714,1950.0,1860.0,1909.0,1906.33333333
94063,691300.0,701.833333333,1332.0,1325.0,1282.0,1313.0
94065,1090900.0,800.5,53.0,56.0,79.0,62.6666666667
94066,732000.0,775.25,1167.0,1192.0,1204.0,1187.66666667
94070,1312500.0,812.0,172.0,191.0,217.0,193.333333333
94080,698500.0,783.636363636,2082.0,1960.0,2444.0,2162.0
94085,732900.0,712.0,831.0,889.0,899.0,873.0
94086,987800.0,798.5,779.0,807.0,779.0,788.333333333
94087,1385900.0,828.0,1904.0,1914.0,1967.0,1928.33333333
94089,748000.0,756.0,179.0,192.0,190.0,187.0
94102,783000.0,731.0,138.0,157.0,165.0,153.333333333
94103,886800.0,745.5,384.0,395.0,385.0,388.0
94107,1007000.0,614.75,232.0,228.0,222.0,227.333333333
94108,845500.0,837.0,380.0,381.0,390.0,383.666666667
94109,933300.0,783.333333333,968.0,947.0,948.0,954.333333333
94110,1110000.0,667.875,1051.0,1284.0,1309.0,1214.66666667
94112,736900.0,710.0,1768.0,1919.0,1930.0,1872.33333333
94114,1504000.0,715.625,1255.0,1268.0,1240.0,1254.33333333
94115,1285300.0,740.4,443.0,435.0,320.0,399.333333333
94116,930600.0,843.5,1548.0,1583.0,1567.0,1566.0
94117,1312000.0,664.5,132.0,137.0,146.0,138.333333333
94118,1618400.0,837.25,568.0,534.0,517.0,539.666666667
94121,1198300.0,822.2,1309.0,1242.0,1201.0,1250.66666667
94122,980300.0,885.8,962.0,1041.0,1006.0,1003.0
94123,2103500.0,860.0,628.0,622.0,579.0,609.666666667
94124,610100.0,675.0,319.0,314.0,285.0,306.0
94127,1259100.0,812.75,696.0,696.0,729.0,707.0
94131,1235800.0,705.857142857,494.0,529.0,524.0,515.666666667
94132,854100.0,871.5,176.0,206.0,193.0,191.666666667
94133,1173000.0,848.6,756.0,786.0,786.0,776.0
94134,677100.0,745.285714286,1266.0,1374.0,1426.0,1355.33333333
94301,2720900.0,811.333333333,164.0,177.0,135.0,158.666666667
94303,1384300.0,775.818181818,1805.0,1788.0,1578.0,1723.66666667
94305,2307200.0,866.5,112.0,123.0,131.0,122.0
94306,1905500.0,872.125,744.0,730.0,610.0,694.666666667
94401,703600.0,698.5,657.0,655.0,643.0,651.666666667
94402,1392400.0,713.142857143,972.0,952.0,1020.0,981.333333333
94403,960600.0,708.0,1129.0,1137.0,1147.0,1137.66666667
94404,1046800.0,882.75,454.0,475.0,488.0,472.333333333
94501,727800.0,815.5,1678.0,1600.0,1497.0,1591.66666667
94502,733400.0,919.5,168.0,155.0,154.0,159.0
94503,419400.0,683.666666667,397.0,498.0,568.0,487.666666667
94505,519100.0,799.0,56.0,52.0,52.0,53.3333333333
94506,1147500.0,925.5,120.0,135.0,108.0,121.0
94507,1463200.0,876.0,26.0,31.0,25.0,27.3333333333
94509,273500.0,713.909090909,1753.0,1777.0,1950.0,1826.66666667
94510,510400.0,785.833333333,136.0,120.0,117.0,124.333333333
94513,452000.0,780.923076923,1590.0,1616.0,1636.0,1614.0
94515,569800.0,735.0,365.0,393.0,339.0,365.666666667
94517,678500.0,791.5,68.0,79.0,65.0,70.6666666667
94518,521800.0,676.6,1208.0,1322.0,1279.0,1269.66666667
94519,414900.0,706.666666667,212.0,258.0,264.0,244.666666667
94520,339000.0,686.5,1459.0,1484.0,1463.0,1468.66666667
94521,499800.0,706.222222222,1093.0,1166.0,1125.0,1128.0
94523,596100.0,769.111111111,768.0,845.0,756.0,789.666666667
94525,377200.0,688.0,108.0,73.0,83.0,88.0
94526,990400.0,850.0,89.0,97.0,77.0,87.6666666667
94530,675600.0,734.0,650.0,647.0,723.0,673.333333333
94531,360800.0,748.222222222,1110.0,1080.0,1282.0,1157.33333333
94533,262000.0,735.571428571,1911.0,2019.0,2456.0,2128.66666667
94534,426900.0,800.111111111,680.0,816.0,796.0,764.0
94536,693800.0,812.142857143,2271.0,2536.0,1895.0,2234.0
94538,644400.0,788.214285714,2218.0,2506.0,1926.0,2216.66666667
94539,1192900.0,947.666666667,1699.0,1922.0,1094.0,1571.66666667
94541,436400.0,675.272727273,2037.0,2109.0,2252.0,2132.66666667
94542,669000.0,727.0,113.0,111.0,131.0,118.333333333
94544,443000.0,693.666666667,2297.0,2276.0,2341.0,2304.66666667
94545,455700.0,726.0,1875.0,1892.0,1865.0,1877.33333333
94546,581500.0,828.555555556,754.0,833.0,755.0,780.666666667
94547,457800.0,768.8,552.0,508.0,537.0,532.333333333
94549,1226400.0,808.0,23.0,27.0,23.0,24.3333333333
94550,672600.0,712.25,626.0,488.0,458.0,524.0
94551,563900.0,739.166666667,691.0,636.0,615.0,647.333333333
94552,823300.0,909.0,305.0,308.0,233.0,282.0
94553,460300.0,778.5,295.0,295.0,277.0,289.0
94555,722200.0,931.666666667,662.0,689.0,489.0,613.333333333
94556,1108400.0,940.0,42.0,41.0,36.0,39.6666666667
94558,494300.0,683.944444444,3309.0,3172.0,3272.0,3251.0
94559,469800.0,633.8,624.0,634.0,654.0,637.333333333
94560,581900.0,752.454545455,2169.0,2194.0,2166.0,2176.33333333
94561,337400.0,752.111111111,1021.0,1015.0,1152.0,1062.66666667
94563,1274300.0,838.0,17.0,22.0,18.0,19.0
94564,405100.0,720.5,901.0,740.0,785.0,808.666666667
94565,293900.0,718.470588235,4265.0,4451.0,4177.0,4297.66666667
94566,919800.0,844.5,531.0,608.0,554.0,564.333333333
94568,672000.0,845.285714286,474.0,500.0,537.0,503.666666667
94571,276100.0,720.666666667,156.0,139.0,154.0,149.666666667
94572,380500.0,755.0,121.0,98.0,105.0,108.0
94574,965100.0,731.5,359.0,315.0,298.0,324.0
94577,469000.0,721.875,2089.0,2091.0,2252.0,2144.0
94578,437300.0,739.666666667,475.0,473.0,499.0,482.333333333
94579,469700.0,820.25,857.0,860.0,905.0,874.0
94580,447900.0,747.0,2621.0,2550.0,2831.0,2667.33333333
94582,944400.0,935.125,822.0,940.0,724.0,828.666666667
94583,778700.0,887.111111111,479.0,537.0,449.0,488.333333333
94585,286000.0,780.5,420.0,443.0,459.0,440.666666667
94587,604100.0,777.75,2465.0,2525.0,2443.0,2477.66666667
94588,789400.0,884.666666667,455.0,562.0,524.0,513.666666667
94589,236000.0,719.9,1319.0,1391.0,1279.0,1329.66666667
94590,218200.0,713.4,590.0,665.0,570.0,608.333333333
94591,323100.0,731.5,729.0,818.0,785.0,777.333333333
94595,476400.0,871.0,24.0,25.0,25.0,24.6666666667
94596,804600.0,796.333333333,176.0,175.0,159.0,170.0
94597,657200.0,788.5,134.0,149.0,167.0,150.0
94598,826800.0,824.666666667,271.0,278.0,282.0,277.0
94599,760400.0,658.0,36.0,33.0,31.0,33.3333333333
94601,320000.0,740.411764706,2686.0,2707.0,2655.0,2682.66666667
94602,660100.0,741.5,469.0,450.0,421.0,446.666666667
94603,255500.0,715.818181818,1980.0,1899.0,1965.0,1948.0
94605,401400.0,709.0,709.0,724.0,594.0,675.666666667
94606,393700.0,748.833333333,1231.0,1212.0,1168.0,1203.66666667
94607,409500.0,782.571428571,587.0,590.0,634.0,603.666666667
94608,477100.0,748.0,505.0,522.0,562.0,529.666666667
94609,667700.0,640.0,211.0,212.0,214.0,212.333333333
94610,867900.0,712.0,970.0,991.0,958.0,973.0
94611,942300.0,824.333333333,511.0,462.0,533.0,502.0
94612,442700.0,655.0,208.0,232.0,220.0,220.0
94618,1021600.0,779.5,49.0,52.0,46.0,49.0
94619,533000.0,772.375,836.0,825.0,942.0,867.666666667
94621,231600.0,706.230769231,2042.0,2063.0,2196.0,2100.33333333
94702,688800.0,832.0,29.0,28.0,24.0,27.0
94703,729400.0,735.25,294.0,352.0,305.0,317.0
94704,790100.0,669.5,335.0,290.0,240.0,288.333333333
94705,1263400.0,744.0,198.0,195.0,161.0,184.666666667
94706,718100.0,846.2,722.0,458.0,526.0,568.666666667
94707,1003600.0,801.0,104.0,105.0,106.0,105.0
94708,997000.0,849.0,95.0,100.0,104.0,99.6666666667
94709,772100.0,810.0,42.0,54.0,41.0,45.6666666667
94710,662800.0,757.0,96.0,84.0,69.0,83.0
94801,236800.0,690.571428571,1275.0,1325.0,1204.0,1268.0
94803,429100.0,755.333333333,717.0,683.0,764.0,721.333333333
94804,299900.0,683.888888889,2195.0,2143.0,2189.0,2175.66666667
94805,390700.0,676.333333333,662.0,658.0,684.0,668.0
94806,293400.0,717.846153846,2950.0,2834.0,2954.0,2912.66666667
94901,878500.0,731.875,1491.0,1610.0,1712.0,1604.33333333
94903,772700.0,723.857142857,641.0,705.0,711.0,685.666666667
94904,1474800.0,789.0,50.0,52.0,55.0,52.3333333333
94925,1071700.0,787.0,29.0,32.0,30.0,30.3333333333
94928,414300.0,725.142857143,993.0,1005.0,1016.0,1004.66666667
94930,742200.0,670.0,19.0,22.0,18.0,19.6666666667
94931,437000.0,720.0,121.0,125.0,155.0,133.666666667
94939,1331000.0,725.0,37.0,56.0,66.0,53.0
94941,1273300.0,794.5,75.0,88.0,103.0,88.6666666667
94945,692300.0,709.666666667,218.0,223.0,233.0,224.666666667
94947,625300.0,760.166666667,481.0,537.0,544.0,520.666666667
94949,769200.0,809.5,336.0,367.0,364.0,355.666666667
94952,629400.0,810.75,137.0,136.0,148.0,140.333333333
94954,500000.0,795.666666667,519.0,546.0,541.0,535.333333333
94960,992700.0,846.0,22.0,22.0,15.0,19.6666666667
94965,1087800.0,809.0,33.0,46.0,52.0,43.6666666667
95003,728300.0,704.0,366.0,352.0,357.0,358.333333333
95004,499200.0,729.0,143.0,140.0,140.0,141.0
95006,413700.0,730.0,18.0,27.0,41.0,28.6666666667
95008,890500.0,748.4,1151.0,1249.0,1194.0,1198.0
95010,655600.0,700.0,91.0,95.0,111.0,99.0
95014,1549900.0,894.571428571,1831.0,1774.0,1770.0,1791.66666667
95020,595400.0,741.8,2998.0,2931.0,2938.0,2955.66666667
95023,404200.0,708.866666667,2270.0,2292.0,2372.0,2311.33333333
95030,2063400.0,873.0,196.0,200.0,128.0,174.666666667
95032,1335500.0,899.0,157.0,137.0,111.0,135.0
95035,729500.0,845.666666667,2858.0,2907.0,3123.0,2962.66666667
95037,779500.0,714.222222222,1296.0,1358.0,1262.0,1305.33333333
95045,471600.0,697.0,228.0,236.0,237.0,233.666666667
95046,862700.0,725.0,204.0,203.0,166.0,191.0
95050,762900.0,747.833333333,828.0,857.0,825.0,836.666666667
95051,859000.0,795.833333333,2166.0,2201.0,2175.0,2180.66666667
95054,816100.0,827.0,552.0,574.0,548.0,558.0
95060,757300.0,592.333333333,275.0,218.0,233.0,242.0
95062,677900.0,688.142857143,1116.0,1099.0,1056.0,1090.33333333
95065,661100.0,690.0,33.0,42.0,52.0,42.3333333333
95066,703100.0,719.666666667,52.0,52.0,51.0,51.6666666667
95070,2073100.0,877.428571429,554.0,630.0,700.0,628.0
95073,657000.0,709.333333333,231.0,264.0,280.0,258.333333333
95076,421400.0,664.038461538,7237.0,7171.0,7391.0,7266.33333333
95110,517500.0,799.666666667,731.0,765.0,716.0,737.333333333
95111,532700.0,742.083333333,3881.0,4017.0,3749.0,3882.33333333
95112,570500.0,732.333333333,1819.0,1769.0,1653.0,1747.0
95116,483700.0,745.416666667,2866.0,2896.0,2923.0,2895.0
95117,845300.0,816.333333333,424.0,438.0,471.0,444.333333333
95118,782000.0,739.444444444,1132.0,1207.0,1078.0,1139.0
95119,720100.0,795.333333333,378.0,357.0,336.0,357.0
95120,1195000.0,848.375,962.0,974.0,754.0,896.666666667
95121,610000.0,834.3,2648.0,2532.0,2343.0,2507.66666667
95122,499500.0,731.473684211,5657.0,5727.0,5038.0,5474.0
95123,683400.0,734.923076923,2287.0,2186.0,1987.0,2153.33333333
95124,896300.0,818.5,713.0,737.0,725.0,725.0
95125,955100.0,742.583333333,2046.0,1920.0,1761.0,1909.0
95126,673800.0,670.5,1392.0,1465.0,1409.0,1422.0
95127,548200.0,733.263157895,3992.0,3851.0,3631.0,3824.66666667
95128,743300.0,726.75,1270.0,1332.0,1227.0,1276.33333333
95129,1277400.0,900.777777778,1077.0,1125.0,1124.0,1108.66666667
95130,980700.0,847.75,605.0,606.0,621.0,610.666666667
95131,706700.0,714.0,1055.0,1095.0,1003.0,1051.0
95132,746900.0,841.3,2760.0,2592.0,2363.0,2571.66666667
95133,609700.0,758.6,1811.0,1819.0,1633.0,1754.33333333
95135,922500.0,911.666666667,455.0,462.0,563.0,493.333333333
95136,707200.0,760.2,827.0,791.0,775.0,797.666666667
95138,927000.0,886.5,219.0,219.0,231.0,223.0
95139,672600.0,741.0,253.0,263.0,273.0,263.0
95148,723200.0,818.363636364,2913.0,2968.0,2905.0,2928.66666667
95203,142900.0,670.25,520.0,520.0,579.0,539.666666667
95204,158400.0,689.142857143,819.0,756.0,761.0,778.666666667
95205,106800.0,647.875,1886.0,1825.0,1968.0,1893.0
95206,174900.0,650.47826087,4626.0,4653.0,4776.0,4685.0
95207,179100.0,723.0,1532.0,1454.0,1591.0,1525.66666667
95209,244100.0,759.75,1476.0,1392.0,1625.0,1497.66666667
95210,162500.0,752.0,1664.0,1583.0,1770.0,1672.33333333
95212,275800.0,757.111111111,1781.0,1706.0,1812.0,1766.33333333
95215,121900.0,674.285714286,1617.0,1718.0,1791.0,1708.66666667
95219,307600.0,777.4,536.0,567.0,588.0,563.666666667
95222,256700.0,780.0,51.0,58.0,59.0,56.0
95236,330600.0,703.5,153.0,238.0,256.0,215.666666667
95237,265300.0,695.0,74.0,94.0,128.0,98.6666666667
95240,219500.0,696.916666667,2176.0,2225.0,2416.0,2272.33333333
95242,306700.0,663.6,1300.0,1314.0,1506.0,1373.33333333
95247,324200.0,682.0,14.0,14.0,12.0,13.3333333333
95249,177700.0,644.0,23.0,26.0,31.0,26.6666666667
95252,245600.0,697.666666667,71.0,72.0,63.0,68.6666666667
95304,481900.0,709.2,193.0,197.0,238.0,209.333333333
95307,200600.0,759.928571429,3332.0,3313.0,3430.0,3358.33333333
95316,236400.0,640.0,291.0,260.0,222.0,257.666666667
95320,252200.0,705.25,506.0,502.0,569.0,525.666666667
95324,238100.0,698.666666667,443.0,458.0,457.0,452.666666667
95326,265800.0,721.2,620.0,586.0,638.0,614.666666667
95327,193300.0,776.0,17.0,14.0,18.0,16.3333333333
95328,138800.0,775.0,177.0,184.0,181.0,180.666666667
95330,288700.0,714.75,927.0,1065.0,1115.0,1035.66666667
95336,257800.0,723.083333333,1929.0,2035.0,2101.0,2021.66666667
95337,324500.0,768.25,556.0,550.0,600.0,568.666666667
95340,187400.0,704.5,2254.0,2207.0,2194.0,2218.33333333
95348,201300.0,743.75,1110.0,1053.0,1063.0,1075.33333333
95350,193400.0,718.588235294,1521.0,1464.0,1598.0,1527.66666667
95351,139200.0,721.75,3386.0,3414.0,3624.0,3474.66666667
95354,164400.0,716.666666667,562.0,554.0,582.0,566.0
95355,246900.0,786.3125,1612.0,1636.0,1713.0,1653.66666667
95356,265900.0,753.666666667,289.0,423.0,451.0,387.666666667
95357,231700.0,764.75,726.0,687.0,692.0,701.666666667
95358,173400.0,757.6,1905.0,1890.0,2046.0,1947.0
95361,258000.0,748.714285714,616.0,674.0,628.0,639.333333333
95363,252000.0,699.5,1661.0,1605.0,1580.0,1615.33333333
95365,96900.0,761.0,442.0,412.0,400.0,418.0
95366,339300.0,753.333333333,348.0,377.0,376.0,367.0
95367,233600.0,714.8,952.0,920.0,1026.0,966.0
95368,242000.0,741.5,627.0,643.0,695.0,655.0
95376,314800.0,728.0,3369.0,3439.0,3396.0,3401.33333333
95377,414600.0,782.2,750.0,764.0,843.0,785.666666667
95380,198100.0,670.375,1750.0,1791.0,1783.0,1774.66666667
95382,277100.0,737.833333333,1397.0,1388.0,1263.0,1349.33333333
95386,180200.0,707.4,490.0,502.0,610.0,534.0
95388,127000.0,761.8,953.0,866.0,915.0,911.333333333
95391,487100.0,819.0,103.0,121.0,354.0,192.666666667
95401,387500.0,745.25,370.0,370.0,377.0,372.333333333
95403,429600.0,731.0,453.0,448.0,484.0,461.666666667
95404,554600.0,701.5,210.0,244.0,249.0,234.333333333
95405,445700.0,767.5,119.0,126.0,126.0,123.666666667
95407,387700.0,773.5,2326.0,2355.0,2238.0,2306.33333333
95409,536500.0,791.75,181.0,190.0,192.0,187.666666667
95422,102200.0,721.0,188.0,208.0,197.0,197.666666667
95425,400200.0,668.666666667,390.0,429.0,416.0,411.666666667
95436,390500.0,723.0,38.0,32.0,29.0,33.0
95437,335900.0,691.75,371.0,359.0,354.0,361.333333333
95442,795000.0,690.0,93.0,87.0,92.0,90.6666666667
95446,338300.0,779.0,36.0,39.0,39.0,38.0
95448,584400.0,749.0,694.0,647.0,612.0,651.0
95451,204600.0,642.333333333,294.0,277.0,259.0,276.666666667
95453,217500.0,693.666666667,125.0,129.0,146.0,133.333333333
95461,232100.0,651.5,97.0,91.0,98.0,95.3333333333
95470,367300.0,660.0,121.0,135.0,125.0,127.0
95472,653200.0,734.0,202.0,214.0,191.0,202.333333333
95476,591300.0,646.111111111,1417.0,1442.0,1445.0,1434.66666667
95482,284700.0,675.181818182,1344.0,1343.0,1372.0,1353.0
95490,228600.0,676.5,215.0,192.0,226.0,211.0
95492,483600.0,685.6,1079.0,1107.0,1151.0,1112.33333333
95501,216800.0,686.333333333,259.0,234.0,188.0,227.0
95503,230600.0,734.0,254.0,282.0,255.0,263.666666667
95521,276100.0,647.0,43.0,44.0,29.0,38.6666666667
95540,244000.0,685.8,193.0,197.0,256.0,215.333333333
95562,181100.0,734.0,23.0,19.0,17.0,19.6666666667
95567,264200.0,710.0,94.0,93.0,85.0,90.6666666667
95603,340900.0,708.0,299.0,306.0,325.0,310.0
95605,173100.0,707.5,549.0,531.0,507.0,529.0
95608,430500.0,733.25,877.0,924.0,894.0,898.333333333
95610,241500.0,687.5,645.0,645.0,650.0,646.666666667
95616,578700.0,770.0,685.0,613.0,632.0,643.333333333
95618,536700.0,704.0,81.0,64.0,76.0,73.6666666667
95620,333400.0,663.8,892.0,867.0,846.0,868.333333333
95621,275000.0,726.142857143,439.0,407.0,388.0,411.333333333
95623,266900.0,652.0,13.0,13.0,21.0,15.6666666667
95624,329700.0,767.8125,2550.0,2521.0,2088.0,2386.33333333
95627,205300.0,671.5,246.0,267.0,268.0,260.333333333
95628,417000.0,700.833333333,403.0,423.0,384.0,403.333333333
95630,424600.0,847.923076923,542.0,587.0,605.0,578.0
95632,254700.0,734.444444444,1435.0,1466.0,1452.0,1451.0
95638,455200.0,661.0,83.0,82.0,86.0,83.6666666667
95640,227400.0,753.0,17.0,18.0,19.0,18.0
95642,257600.0,699.0,53.0,49.0,46.0,49.3333333333
95648,379300.0,726.909090909,796.0,794.0,822.0,804.0
95650,473700.0,795.0,15.0,14.0,11.0,13.3333333333
95655,301600.0,807.0,74.0,92.0,97.0,87.6666666667
95660,157400.0,749.909090909,1353.0,1434.0,1481.0,1422.66666667
95661,379100.0,803.625,381.0,407.0,399.0,395.666666667
95662,330800.0,765.428571429,216.0,215.0,223.0,218.0
95667,279600.0,716.0,230.0,235.0,269.0,244.666666667
95670,235800.0,707.416666667,1645.0,1555.0,1596.0,1598.66666667
95672,382100.0,689.0,44.0,46.0,47.0,45.6666666667
95677,348700.0,776.5,133.0,134.0,158.0,141.666666667
95678,291300.0,788.777777778,666.0,665.0,636.0,655.666666667
95682,360100.0,720.25,60.0,80.0,98.0,79.3333333333
95685,275600.0,698.0,12.0,13.0,18.0,14.3333333333
95687,322200.0,711.5,650.0,669.0,609.0,642.666666667
95688,405900.0,672.833333333,723.0,738.0,679.0,713.333333333
95690,291400.0,751.0,71.0,68.0,75.0,71.3333333333
95691,295400.0,719.857142857,1197.0,1186.0,1116.0,1166.33333333
95692,227300.0,718.0,103.0,134.0,107.0,114.666666667
95693,527800.0,787.0,30.0,30.0,34.0,31.3333333333
95694,311000.0,693.333333333,417.0,421.0,544.0,460.666666667
95695,263400.0,708.461538462,2314.0,2225.0,2251.0,2263.33333333
95709,267200.0,803.0,53.0,55.0,58.0,55.3333333333
95742,343900.0,857.0,95.0,100.0,92.0,95.6666666667
95746,650400.0,800.333333333,53.0,54.0,58.0,55.0
95747,391600.0,828.0,906.0,957.0,905.0,922.666666667
95757,378600.0,770.7,1409.0,1395.0,1117.0,1307.0
95758,293400.0,787.5,1059.0,1038.0,865.0,987.333333333
95762,532600.0,882.0,95.0,115.0,111.0,107.0
95765,405200.0,808.875,215.0,247.0,290.0,250.666666667
95776,285500.0,696.5,703.0,694.0,666.0,687.666666667
95814,337500.0,741.0,72.0,65.0,54.0,63.6666666667
95816,425100.0,782.0,225.0,263.0,156.0,214.666666667
95817,230400.0,735.75,247.0,251.0,252.0,250.0
95818,445800.0,708.0,780.0,825.0,639.0,748.0
95819,424500.0,769.25,184.0,193.0,148.0,175.0
95822,194800.0,739.333333333,1634.0,1560.0,1387.0,1527.0
95823,185300.0,714.357142857,4128.0,4030.0,3653.0,3937.0
95824,144300.0,736.571428571,1849.0,1808.0,1562.0,1739.66666667
95826,244300.0,772.571428571,574.0,566.0,505.0,548.333333333
95827,224800.0,739.2,604.0,576.0,451.0,543.666666667
95828,203800.0,736.75,2538.0,2506.0,2172.0,2405.33333333
95829,301700.0,788.0,1004.0,1022.0,814.0,946.666666667
95831,356500.0,775.666666667,917.0,968.0,829.0,904.666666667
95832,170200.0,719.5,440.0,461.0,448.0,449.666666667
95833,272900.0,723.166666667,1082.0,1063.0,1052.0,1065.66666667
95834,311500.0,791.0,697.0,789.0,805.0,763.666666667
95835,305200.0,789.0,955.0,1032.0,1081.0,1022.66666667
95838,199200.0,737.9,2003.0,2058.0,2079.0,2046.66666667
95843,304600.0,794.2,1181.0,1311.0,1393.0,1295.0
95901,161900.0,718.625,707.0,686.0,704.0,699.0
95926,255500.0,705.909090909,842.0,876.0,787.0,835.0
95928,270100.0,698.6,445.0,420.0,399.0,421.333333333
95938,394100.0,659.333333333,83.0,93.0,88.0,88.0
95945,285400.0,662.666666667,53.0,60.0,82.0,65.0
95953,163000.0,742.333333333,533.0,543.0,494.0,523.333333333
95961,169400.0,741.8,1434.0,1358.0,1348.0,1380.0
95965,154100.0,767.0,303.0,279.0,248.0,276.666666667
95966,159000.0,695.625,714.0,682.0,600.0,665.333333333
95969,195000.0,678.0,20.0,17.0,16.0,17.6666666667
95973,280800.0,704.0,34.0,26.0,20.0,26.6666666667
95982,181800.0,675.0,17.0,19.0,16.0,17.3333333333
95987,177400.0,674.25,592.0,622.0,644.0,619.333333333
95991,189300.0,744.636363636,1568.0,1524.0,1556.0,1549.33333333
95993,242300.0,736.625,1152.0,1204.0,1175.0,1177.0
96001,217900.0,702.0,15.0,21.0,18.0,18.0
96002,209900.0,770.2,210.0,209.0,245.0,221.333333333
96003,234100.0,806.5,34.0,43.0,56.0,44.3333333333
96007,174000.0,704.5,94.0,81.0,122.0,99.0
96019,150900.0,659.0,19.0,15.0,13.0,15.6666666667
96021,132100.0,723.333333333,705.0,734.0,777.0,738.666666667
96022,190200.0,725.0,26.0,24.0,14.0,21.3333333333
96055,133300.0,794.333333333,125.0,128.0,136.0,129.666666667
96080,145500.0,717.571428571,362.0,329.0,410.0,367.0
96094,147000.0,729.0,21.0,25.0,23.0,23.0
96097,132300.0,738.0,28.0,29.0,17.0,24.6666666667
96130,115800.0,698.0,49.0,47.0,60.0,52.0
96134,77700.0,665.5,147.0,169.0,170.0,162.0
96143,362100.0,678.0,44.0,50.0,79.0,57.6666666667
96145,546300.0,636.5,215.0,212.0,198.0,208.333333333
96150,342100.0,673.6,758.0,774.0,833.0,788.333333333
96161,500600.0,683.6,491.0,482.0,503.0,492.0
