Zip,zindex,wh_avg_w,wh_num11,wh_num12,wh_num13,wh_num_avg,,zindex rank,avg_w rank,,,,
90004,1094300,954,138,114,110,120.6666667,,1000,1059,,,,
90005,685100,921,136,133,113,127.3333333,,833,952.5,,pearson's correl,,0.57305231
90007,491200,813,64,63,50,59,,635,283.5,,spearman's correl,,0.698472306
90012,408700,858.5,106,113,135,118,,491,588.5,,rho,,0
90016,431100,889,35,25,17,25.66666667,,536,782,,n,,1084
90024,986200,935.3333333,657,637,608,634,,976,1011,,df,,1082
90025,751100,879,695,663,745,701,,884,715.5,,sr,,0.021756008
90026,652100,950,27,19,17,21,,793,1052.5,,t,,32.10480105
90027,1163200,849.3333333,493,480,492,488.3333333,,1008,526,,alpha,,0.05
90028,653200,782.8,434,425,383,414,,795.5,144,,t-crit,,1.962158885
90029,659100,862.6666667,262,277,322,287,,804,619,,p-value,,2.0788E-159
90032,376600,854,170,236,192,199.3333333,,430,564.5,,,,
90033,340200,854,161,133,94,129.3333333,,378,564.5,,,,
90034,847800,892.4285714,1069,1015,940,1008,,939,804,,,,
90035,1059500,922.5,550,562,569,560.3333333,,994,957,,,,
90036,1300000,895,144,129,115,129.3333333,,1033,818.5,,,,
90038,686200,790.5,87,85,78,83.33333333,,834,177,,,,
90039,705900,882.3333333,194,179,200,191,,851,742,,,,
90041,652000,910.5,488,432,444,454.6666667,,792,905,,,,
90042,513700,825.5,56,48,42,48.66666667,,663,365,,,,
90045,815900,906.125,522,487,424,477.6666667,,924,883,,,,
90046,1121600,902.2857143,898,1021,1091,1003.333333,,1004,856,,,,
90048,1203500,892.5,122,94,62,92.66666667,,1019,805,,,,
90049,2300200,954.75,1537,1524,1514,1525,,1071,1060,,,,
90063,318500,711,92,69,69,76.66666667,,343.5,22,,,,
90064,1083800,842.75,251,276,282,269.6666667,,997,484,,,,
90065,599100,911,270,309,328,302.3333333,,748,909.5,,,,
90066,986400,885.4444444,918,933,870,907,,977,758,,,,
90068,1164000,867,70,66,75,70.33333333,,1009,647,,,,
90069,737800,957,73,103,125,100.3333333,,876,1065.5,,,,
90077,2477400,962,252,239,255,248.6666667,,1076,1075,,,,
90201,337700,718.8,105,88,89,94,,373,27,,,,
90210,4140800,916,878,836,839,851,,1083,931.5,,,,
90211,1635800,904,325,311,283,306.3333333,,1059,864.5,,,,
90212,1859400,891,1423,1437,1324,1394.666667,,1062,795.5,,,,
90230,639800,929.2857143,1126,1145,1148,1139.666667,,778,987,,,,
90232,913100,890,146,168,177,163.6666667,,957,789.5,,,,
90240,485500,867.25,232,203,183,206,,623,649,,,,
90241,488300,834.5,722,634,567,641,,632,431,,,,
90242,414700,835,366,322,283,323.6666667,,502,434,,,,
90245,846600,910.5,1232,1321,1340,1297.666667,,937,905,,,,
90247,390100,826,29,32,30,30.33333333,,454,373,,,,
90249,415200,959,27,23,19,23,,504,1069,,,,
90250,467300,770.2857143,186,220,225,210.3333333,,594,102,,,,
90254,1258900,949,766,820,808,798,,1025,1051,,,,
90260,430300,808.5,268,252,240,253.3333333,,534,254,,,,
90265,2423500,916.5,1214,1181,1167,1187.333333,,1075,933.5,,,,
90266,1856800,948.4285714,3267,3241,3199,3235.666667,,1061,1049,,,,
90272,2342000,932,1609,1550,1561,1573.333333,,1073,1001.5,,,,
90274,1632700,881,3216,3271,3239,3242,,1058,734.5,,,,
90275,1158900,928.4,2355,2185,2093,2211,,1007,985,,,,
90277,918300,922.6,1930,1975,1991,1965.333333,,958,958,,,,
90278,781000,924.2,802,859,869,843.3333333,,907,972,,,,
90280,332800,861,13,11,11,11.66666667,,365.5,610,,,,
90290,1100900,945,158,163,144,155,,1001,1041,,,,
90291,1373800,944,138,127,134,133,,1040,1035,,,,
90292,821800,791,12,17,24,17.66666667,,928,181.5,,,,
90293,541700,948,84,82,75,80.33333333,,695,1047.5,,,,
90402,3064100,974,197,197,203,199,,1082,1082,,,,
90403,958100,948.6666667,1342,1337,1338,1339,,970,1050,,,,
90404,726000,939,137,153,160,150,,864,1021,,,,
90405,1171700,905.8,1412,1454,1486,1450.666667,,1011,878,,,,
90501,545800,801.5,729,688,643,686.6666667,,699,233,,,,
90502,371800,787,41,32,30,34.33333333,,422,165,,,,
90503,738500,888,1612,1536,1479,1542.333333,,877,776,,,,
90504,579000,852.875,754,711,636,700.3333333,,731,554,,,,
90505,812100,893,2056,2046,1960,2020.666667,,923,807.5,,,,
90601,432600,827.8,314,277,220,270.3333333,,539,387,,,,
90603,480800,911.3333333,271,246,260,259,,616,911.5,,,,
90604,443500,873.8,1242,1182,1055,1159.666667,,556,682,,,,
90605,408100,857.1666667,1091,1181,791,1021,,489,582,,,,
90606,382400,723,59,70,43,57.33333333,,444.5,30,,,,
90620,455700,880.25,568,542,512,540.6666667,,576.5,730,,,,
90621,467200,826.5,314,314,301,309.6666667,,593,379,,,,
90623,629200,875,909,870,805,861.3333333,,772,693.5,,,,
90630,539800,885.875,1905,1821,1680,1802,,693,764,,,,
90631,469300,869.3333333,1611,1556,1438,1535,,599,661,,,,
90638,466100,873.7777778,1242,1190,1169,1200.333333,,590,681,,,,
90640,422000,798.3333333,281,240,223,248,,517,219,,,,
90650,375800,822.2307692,367,361,348,358.6666667,,429,346,,,,
90660,370700,747,32,29,28,29.66666667,,419,59,,,,
90670,403500,864,201,189,181,190.3333333,,477,630,,,,
90701,443400,879.5,150,145,139,144.6666667,,555,722,,,,
90703,634800,885.625,810,813,786,803,,777,761,,,,
90704,576600,872,131,121,121,124.3333333,,727,671.5,,,,
90706,401700,790.8333333,244,238,229,237,,474,179,,,,
90710,472800,790.5,200,184,144,176,,605,177,,,,
90712,468900,861.2857143,513,478,463,484.6666667,,597,612,,,,
90713,484900,853.7142857,2064,1945,1757,1922,,622,563,,,,
90715,415400,819.75,141,113,110,121.3333333,,505,328,,,,
90717,570100,851,273,236,210,239.6666667,,718,538.5,,,,
90720,797000,944.75,3888,3750,3685,3774.333333,,917,1039.5,,,,
90723,321000,797,113,86,75,91.33333333,,346.5,210.5,,,,
90731,496200,858.5,1109,1007,1026,1047.333333,,641,588.5,,,,
90732,552500,893.5,339,305,301,315,,707,812,,,,
90740,809300,930,297,317,328,314,,922,993.5,,,,
90744,372200,803.25,110,85,76,90.33333333,,424,239,,,,
90745,400900,781.3333333,242,181,156,193,,469,136.5,,,,
90755,406800,875,21,20,18,19.66666667,,485,693.5,,,,
90803,791800,930.2,1073,1104,1121,1099.333333,,913,996,,,,
90804,399100,843.25,909,887,834,876.6666667,,466,490,,,,
90805,345800,761,164,131,121,138.6666667,,387,79,,,,
90806,422800,845,31,29,29,29.66666667,,519,502,,,,
90807,515000,929.3333333,435,430,428,431,,665,988,,,,
90808,567700,899.75,1648,1608,1632,1629.333333,,715,837,,,,
90810,349300,657,35,28,28,30.33333333,,390,5.5,,,,
90813,321000,864,482,411,432,441.6666667,,346.5,630,,,,
90814,642700,923,174,181,176,177,,782,962.5,,,,
90815,572700,898.375,2555,2506,2377,2479.333333,,721.5,831,,,,
91001,650900,832.5,284,289,364,312.3333333,,791,415,,,,
91006,1031300,915.6,566,538,543,549,,990,929,,,,
91007,1126100,899.8333333,725,731,708,721.3333333,,1005,838.5,,,,
91010,429800,844.75,253,237,212,234,,533,499,,,,
91011,1435500,956,1783,1815,1798,1798.666667,,1048,1064,,,,
91016,560300,882,1035,996,982,1004.333333,,712,740,,,,
91024,828200,933,381,424,470,425,,931,1007.5,,,,
91030,851900,940.2,1145,1114,1104,1121,,940,1023,,,,
91040,462100,865.6666667,721,666,643,676.6666667,,586,638,,,,
91042,474400,825.75,731,663,643,679,,610,367.5,,,,
91101,452600,921,108,110,104,107.3333333,,572,952.5,,,,
91103,581100,647,20,13,16,16.33333333,,732,3,,,,
91104,648700,908.3333333,374,393,425,397.3333333,,788,898,,,,
91105,1021400,937,18,28,39,28.33333333,,986,1017,,,,
91106,554400,809,62,72,73,69,,708,257.5,,,,
91107,764300,842.625,1172,1018,1055,1081.666667,,892,483,,,,
91108,2134200,941.25,762,750,715,742.3333333,,1068,1026,,,,
91201,645700,890.6666667,616,730,786,710.6666667,,785,794,,,,
91202,655700,817.3333333,1927,1879,1815,1873.666667,,799,311,,,,
91203,411500,877,220,217,212,216.3333333,,493,705,,,,
91204,424600,743.5,192,216,190,199.3333333,,526,52,,,,
91205,508400,845,1636,1648,1618,1634,,656,502,,,,
91206,657400,796.8,1711,1675,1687,1691,,802,209,,,,
91208,817600,913,601,607,608,605.3333333,,926,919,,,,
91214,702100,878.2727273,3865,3763,3670,3766,,846,710,,,,
91301,753500,898.6666667,2787,2855,2793,2811.666667,,886,832,,,,
91302,1308000,905.8571429,3799,3623,3488,3636.666667,,1034,879,,,,
91303,394400,839,109,101,104,104.6666667,,460,456.5,,,,
91304,528800,860.6,914,791,717,807.3333333,,679,606,,,,
91306,448200,814.3333333,103,99,95,99,,569,296,,,,
91307,572700,920.25,661,530,522,571,,721.5,948,,,,
91311,532200,871.8333333,1152,1062,1065,1093,,682,670,,,,
91316,534800,905.3333333,263,284,316,287.6666667,,688,874,,,,
91320,614200,875,3617,3598,3497,3570.666667,,763,693.5,,,,
91321,407200,904.4444444,2413,2309,2183,2301.666667,,486.5,870,,,,
91324,508200,899.3333333,976,948,934,952.6666667,,655,835,,,,
91325,586700,880.125,1136,994,938,1022.666667,,738,728,,,,
91326,676100,929.6666667,659,498,457,538,,822,990.5,,,,
91331,357500,841.5,130,108,93,110.3333333,,401,473,,,,
91335,422400,856.1666667,1551,1503,1457,1503.666667,,518,577,,,,
91342,404800,747,95,73,68,78.66666667,,479,59,,,,
91343,456200,876.5714286,461,458,447,455.3333333,,578,703,,,,
91344,523800,866.3333333,2488,2298,2231,2339,,674,642,,,,
91345,419000,938,44,37,41,40.66666667,,511,1018.5,,,,
91350,456400,854.4444444,3060,2980,2794,2944.666667,,579,568,,,,
91351,399000,856.6666667,2342,2137,2001,2160,,465,579,,,,
91352,396600,771,166,153,142,153.6666667,,462,104.5,,,,
91354,496900,907.4,2065,2005,2068,2046,,642,894,,,,
91355,464500,885.5,2976,2976,2933,2961.666667,,589,759.5,,,,
91356,834400,900,1573,1492,1439,1501.333333,,934,842,,,,
91360,602000,882.7272727,3203,3087,2911,3067,,749,744,,,,
91361,866800,889,591,611,587,596.3333333,,946,782,,,,
91362,719600,914.8571429,3231,3166,3126,3174.333333,,859,922,,,,
91364,766500,878,1729,1666,1724,1706.333333,,894,708.5,,,,
91367,625800,862.5,3075,2928,2875,2959.333333,,770,616,,,,
91377,692300,863.2857143,2404,2472,2553,2476.333333,,838.5,624,,,,
91384,468800,874.5,1152,1117,1071,1113.333333,,596,688,,,,
91387,446100,888.75,907,841,895,881,,561,780,,,,
91390,548800,867,100,78,57,78.33333333,,706,647,,,,
91401,629700,829.4,806,831,941,859.3333333,,774,396,,,,
91402,356400,782.5,42,38,41,40.33333333,,397,142,,,,
91403,842500,903,453,429,450,444,,935,859.5,,,,
91405,431500,725.6666667,80,102,92,91.33333333,,538,34,,,,
91406,453400,831.1818182,791,800,805,798.6666667,,573,405,,,,
91411,571600,873.3333333,556,511,505,524,,720,678,,,,
91423,821000,904.3333333,1358,1429,1455,1414,,927,868,,,,
91436,1336400,945.5,573,573,586,577.3333333,,1039,1042,,,,
91501,650500,875,593,622,576,597,,790,693.5,,,,
91502,445800,828,1080,1112,1068,1086.666667,,558.5,388.5,,,,
91504,646700,867,1186,1167,1195,1182.666667,,786,647,,,,
91505,615100,901,991,1023,992,1002,,764,850,,,,
91506,640600,849.8,1605,1515,1544,1554.666667,,779,530,,,,
91601,512400,838.6,479,446,431,452,,661,452,,,,
91602,680600,839.3333333,597,629,575,600.3333333,,828,459.5,,,,
91604,1017400,946,439,430,472,447,,985,1045,,,,
91605,423200,821.2,568,562,540,556.6666667,,520.5,339,,,,
91606,452000,782,390,339,330,353,,570.5,139,,,,
91607,702200,905.5,288,291,300,293,,847,875,,,,
91701,470000,891.2,3126,3053,2889,3022.666667,,602,797,,,,
91702,366600,787.6666667,177,163,159,166.3333333,,414,168,,,,
91706,361100,752.75,80,89,82,83.66666667,,407.5,65,,,,
91708,423500,918,163,179,187,176.3333333,,523,940.5,,,,
91709,584100,899.5714286,3233,3091,2919,3081,,735,836,,,,
91710,408200,833,1901,1705,1573,1726.333333,,490,420.5,,,,
91711,597300,887.2222222,2207,2139,1891,2079,,744,773,,,,
91722,401500,800.4285714,360,309,272,313.6666667,,473,229,,,,
91723,436100,826,795,716,651,720.6666667,,546,373,,,,
91724,481800,841,922,877,814,871,,617,470,,,,
91730,364200,857.5454545,1318,1274,1201,1264.333333,,412,584,,,,
91731,402300,752,24,18,11,17.66666667,,475,63,,,,
91732,414100,828,115,92,80,95.66666667,,498,388.5,,,,
91737,544700,892.4,1748,1698,1712,1719.333333,,696,803,,,,
91739,547600,913.1111111,2073,2096,2079,2082.666667,,702,920,,,,
91740,447100,905.25,451,448,434,444.3333333,,563,873,,,,
91741,586600,892.3333333,2460,2446,2368,2424.666667,,737,801.5,,,,
91744,371600,779,110,106,94,103.3333333,,421,129,,,,
91745,578900,863.4545455,499,440,422,453.6666667,,730,626,,,,
91746,374500,783,13,13,12,12.66666667,,427,145.5,,,,
91748,562900,861.6666667,224,220,194,212.6666667,,713,613,,,,
91750,540200,920,886,893,863,880.6666667,,694,946,,,,
91752,405200,812.5,393,401,369,387.6666667,,481.5,276.5,,,,
91754,546500,885.6666667,99,77,66,80.66666667,,701,762,,,,
91755,545500,813,27,24,20,23.66666667,,698,283.5,,,,
91761,357500,841.5555556,653,604,581,612.6666667,,401,474,,,,
91762,325400,819.8888889,612,556,480,549.3333333,,356,329,,,,
91763,332800,821.25,330,307,317,318,,365.5,340,,,,
91764,302100,765.7142857,199,217,209,208.3333333,,322.5,86,,,,
91765,624600,885.1818182,1040,972,879,963.6666667,,768,757,,,,
91766,326200,826.5,283,261,291,278.3333333,,357,379,,,,
91767,331600,735,67,73,73,71,,363,43,,,,
91768,319900,888,47,47,46,46.66666667,,345,776,,,,
91770,490600,798.5,87,89,76,84,,634,220,,,,
91773,518300,900,1823,1756,1740,1773,,670,842,,,,
91775,753000,904,158,155,151,154.6666667,,885,864.5,,,,
91776,556900,807.5,302,261,283,282,,711,251,,,,
91780,654900,857.8333333,494,451,443,462.6666667,,797,585,,,,
91784,586900,923.6666667,1010,1004,983,999,,739,970,,,,
91786,402400,845.7,1663,1607,1496,1588.666667,,476,505,,,,
91789,699700,880.1,653,641,567,620.3333333,,843,727,,,,
91790,446000,873.5555556,296,277,270,281,,560,679,,,,
91791,517900,899.1428571,373,331,293,332.3333333,,669,833,,,,
91792,435700,770,26,21,14,20.33333333,,542,99.5,,,,
91801,539300,844.8,207,168,123,166,,692,500,,,,
91803,548300,843,87,56,52,65,,704,487,,,,
91901,487200,869.6,1116,1033,994,1047.666667,,630,663,,,,
91902,529400,905,128,122,118,122.6666667,,680,871.5,,,,
91910,400100,882.2142857,1255,1177,1041,1157.666667,,467,741,,,,
91911,372300,852.9411765,607,578,543,576,,425,555,,,,
91913,457300,905.6,1246,1181,1168,1198.333333,,580,876,,,,
91914,609900,923.25,671,681,716,689.3333333,,756,965,,,,
91915,453700,887,610,677,726,671,,574,770.5,,,,
91916,354200,880,79,64,81,74.66666667,,395,726,,,,
91932,382600,818,523,496,479,499.3333333,,446,316,,,,
91935,602900,851.5,488,424,397,436.3333333,,750,543,,,,
91941,514100,862.6,1795,1770,1662,1742.333333,,664,618,,,,
91942,414000,901.75,1007,922,933,954,,497,854,,,,
91945,348000,860.2,197,204,262,221,,388,603.5,,,,
91950,317600,815,48,49,31,42.66666667,,342,301.5,,,,
91962,305100,726,131,20,123,91.33333333,,328,35,,,,
91977,359000,815.5833333,1031,986,791,936,,404,305,,,,
91978,414200,812,1089,1086,928,1034.333333,,499,271,,,,
92004,229600,844,56,46,34,45.33333333,,207,494,,,,
92007,860900,944.5,404,406,401,403.6666667,,944,1037,,,,
92008,718500,897.4,3151,3152,3175,3159.333333,,857,827,,,,
92009,736500,935.1,4478,4514,4447,4479.666667,,874,1010,,,,
92011,767800,923,638,664,681,661,,896,962.5,,,,
92014,1606500,950,373,374,375,374,,1055,1052.5,,,,
92019,435900,820.4545455,4596,4605,4348,4516.333333,,544.5,333,,,,
92020,416600,784.6153846,2372,2405,2490,2422.333333,,507,154,,,,
92021,382400,795.7,2261,2218,2017,2165.333333,,444.5,204,,,,
92024,803000,893.1111111,3325,3194,3196,3238.333333,,919,809,,,,
92025,434900,840,2517,2373,2375,2421.666667,,541,466.5,,,,
92026,412100,804.125,1828,1726,1696,1750,,494,242,,,,
92027,367900,833.7,1612,1526,1506,1548,,417,427,,,,
92028,487100,852.8,1787,1643,1505,1645,,628.5,553,,,,
92029,630500,907,276,266,231,257.6666667,,775,890.5,,,,
92036,293500,832.75,1153,1215,1296,1221.333333,,310,417,,,,
92037,1282800,960.2,1880,1926,1918,1908,,1031,1072,,,,
92040,408900,807.8333333,2991,2920,2977,2962.666667,,492,252,,,,
92056,412800,870.5,1898,1888,1919,1901.666667,,495,665,,,,
92057,382000,852.5454545,2451,2592,2676,2573,,442,552,,,,
92058,386200,858,889,947,950,928.6666667,,448,586.5,,,,
92064,606400,871.2727273,4408,4223,4217,4282.666667,,753,668,,,,
92065,433000,847.6666667,2759,2628,2531,2639.333333,,540,518,,,,
92067,2737100,957.6666667,683,676,664,674.3333333,,1079,1067,,,,
92069,435800,923.5714286,2195,2127,2114,2145.333333,,543,969,,,,
92071,396000,858.7272727,4381,4272,3992,4215,,461,591,,,,
92075,1172600,938.3333333,986,977,1012,991.6666667,,1012,1020,,,,
92078,502000,873.625,2794,2979,3225,2999.333333,,650,680,,,,
92081,466600,851,969,883,902,918,,591,538.5,,,,
92082,503200,867.5,1280,1203,1121,1201.333333,,652,651,,,,
92083,366800,833.2,1084,1039,1053,1058.666667,,415,423,,,,
92084,447300,854.1428571,1177,1110,1016,1101,,564,567,,,,
92101,486800,826.1666667,293,321,366,326.6666667,,626,376,,,,
92102,363200,915,255,231,227,237.6666667,,410,923.5,,,,
92103,611200,911.6,525,535,568,542.6666667,,759,915,,,,
92104,478800,936,67,73,106,82,,613.5,1013.5,,,,
92105,318500,808.3333333,91,75,76,80.66666667,,343.5,253,,,,
92106,925700,872.4,1936,1887,1891,1904.666667,,962,673,,,,
92107,766900,942,875,859,885,873,,895,1028,,,,
92109,718700,894.4285714,680,698,702,693.3333333,,858,816,,,,
92110,503000,910,343,292,306,313.6666667,,651,903,,,,
92111,474300,825.3076923,886,825,815,842,,609,364,,,,
92114,342000,824.3333333,71,66,67,68,,382,360,,,,
92115,397100,803.5714286,314,278,296,296,,463,240,,,,
92116,461600,889,20,25,24,23,,585,782,,,,
92117,513200,862.5384615,1574,1464,1467,1501.666667,,662,617,,,,
92118,1424100,905.75,1630,1698,1695,1674.333333,,1045,877,,,,
92119,487000,903.2,963,932,914,936.3333333,,627,861,,,,
92120,506600,901.3333333,1751,1790,1735,1758.666667,,653,852,,,,
92121,515300,710.5,262,295,286,281,,666,21,,,,
92122,589500,927.8,1507,1511,1464,1494,,740,983,,,,
92123,466800,839.7142857,353,330,342,341.6666667,,592,465,,,,
92124,545000,874.375,1691,1574,1510,1591.666667,,697,687,,,,
92126,461200,889.4444444,1126,1093,1038,1085.666667,,584,784,,,,
92127,683300,921.25,2784,2929,2904,2872.333333,,831,954,,,,
92128,526900,906.6666667,2594,2505,2532,2543.666667,,676,887,,,,
92129,652300,917.4166667,4191,4031,3939,4053.666667,,794,937,,,,
92130,896100,940.25,5236,5140,5031,5135.666667,,953,1024,,,,
92131,671500,915.2857143,2727,2569,2568,2621.333333,,815,927,,,,
92139,341000,846.5,292,259,232,261,,381,509.5,,,,
92154,357500,839.5454545,294,284,226,268,,401,462,,,,
92201,198700,843,1083,1059,1022,1054.666667,,163,487,,,,
92203,294400,881.5,227,264,272,254.3333333,,312,738,,,,
92210,701500,940,294,263,246,267.6666667,,845,1022,,,,
92211,325000,904,181,200,202,194.3333333,,355,864.5,,,,
92220,186500,779.5714286,431,400,365,398.6666667,,141,131,,,,
92223,259100,860.6666667,2361,2349,2275,2328.333333,,256,607.5,,,,
92225,122000,745.5,554,548,518,540,,30,55,,,,
92227,147200,852.375,390,367,343,366.6666667,,65,550,,,,
92234,231100,835.8571429,846,780,662,762.6666667,,211,439,,,,
92236,174100,922,145,146,165,152,,115,956,,,,
92240,151000,778,688,580,544,604,,72,126.5,,,,
92243,159400,888.125,491,465,439,465,,87,778,,,,
92250,143600,825.75,138,124,130,130.6666667,,60,367.5,,,,
92251,188600,885.75,500,495,464,486.3333333,,144,763,,,,
92252,101800,836,327,304,264,298.3333333,,11,440.5,,,,
92253,386400,840.8333333,1380,1263,1147,1263.333333,,449,469,,,,
92256,112600,843,123,106,96,108.3333333,,20,487,,,,
92260,321800,904.4,1815,1857,1841,1837.666667,,349,869,,,,
92262,312700,836.75,869,833,767,823,,337,445,,,,
92264,277100,908,167,169,166,167.3333333,,287,897,,,,
92270,482600,887,91,94,87,90.66666667,,619,770.5,,,,
92276,158500,797,52,40,35,42.33333333,,83,210.5,,,,
92277,93200,821.1428571,1375,1332,1258,1321.666667,,7,338,,,,
92284,136300,791,1619,1451,1436,1502,,51.5,181.5,,,,
92285,70400,838,53,51,59,54.33333333,,1,449,,,,
92307,200400,818.8571429,1969,1867,1710,1848.666667,,166,318.5,,,,
92308,176100,792.7142857,2422,2505,2616,2514.333333,,119,190,,,,
92311,93000,783,987,939,874,933.3333333,,6,145.5,,,,
92313,295500,841.6666667,464,453,426,447.6666667,,314,475,,,,
92314,200600,722.5,413,377,368,386,,167.5,28,,,,
92315,296800,849,511,477,486,491.3333333,,317,523.5,,,,
92316,245900,769.75,324,292,266,294,,238,98,,,,
92324,212500,788.7,544,535,319,466,,181,170,,,,
92325,165100,695.5,281,229,217,242.3333333,,97,13,,,,
92335,255000,796.6666667,492,448,403,447.6666667,,249,208,,,,
92336,377900,835,1142,1132,1044,1106,,435,434,,,,
92337,302100,819,431,401,394,408.6666667,,322.5,321,,,,
92344,241700,703,537,552,525,538,,227,18,,,,
92345,179000,794.48,4227,4058,3911,4065.333333,,125,198,,,,
92346,264600,832.8333333,1359,1280,1190,1276.333333,,265,419,,,,
92352,332000,820.75,1548,1474,1399,1473.666667,,364,335,,,,
92354,358900,871,106,73,62,80.33333333,,403,666.5,,,,
92356,112300,734.5,326,231,212,256.3333333,,19,41,,,,
92359,224900,884,102,88,80,90,,198.5,750,,,,
92371,214900,824.75,841,794,778,804.3333333,,183,361,,,,
92372,206700,814,162,154,158,158,,174,293.5,,,,
92373,419100,904.2857143,1394,1351,1273,1339.333333,,512,867,,,,
92374,291200,823.9090909,3428,3396,3249,3357.666667,,303,355,,,,
92376,251800,775.5,304,269,251,274.6666667,,241,117,,,,
92377,317300,832,416,385,352,384.3333333,,341,409,,,,
92391,156700,860,167,155,134,152,,80,602,,,,
92392,190900,814.2666667,1654,1554,1473,1560.333333,,148,295,,,,
92394,177100,772,82,62,66,70,,121,109.5,,,,
92395,171100,794.2857143,1872,1884,1796,1850.666667,,104,197,,,,
92397,242000,877,180,147,158,161.6666667,,229,705,,,,
92399,303100,829.9,3714,3692,3608,3671.333333,,325,397,,,,
92404,197500,771.1538462,776,711,660,715.6666667,,160,106,,,,
92405,173400,733.1428571,249,208,177,211.3333333,,110.5,40,,,,
92407,234600,838.5833333,1345,1219,1137,1233.666667,,218,451,,,,
92408,195700,755.75,137,154,171,154,,159,71,,,,
92501,248200,862,142,142,140,141.3333333,,240,614.5,,,,
92503,292300,825.7857143,1914,1774,1663,1783.666667,,307,370,,,,
92504,274700,842.3333333,1460,1369,1317,1382,,279,479,,,,
92505,301400,826.2222222,774,750,666,730,,319,377,,,,
92506,371000,835.3076923,2382,2350,2134,2288.666667,,420,436,,,,
92507,280600,846.8,573,488,440,500.3333333,,294,512,,,,
92508,401300,887,2770,2610,2676,2685.333333,,471,770.5,,,,
92509,285500,827.6666667,1627,1496,1328,1483.666667,,298.5,386,,,,
92530,254000,858.5555556,1359,1437,1386,1394,,246,590,,,,
92532,323300,881.6,1602,1911,1931,1814.666667,,352,739,,,,
92536,308800,900,100,100,87,95.66666667,,332,842,,,,
92539,179800,777.5,350,342,292,328,,128,123.5,,,,
92543,137100,777.1428571,1167,1144,1070,1127,,53,122,,,,
92544,192300,786.1111111,2393,2175,2082,2216.666667,,149,162,,,,
92545,211600,813.1666667,1540,1404,1353,1432.333333,,179,285,,,,
92549,229500,897,149,126,125,133.3333333,,206,825,,,,
92551,231400,828.75,530,480,469,493,,212,394,,,,
92553,222100,787.3076923,507,480,432,473,,194,166,,,,
92555,296400,827.2857143,740,707,655,700.6666667,,316,384,,,,
92557,260600,834.4545455,1345,1206,1134,1228.333333,,259,430,,,,
92562,366100,875.4444444,4686,4691,4608,4661.666667,,413,699,,,,
92563,357400,879.3076923,3998,4113,4179,4096.666667,,399,720,,,,
92567,262800,860.25,409,386,371,388.6666667,,261,605,,,,
92570,240500,801.3,416,397,346,386.3333333,,225,232,,,,
92571,227300,839,221,212,239,224,,201.5,456.5,,,,
92582,234000,852.5,138,141,154,144.3333333,,216,551,,,,
92583,184500,796,1035,978,1007,1006.666667,,138,206.5,,,,
92584,309800,868.3333333,2822,2857,2795,2824.666667,,333,657,,,,
92585,280300,820.2,943,932,903,926,,293,331,,,,
92586,182700,865,525,536,442,501,,137,635.5,,,,
92587,345300,895,88,89,89,88.66666667,,386,818.5,,,,
92590,855000,754.6666667,1803,1979,2021,1934.333333,,942,68,,,,
92591,377800,893.4285714,2619,2462,2440,2507,,434,811,,,,
92592,401200,878.9411765,6511,6317,6407,6411.666667,,470,713,,,,
92595,327000,853.2857143,1483,1671,1557,1570.333333,,358,561,,,,
92596,344700,877.2,1039,1105,1124,1089.333333,,385,707,,,,
92602,790000,932.25,1062,1173,1294,1176.333333,,911,1003,,,,
92603,990900,945.75,857,954,941,917.3333333,,980,1043,,,,
92604,682000,917.625,2178,2256,2253,2229,,829,939,,,,
92606,691400,833,390,384,368,380.6666667,,837,420.5,,,,
92612,659300,905,973,1013,976,987.3333333,,805,871.5,,,,
92614,611100,907,830,903,924,885.6666667,,758,890.5,,,,
92618,723800,917,221,227,206,218,,863,936,,,,
92620,768300,922.75,1659,1742,1702,1701,,897,959,,,,
92624,747800,885,201,208,208,205.6666667,,882,754,,,,
92625,1566700,934,628,645,694,655.6666667,,1054,1009,,,,
92626,641900,884,1650,1632,1633,1638.333333,,780,750,,,,
92627,665300,884.25,748,756,756,753.3333333,,811,752,,,,
92629,776700,848.6666667,1367,1398,1361,1375.333333,,904,521,,,,
92630,597800,902.125,3051,2938,2756,2915,,745,855,,,,
92646,682100,902.6,3882,3862,3899,3881,,830,857,,,,
92647,611300,858.7692308,2578,2532,2572,2560.666667,,760,592,,,,
92648,797500,909,2589,2563,2613,2588.333333,,918,900.5,,,,
92649,679100,896.5,2173,2057,1980,2070,,827,822.5,,,,
92651,1432600,925,1910,1913,1873,1898.666667,,1047,973.5,,,,
92653,658300,903,1306,1263,1160,1243,,803,859.5,,,,
92655,448100,859,123,109,107,113,,568,597.5,,,,
92656,511400,892.75,3932,3824,3761,3839,,660,806,,,,
92660,1380600,856.3333333,2728,2666,2692,2695.333333,,1041,578,,,,
92663,1221300,897.3333333,2024,2030,1944,1999.333333,,1022,826,,,,
92672,765100,893.4,1591,1562,1563,1572,,893,810,,,,
92673,806300,906.3333333,3423,3469,3564,3485.333333,,921,884,,,,
92675,643900,850.875,2052,2150,2265,2155.666667,,783,535,,,,
92677,727400,906.375,2707,2542,2495,2581.333333,,865,885,,,,
92679,771500,926.6666667,1199,1147,1089,1145,,899,979,,,,
92683,528200,848.1818182,698,634,598,643.3333333,,678,520,,,,
92688,573500,918.2,5490,5293,5078,5287,,724,942,,,,
92691,606600,869.4375,5983,5664,5473,5706.666667,,754,662,,,,
92692,634400,900.5,2995,2868,2721,2861.333333,,776,846,,,,
92694,732200,936,2114,2205,2325,2214.666667,,871,1013.5,,,,
92701,372000,923.5,680,743,792,738.3333333,,423,967,,,,
92704,416700,865.7142857,183,182,168,177.6666667,,508,639,,,,
92705,792900,931.2222222,2854,2795,2646,2765,,914,999,,,,
92706,494100,930,45,40,48,44.33333333,,638,993.5,,,,
92707,380100,816.6666667,91,72,64,75.66666667,,439,307,,,,
92708,666300,862.7142857,2768,2654,2617,2679.666667,,812,620,,,,
92780,574400,875.1428571,763,740,718,740.3333333,,726,697,,,,
92782,642300,928,1026,1019,956,1000.333333,,781,984,,,,
92801,424600,821.3,575,482,510,522.3333333,,526,341,,,,
92802,447600,819.6666667,263,238,222,241,,565,326.5,,,,
92804,446500,802.7058824,1502,1360,1245,1369,,562,235,,,,
92805,418400,805.2,187,168,161,172,,510,245.5,,,,
92806,501000,810.3333333,398,358,363,373,,649,264,,,,
92807,627100,897.5,3087,2940,2894,2973.666667,,771,828,,,,
92808,648200,915.6666667,1148,1198,1205,1183.666667,,787,930,,,,
92821,576900,896.75,1903,1826,1749,1826,,728,824,,,,
92831,534000,844.4285714,1121,1036,1023,1060,,687,497,,,,
92832,431400,887,663,666,703,677.3333333,,537,770.5,,,,
92833,471300,867.6666667,1055,1023,990,1022.666667,,603,652,,,,
92835,663700,921.75,736,735,781,750.6666667,,809,955,,,,
92840,447800,830.6363636,755,713,640,702.6666667,,566,401,,,,
92841,464200,838.75,482,467,423,457.3333333,,587,453,,,,
92843,439000,822.3333333,155,145,131,143.6666667,,551,347,,,,
92844,435900,834.6666667,201,200,191,197.3333333,,544.5,432,,,,
92845,532100,893.6666667,1871,1767,1695,1777.666667,,681,813,,,,
92860,467800,842.4444444,2290,2257,2265,2270.666667,,595,481,,,,
92861,1167100,906.75,1826,1755,1698,1759.666667,,1010,888,,,,
92865,548700,839.6666667,192,162,143,165.6666667,,705,464,,,,
92866,532300,852,118,110,98,108.6666667,,683,548,,,,
92867,603300,812.75,249,220,185,218,,751,281.5,,,,
92868,438600,825,75,58,63,65.33333333,,550,362.5,,,,
92869,614000,873.125,1762,1709,1676,1715.666667,,762,676,,,,
92870,568400,891.4285714,3327,3159,3028,3171.333333,,716,798,,,,
92879,363300,820.625,828,863,764,818.3333333,,411,334,,,,
92880,489900,879.5714286,1688,1741,1618,1682.333333,,633,723,,,,
92881,464300,859.8333333,2919,3093,3028,3013.333333,,588,601,,,,
92882,407800,875.4166667,3343,3262,2937,3180.666667,,488,698,,,,
92883,423200,907.75,979,1172,1175,1108.666667,,520.5,896,,,,
92886,678300,900.7,3252,3137,3007,3132,,825,847,,,,
92887,773900,923.5,1106,1044,983,1044.333333,,903,967,,,,
93001,494700,858.8571429,1656,1705,1749,1703.333333,,640,595,,,,
93003,493400,857.1333333,3636,3571,3419,3542,,637,581,,,,
93004,479800,890.25,572,577,559,569.3333333,,615,792,,,,
93010,525600,854.1,1526,1521,1482,1509.666667,,675,566,,,,
93012,517700,892.3333333,2111,2160,2180,2150.333333,,668,801.5,,,,
93013,773600,895.2,350,338,348,345.3333333,,902,820,,,,
93015,340300,826,134,135,109,126,,379,373,,,,
93021,573700,878.8181818,2700,2502,2347,2516.333333,,725,712,,,,
93022,498000,809,128,110,110,116,,643,257.5,,,,
93023,612300,834.4444444,1438,1402,1377,1405.666667,,761,428.5,,,,
93030,420200,790.875,656,546,501,567.6666667,,514,180,,,,
93033,352300,794.1428571,339,299,264,300.6666667,,392,196,,,,
93035,487600,826,348,348,331,342.3333333,,631,373,,,,
93036,405300,821.375,575,557,499,543.6666667,,483,342,,,,
93041,311800,791.6666667,174,138,119,143.6666667,,336,186,,,,
93060,361100,880.3333333,73,83,80,78.66666667,,407.5,731,,,,
93063,478800,849.0909091,4287,4149,3874,4103.333333,,613.5,525,,,,
93065,485800,814.92,8528,8462,7475,8155,,624,299,,,,
93066,967300,881,246,216,217,226.3333333,,973,734.5,,,,
93101,794600,941,272,250,223,248.3333333,,915,1025,,,,
93103,1029900,919,855,889,842,862,,989,943.5,,,,
93105,1032000,929.5,306,304,319,309.6666667,,991,989,,,,
93108,2710500,953,109,96,106,103.6666667,,1077,1058,,,,
93109,1064000,952,305,328,323,318.6666667,,995,1056,,,,
93110,1025200,869.1428571,1450,1398,1403,1417,,988,660,,,,
93111,832700,944.75,561,525,488,524.6666667,,933,1039.5,,,,
93117,754600,910.6,1754,1685,1616,1685,,887,907,,,,
93202,121500,770,96,89,79,88,,27,99.5,,,,
93203,124900,698.25,109,98,104,103.6666667,,32,15,,,,
93204,102700,698,16,17,11,14.66666667,,13,14,,,,
93210,136300,793.5,421,405,368,398,,51.5,192,,,,
93212,103900,816.75,185,172,180,179,,14,308,,,,
93215,147100,850.6666667,59,54,44,52.33333333,,64,534,,,,
93223,114600,722.6666667,61,86,75,74,,21.5,29,,,,
93230,160900,817,2634,2511,2488,2544.333333,,90,309.5,,,,
93235,95400,748,15,19,12,15.33333333,,9,61.5,,,,
93238,194600,840,52,31,35,39.33333333,,156,466.5,,,,
93240,127900,764.3333333,667,672,640,659.6666667,,36,85,,,,
93245,182200,851.0833333,1721,1662,1538,1640.333333,,136,541,,,,
93247,136200,755,148,104,106,119.3333333,,50,70,,,,
93256,109900,766,39,39,25,34.33333333,,18,87,,,,
93257,143500,773.3461538,2440,2407,2330,2392.333333,,59,113,,,,
93263,135600,772.25,286,267,258,270.3333333,,49,112,,,,
93265,220400,821,202,179,183,188,,193,336.5,,,,
93267,116300,795.5,231,213,222,222,,24,202,,,,
93268,106300,739.25,1112,1083,1019,1071.333333,,15,47,,,,
93271,265300,852,81,68,69,72.66666667,,266.5,548,,,,
93274,147600,817.8095238,2827,2778,2710,2771.666667,,66,315,,,,
93277,174600,822.4375,2799,2613,2500,2637.333333,,116,348,,,,
93280,134500,768.3333333,176,173,166,171.6666667,,48,97,,,,
93286,134200,776.25,221,184,173,192.6666667,,47,120,,,,
93291,192700,821.4545455,1579,1617,1496,1564,,150.5,343,,,,
93292,179400,780,1396,1283,1210,1296.333333,,127,132.5,,,,
93301,162500,748,1352,1312,1341,1335,,92.5,61.5,,,,
93304,127200,777.9166667,487,444,471,467.3333333,,35,125,,,,
93305,114600,773.8,166,162,165,164.3333333,,21.5,115,,,,
93306,159100,804.9375,1588,1528,1524,1546.666667,,85,244,,,,
93307,130000,776,845,793,756,798,,39,118,,,,
93308,173800,781,3510,3394,3340,3414.666667,,112,134.5,,,,
93309,172800,791.3846154,1676,1562,1425,1554.333333,,107,184,,,,
93311,266000,853,2870,2778,2808,2818.666667,,270.5,557.5,,,,
93312,267200,860.8125,5610,5594,5839,5681,,273.5,609,,,,
93313,206900,804.2222222,1100,1063,1013,1058.666667,,175,243,,,,
93314,355600,832.8,1914,1816,1769,1833,,396,418,,,,
93401,615200,894.5,1192,1230,1155,1192.333333,,765,817,,,,
93402,420900,860.6666667,549,572,586,569,,515,607.5,,,,
93405,598800,850.5,1074,1100,1135,1103,,747,531.5,,,,
93420,573300,841.1428571,2428,2391,2296,2371.666667,,723,471,,,,
93422,425200,817.4444444,2203,2120,2054,2125.666667,,529,312,,,,
93426,388700,843,27,27,30,28,,453,487,,,,
93427,491500,906,311,222,216,249.6666667,,636,881,,,,
93428,619500,863.3333333,226,234,241,233.6666667,,767,625,,,,
93430,746900,907,131,145,142,139.3333333,,880.5,890.5,,,,
93433,381900,851.6666667,432,387,365,394.6666667,,441,544.5,,,,
93436,254400,806.8181818,1385,1297,1289,1323.666667,,247,249,,,,
93442,510500,856,556,537,533,542,,659,575,,,,
93444,473600,853,684,624,564,624,,606,557.5,,,,
93445,338300,821,49,58,42,49.66666667,,374.5,336.5,,,,
93446,386800,827.1666667,955,972,904,943.6666667,,450,383,,,,
93449,694100,898,487,494,508,496.3333333,,841,830,,,,
93451,296000,821.5,103,106,97,102,,315,344,,,,
93453,459600,832,130,141,147,139.3333333,,582,409,,,,
93454,275200,793.7272727,699,602,599,633.3333333,,281,193,,,,
93455,353800,813.3,2307,2404,2317,2342.666667,,394,286,,,,
93458,253900,784.5,87,92,73,84,,245,153,,,,
93460,755800,890,562,569,569,566.6666667,,888,789.5,,,,
93463,664300,924,311,286,285,294,,810,971,,,,
93465,555700,838.8333333,1269,1186,1235,1230,,710,454,,,,
93501,75300,648,125,113,98,112,,2,4,,,,
93505,85800,754.75,394,381,368,381,,4,69,,,,
93510,486100,784.6666667,661,586,540,595.6666667,,625,155,,,,
93513,181000,767.5,45,43,38,42,,132,91,,,,
93514,335000,855.4,706,665,693,688,,368,571,,,,
93527,174800,853,97,83,76,85.33333333,,117,557.5,,,,
93534,153200,735,624,503,437,521.3333333,,76,43,,,,
93535,172700,737,1153,985,1067,1068.333333,,106,45,,,,
93536,259400,843.6923077,4069,3932,3936,3979,,257.5,492,,,,
93543,180300,786.5,357,320,282,319.6666667,,130,164,,,,
93550,180500,758.1666667,681,677,583,647,,131,74,,,,
93551,302900,846.3636364,2186,2051,1675,1970.666667,,324,508,,,,
93552,216300,782.4,534,490,427,483.6666667,,184,141,,,,
93553,219200,831,85,80,80,81.66666667,,191,402.5,,,,
93555,151700,815,2277,2230,2180,2229,,73,301.5,,,,
93560,159300,711.2,733,622,639,664.6666667,,86,23,,,,
93561,212400,799.3333333,2071,2048,1995,2038,,180,224,,,,
93601,279900,819,184,208,182,191.3333333,,292,321,,,,
93602,243400,876,57,54,66,59,,232,701.5,,,,
93609,138100,795.3333333,203,179,165,182.3333333,,54,201,,,,
93610,154700,835.4285714,879,860,875,871.3333333,,78,438,,,,
93611,259400,865.5789474,6348,6192,5994,6178,,257.5,637,,,,
93612,166800,861.2,1278,1325,1315,1306,,99,611,,,,
93614,225900,832.5,547,548,514,536.3333333,,200,415,,,,
93618,152500,824.2857143,272,270,256,266,,74,359,,,,
93619,373500,942.75,1109,1106,1097,1104,,426,1031,,,,
93622,126700,803,105,101,110,105.3333333,,33,237,,,,
93625,204200,890.5,152,150,168,156.6666667,,171,793,,,,
93630,173300,837.4,373,344,330,349,,109,446,,,,
93631,223500,871.5714286,1001,1015,1028,1014.666667,,195,669,,,,
93636,266000,863.75,792,846,797,811.6666667,,270.5,627,,,,
93637,176400,813.8181818,1092,958,884,978,,120,291,,,,
93638,138300,813.3333333,299,290,270,286.3333333,,55,287,,,,
93643,227800,874,79,67,110,85.33333333,,204,684,,,,
93644,211100,812,810,776,756,780.6666667,,178,271,,,,
93647,128700,826,13,21,15,16.33333333,,37,373,,,,
93648,123000,931,104,89,87,93.33333333,,31,998,,,,
93650,107400,910.5,131,127,131,129.6666667,,17,905,,,,
93654,170100,864.1428571,422,446,408,425.3333333,,101.5,632,,,,
93656,131700,844.3333333,205,178,179,187.3333333,,41,495,,,,
93657,173900,889.8888889,903,901,827,877,,113,787,,,,
93662,156300,864.5714286,334,316,284,311.3333333,,79,634,,,,
93667,238900,852,297,259,240,265.3333333,,224,548,,,,
93701,94600,670.6666667,137,130,101,122.6666667,,8,7,,,,
93702,88400,767.6666667,101,104,114,106.3333333,,5,92,,,,
93703,120400,783.1666667,240,242,227,236.3333333,,26,147,,,,
93704,193800,825.5454545,1818,1663,1653,1711.333333,,155,366,,,,
93705,133800,756.2857143,267,278,274,273,,45,72,,,,
93706,101700,799.625,650,618,612,626.6666667,,10,225.5,,,,
93710,200200,828.6,598,473,445,505.3333333,,165,392,,,,
93711,291500,874,865,878,862,868.3333333,,306,684,,,,
93720,278300,932.8,3067,2971,2841,2959.666667,,290,1006,,,,
93722,189900,823.3076923,1996,1921,1814,1910.333333,,146,354,,,,
93723,272600,855.6666667,175,181,176,177.3333333,,276,573,,,,
93725,133900,803.75,104,103,105,104,,46,241,,,,
93726,148100,745.6153846,956,893,854,901,,67,56,,,,
93727,188400,775.4166667,562,531,494,529,,143,116,,,,
93728,130500,717,129,150,124,134.3333333,,40,25.5,,,,
93730,377600,929.6666667,1565,1674,1715,1651.333333,,433,990.5,,,,
93901,398700,830.2857143,1033,980,969,994,,464,400,,,,
93906,321700,809.0833333,586,782,708,692,,348,260,,,,
93907,385200,809.2857143,331,299,270,300,,447,261,,,,
93908,704800,896.5,728,736,713,725.6666667,,850,822.5,,,,
93923,1187100,923.5,620,630,639,629.6666667,,1014,967,,,,
93924,886700,951,169,179,175,174.3333333,,950,1054.5,,,,
93926,255300,819.3333333,55,59,52,55.33333333,,250,323,,,,
93927,198000,712,13,14,14,13.66666667,,161,24,,,,
93933,415600,799.8,342,351,324,339,,506,227,,,,
93940,617500,847.4,890,734,678,767.3333333,,766,516,,,,
93950,713000,892,931,967,1026,974.6666667,,854,800,,,,
93955,375500,851.25,399,395,406,400,,428,542,,,,
93960,252200,839.3333333,90,94,89,91,,243.5,459.5,,,,
94002,1210400,907.6666667,1823,1782,1908,1837.666667,,1020,895,,,,
94005,675800,858,95,97,97,96.33333333,,821,586.5,,,,
94010,2053900,935.5454545,2403,2443,2516,2454,,1064,1012,,,,
94014,598200,725.5,47,36,27,36.66666667,,746,33,,,,
94015,701000,799.1111111,236,262,273,257,,844,223,,,,
94019,904400,906.6,951,942,949,947.3333333,,955,886,,,,
94020,883000,866,43,37,30,36.66666667,,949,640.5,,,,
94022,2764000,960,1491,1470,1504,1488.333333,,1080,1071,,,,
94024,2211500,966.2,1026,1055,1062,1047.666667,,1069,1081,,,,
94025,1641100,965,1931,1916,1999,1948.666667,,1060,1078.5,,,,
94027,4583700,916.5,685,728,706,706.3333333,,1084,933.5,,,,
94028,2986100,955.5,443,450,403,432,,1081,1063,,,,
94030,1189600,864.2,555,524,498,525.6666667,,1015,633,,,,
94037,931200,901,137,127,116,126.6666667,,965,850,,,,
94040,1508700,955,1446,1421,1428,1431.666667,,1052,1061.5,,,,
94041,1214900,957,88,85,86,86.33333333,,1021,1065.5,,,,
94043,909200,900.75,295,292,304,297,,956,848,,,,
94044,714100,867.4285714,1388,1322,1242,1317.333333,,855,650,,,,
94061,1051900,889.5,505,529,514,516,,993,785,,,,
94062,1613400,886.7142857,1701,1690,1664,1685,,1056,768,,,,
94063,691300,927.5,151,167,178,165.3333333,,836,980,,,,
94065,1090900,854.6666667,269,292,308,289.6666667,,999,570,,,,
94066,732000,867.7,693,691,686,690,,870,653,,,,
94070,1312500,927.7142857,1473,1676,1599,1582.666667,,1036,982,,,,
94080,698500,843,445,537,420,467.3333333,,842,487,,,,
94085,732900,839.3333333,113,106,107,108.6666667,,872,459.5,,,,
94086,987800,868,233,220,241,231.3333333,,978,655,,,,
94087,1385900,922.7777778,2211,2165,2129,2168.333333,,1043,960,,,,
94089,748000,909,28,31,37,32,,883,900.5,,,,
94102,783000,690,32,32,34,32.66666667,,909,12,,,,
94103,886800,917.5,35,31,32,32.66666667,,951,938,,,,
94107,1007000,879,57,50,69,58.66666667,,984,715.5,,,,
94109,933300,814.5,153,80,84,105.6666667,,966,297,,,,
94110,1110000,900,56,47,44,49,,1003,842,,,,
94112,736900,849.6666667,267,213,199,226.3333333,,875,528,,,,
94114,1504000,894.3333333,411,368,437,405.3333333,,1051,815,,,,
94115,1285300,817.75,280,207,263,250,,1032,314,,,,
94116,930600,873.1666667,481,330,339,383.3333333,,964,677,,,,
94117,1312000,942,204,183,209,198.6666667,,1035,1028,,,,
94118,1618400,919,158,157,195,170,,1057,943.5,,,,
94121,1198300,879.6,772,553,580,635,,1018,724,,,,
94122,980300,923.2,441,275,296,337.3333333,,974,964,,,,
94123,2103500,911.3333333,338,278,271,295.6666667,,1067,911.5,,,,
94127,1259100,925.5,497,346,383,408.6666667,,1026,975,,,,
94131,1235800,883.4,588,462,444,498,,1024,747,,,,
94132,854100,932,388,318,291,332.3333333,,941,1001.5,,,,
94133,1173000,851.6666667,107,86,81,91.33333333,,1013,544.5,,,,
94134,677100,735,11,11,13,11.66666667,,823,43,,,,
94301,2720900,944.6666667,1272,1145,1170,1195.666667,,1078,1038,,,,
94303,1384300,952.5,1114,1063,1031,1069.333333,,1042,1057,,,,
94305,2307200,958,347,320,308,325,,1072,1068,,,,
94306,1905500,951,1929,1671,1687,1762.333333,,1063,1054.5,,,,
94401,703600,899.25,344,367,388,366.3333333,,849,834,,,,
94402,1392400,888.7142857,1219,1172,1178,1189.666667,,1044,779,,,,
94403,960600,883.875,1088,1053,1067,1069.333333,,971,748,,,,
94404,1046800,903.75,725,689,691,701.6666667,,992,862,,,,
94501,727800,885.0666667,2009,2011,1997,2005.666667,,866,755,,,,
94502,733400,947,225,203,210,212.6666667,,873,1046,,,,
94503,419400,836.6666667,624,624,611,619.6666667,,513,444,,,,
94505,519100,877,499,486,469,484.6666667,,671,705,,,,
94506,1147500,936.5,1238,1230,1215,1227.666667,,1006,1015,,,,
94507,1463200,887.75,990,980,945,971.6666667,,1049,774,,,,
94509,273500,770.5333333,1531,1467,1339,1445.666667,,278,103,,,,
94510,510400,859.1428571,1920,1882,1798,1866.666667,,658,599,,,,
94513,452000,819.5,5066,5083,4999,5049.333333,,570.5,324.5,,,,
94515,569800,878.5,130,112,112,118,,717,711,,,,
94517,678500,907,896,893,869,886,,826,890.5,,,,
94518,521800,808.8,500,466,400,455.3333333,,673,255,,,,
94519,414900,740,285,276,304,288.3333333,,503,48,,,,
94520,339000,708.25,287,320,272,293,,376,20,,,,
94521,499800,831.1111111,2808,2627,2501,2645.333333,,646,404,,,,
94523,596100,855.5,2944,2823,2725,2830.666667,,743,572,,,,
94525,377200,771.5,170,151,146,155.6666667,,432,107,,,,
94526,990400,922.8888889,5111,5211,5223,5181.666667,,979,961,,,,
94530,675600,879.2,474,505,519,499.3333333,,820,719,,,,
94531,360800,835.3333333,1366,1286,1062,1238,,406,437,,,,
94533,262000,805.2307692,1463,1767,1823,1684.333333,,260,247,,,,
94534,426900,900.3333333,1158,1618,1619,1465,,530,845,,,,
94536,693800,841.9333333,2058,2000,1930,1996,,840,476,,,,
94538,644400,799.625,1641,1547,1549,1579,,784,225.5,,,,
94539,1192900,915.2222222,624,528,464,538.6666667,,1016,926,,,,
94541,436400,763.5,422,392,323,379,,547,83,,,,
94542,669000,876,95,82,66,81,,814,701.5,,,,
94544,443000,776.375,215,193,174,194,,554,121,,,,
94545,455700,802.625,338,297,285,306.6666667,,576.5,234,,,,
94546,581500,858.8181818,1793,1720,1689,1734,,733,593,,,,
94547,457800,798.2,235,210,178,207.6666667,,581,217,,,,
94549,1226400,930.6666667,2646,2674,2654,2658,,1023,997,,,,
94550,672600,858.8888889,4105,3650,3484,3746.333333,,817.5,596,,,,
94551,563900,875.8333333,1216,1118,1122,1152,,714,700,,,,
94552,823300,948,587,564,589,580,,929,1047.5,,,,
94553,460300,838.8571429,1762,1725,1678,1721.666667,,583,455,,,,
94555,722200,888,216,208,203,209,,861,776,,,,
94556,1108400,944.2,1537,1486,1481,1501.333333,,1002,1036,,,,
94558,494300,825.7619048,3650,3481,3377,3502.666667,,639,369,,,,
94559,469800,842.5,315,318,315,316,,601,482,,,,
94560,581900,833.6363636,1359,1359,1255,1324.333333,,734,426,,,,
94561,337400,834.4444444,2207,2158,2096,2153.666667,,371,428.5,,,,
94563,1274300,959.1666667,2097,1965,1977,2013,,1029,1070,,,,
94564,405100,781.3333333,561,536,516,537.6666667,,480,136.5,,,,
94565,293900,791.9285714,585,572,474,543.6666667,,311,188,,,,
94566,919800,889.7777778,3860,3802,3628,3763.333333,,959,786,,,,
94568,672000,874.75,1541,1563,1582,1562,,816,690,,,,
94571,276100,810.6666667,515,498,444,485.6666667,,284.5,267,,,,
94572,380500,792,80,78,80,79.33333333,,440,189,,,,
94574,965100,885.5,463,485,462,470,,972,759.5,,,,
94577,469000,795.875,676,630,586,630.6666667,,598,205,,,,
94578,437300,796,58,51,47,52,,549,206.5,,,,
94579,469700,818.75,232,210,210,217.3333333,,600,317,,,,
94580,447900,805.2,673,618,647,646,,567,245.5,,,,
94582,944400,908.6666667,1388,1375,1388,1383.666667,,968,899,,,,
94583,778700,911.5555556,3124,3022,3034,3060,,905,914,,,,
94585,286000,838.25,161,303,338,267.3333333,,301,450,,,,
94587,604100,839.625,419,373,366,386,,752,463,,,,
94588,789400,902.8333333,2304,2249,2113,2222,,910,858,,,,
94589,236000,784,408,407,443,419.3333333,,220,151,,,,
94590,218200,790.5,123,129,90,114,,190,177,,,,
94591,323100,794.8571429,436,506,514,485.3333333,,351,200,,,,
94595,476400,925,226,247,238,237,,611,973.5,,,,
94596,804600,910.6666667,1062,1107,1095,1088,,920,908,,,,
94597,657200,912,953,937,921,937,,801,916.5,,,,
94598,826800,916.5714286,2390,2282,2244,2305.333333,,930,935,,,,
94599,760400,875,34,31,31,32,,890,693.5,,,,
94602,660100,883.3333333,119,163,184,155.3333333,,806,745,,,,
94605,401400,806,38,31,32,33.66666667,,472,248,,,,
94606,393700,963,14,17,25,18.66666667,,458,1076,,,,
94608,477100,846.3333333,111,124,131,122,,612,507,,,,
94609,667700,979,58,79,107,81.33333333,,813,1083,,,,
94610,867900,848,223,229,229,227,,947,519,,,,
94611,942300,945.9,2182,2313,2384,2293,,967,1044,,,,
94612,442700,824,155,192,243,196.6666667,,553,357,,,,
94618,1021600,942.25,410,450,480,446.6666667,,987,1030,,,,
94619,533000,893,224,207,182,204.3333333,,686,807.5,,,,
94702,688800,982,71,78,85,78,,835,1084,,,,
94703,729400,965.6666667,498,534,552,528,,868,1080,,,,
94704,790100,901,852,796,895,847.6666667,,912,850,,,,
94705,1263400,936.75,276,292,310,292.6666667,,1027,1016,,,,
94706,718100,926.2,1098,1029,1025,1050.666667,,856,978,,,,
94707,1003600,960.5,155,176,185,172,,983,1073,,,,
94708,997000,964.5,336,373,367,358.6666667,,982,1077,,,,
94709,772100,955,81,91,89,87,,900,1061.5,,,,
94710,662800,965,85,117,122,108,,808,1078.5,,,,
94801,236800,916,22,28,40,30,,222,931.5,,,,
94803,429100,797.3333333,376,378,372,375.3333333,,531,212.5,,,,
94804,299900,657,23,18,18,19.66666667,,318,5.5,,,,
94805,390700,831,74,96,104,91.33333333,,456,402.5,,,,
94806,293400,787.3333333,138,123,120,127,,308.5,167,,,,
94901,878500,931.3333333,942,1004,1024,990,,948,1000,,,,
94903,772700,915.5,1470,1389,1368,1409,,901,928,,,,
94904,1474800,943,633,646,665,648,,1050,1032.5,,,,
94920,2292800,960.6666667,811,871,959,880.3333333,,1070,1074,,,,
94924,1427700,879,54,58,58,56.66666667,,1046,715.5,,,,
94925,1071700,930,347,338,324,336.3333333,,996,993.5,,,,
94928,414300,815,2312,2162,2084,2186,,500,301.5,,,,
94930,742200,919.5,696,704,722,707.3333333,,878,945,,,,
94931,437000,798,124,107,105,112,,548,216,,,,
94939,1331000,904,1284,1344,1280,1302.666667,,1037,864.5,,,,
94941,1273300,938,2297,2380,2470,2382.333333,,1028,1018.5,,,,
94945,692300,884,713,700,681,698,,838.5,750,,,,
94947,625300,886.1428571,1621,1686,1716,1674.333333,,769,767,,,,
94949,769200,927.6666667,403,416,401,406.6666667,,898,981,,,,
94952,629400,884.4,417,409,407,411,,773,753,,,,
94954,500000,879.6666667,1095,1034,1009,1046,,647,725,,,,
94957,2417300,930,260,234,242,245.3333333,,1074,993.5,,,,
94960,992700,920.6666667,1153,883,911,982.3333333,,981,950,,,,
94965,1087800,943,30,47,43,40,,998,1032.5,,,,
95003,728300,842,1963,1947,1912,1940.666667,,867,477.5,,,,
95004,499200,832,130,111,101,114,,644,409,,,,
95006,413700,843.5,969,1068,1069,1035.333333,,496,491,,,,
95008,890500,879.4,1047,1041,940,1009.333333,,952,721,,,,
95010,655600,890,386,367,374,375.6666667,,798,789.5,,,,
95014,1549900,920.8461538,2415,2264,2111,2263.333333,,1053,951,,,,
95018,473700,833.5,1311,1355,1281,1315.666667,,607.5,424.5,,,,
95020,595400,891.5,1720,1695,1688,1701,,742,799,,,,
95023,404200,846.0769231,1615,1557,1466,1546,,478,506,,,,
95030,2063400,907.3333333,1708,1714,1734,1718.666667,,1065,893,,,,
95032,1335500,943.25,1574,1641,1738,1651,,1038,1034,,,,
95033,925200,933,408,419,394,407,,961,1007.5,,,,
95035,729500,858.8333333,600,553,518,557,,869,594,,,,
95037,779500,866.7,2318,2182,2109,2203,,906,644.5,,,,
95045,471600,828.5,177,162,136,158.3333333,,604,391,,,,
95046,862700,868,88,75,57,73.33333333,,945,655,,,,
95050,762900,807.1666667,616,586,594,598.6666667,,891,250,,,,
95051,859000,874.5454545,1441,1386,1366,1397.666667,,943,689,,,,
95054,816100,862,126,119,127,124,,925,614.5,,,,
95060,757300,820.4285714,1580,1586,1550,1572,,889,332,,,,
95062,677900,853.5555556,1139,1057,1066,1087.333333,,824,562,,,,
95065,661100,911.5,149,167,154,156.6666667,,807,913,,,,
95066,703100,894,1200,1131,1090,1140.333333,,848,814,,,,
95070,2073100,912.875,1573,1521,1424,1506,,1066,918,,,,
95073,657000,868.75,804,797,804,801.6666667,,800,658,,,,
95076,421400,803.2307692,534,500,496,510,,516,238,,,,
95110,517500,851,15,24,32,23.66666667,,667,538.5,,,,
95111,532700,797.5,115,107,85,102.3333333,,685,214,,,,
95112,570500,846.6666667,96,95,92,94.33333333,,719,511,,,,
95116,483700,790,75,63,60,66,,621,175,,,,
95117,845300,794.6666667,309,297,266,290.6666667,,936,199,,,,
95118,782000,879.125,2141,2233,2159,2177.666667,,908,718,,,,
95119,720100,890,389,339,338,355.3333333,,860,789.5,,,,
95120,1195000,920.125,2747,2711,2666,2708,,1017,947,,,,
95121,610000,881,219,180,193,197.3333333,,757,734.5,,,,
95122,499500,789.5,40,37,43,40,,645,172.5,,,,
95123,683400,828.4615385,1955,1887,1840,1894,,832,390,,,,
95124,896300,915.2,3030,3122,3137,3096.333333,,954,925,,,,
95125,955100,880.4545455,1690,1748,1797,1745,,969,732,,,,
95126,673800,859,428,442,404,424.6666667,,819,597.5,,,,
95127,548200,848.875,233,223,244,233.3333333,,703,522,,,,
95128,743300,862.75,422,424,373,406.3333333,,879,621,,,,
95129,1277400,932.6666667,864,892,853,869.6666667,,1030,1005,,,,
95130,980700,928.5,735,732,712,726.3333333,,975,986,,,,
95131,706700,771.75,140,216,190,182,,852,108,,,,
95132,746900,841.25,493,440,445,459.3333333,,880.5,472,,,,
95133,609700,797.6666667,108,137,127,124,,755,215,,,,
95135,922500,942,260,230,226,238.6666667,,960,1028,,,,
95136,707200,850.6,428,409,435,424,,853,533,,,,
95138,927000,932.5,323,303,281,302.3333333,,963,1004,,,,
95139,672600,865,307,281,265,284.3333333,,817.5,635.5,,,,
95148,723200,880.2222222,428,393,350,390.3333333,,862,729,,,,
95203,142900,799,57,46,49,50.66666667,,58,222,,,,
95204,158400,772,492,461,443,465.3333333,,82,109.5,,,,
95205,106800,700.4,214,199,199,204,,16,16,,,,
95206,174900,705.7272727,778,757,701,745.3333333,,118,19,,,,
95207,179100,785.9166667,1624,1544,1556,1574.666667,,126,161,,,,
95209,244100,809.5,1169,1112,1083,1121.333333,,234,262,,,,
95210,162500,812.75,211,178,182,190.3333333,,92.5,281.5,,,,
95212,275800,797.3333333,626,628,614,622.6666667,,283,212.5,,,,
95215,121900,764.2857143,643,600,522,588.3333333,,28.5,84,,,,
95219,307600,863,887,849,793,843,,331,622.5,,,,
95222,256700,829,286,280,295,287,,252,395,,,,
95223,244700,853,120,106,87,104.3333333,,236,557.5,,,,
95228,328200,845,126,118,128,124,,359,502,,,,
95236,330600,833.5,371,339,341,350.3333333,,361,424.5,,,,
95237,265300,809,97,131,144,124,,266.5,257.5,,,,
95240,219500,783.7,1130,1090,1025,1081.666667,,192,150,,,,
95242,306700,789.6,2706,2662,2625,2664.333333,,330,174,,,,
95245,192700,825,59,66,58,61,,150.5,362.5,,,,
95247,324200,869,135,117,103,118.3333333,,353,659,,,,
95249,177700,686.6,1019,966,998,994.3333333,,123,11,,,,
95252,245600,812.3333333,983,985,900,956,,237,274,,,,
95255,148900,743,42,35,36,37.66666667,,68,51,,,,
95304,481900,813.8,611,585,596,597.3333333,,618,290,,,,
95307,200600,800.9333333,1535,1371,1338,1414.666667,,167.5,231,,,,
95316,236400,768.2,603,588,576,589,,221,95,,,,
95320,252200,850.5,990,986,952,976,,243.5,531.5,,,,
95321,209900,742.5,182,183,184,183,,176.5,50,,,,
95324,238100,812,986,989,967,980.6666667,,223,271,,,,
95326,265800,827.6,743,767,751,753.6666667,,268,385,,,,
95327,193300,771,199,171,185,185,,152,104.5,,,,
95328,138800,812.5,254,248,242,248,,56,276.5,,,,
95329,193700,856,107,102,98,102.3333333,,154,575,,,,
95330,288700,766.5,413,414,424,417,,302,88,,,,
95336,257800,770.0769231,2929,2774,2623,2775.333333,,254,101,,,,
95337,324500,824,610,596,577,594.3333333,,354,357,,,,
95338,224400,785.8,687,639,711,679,,196,160,,,,
95340,187400,814.5384615,1157,1130,1057,1114.666667,,142,298,,,,
95348,201300,815.75,559,555,513,542.3333333,,169,306,,,,
95350,193400,798.2777778,2830,2662,2593,2695,,153,218,,,,
95351,139200,741.8461538,849,716,696,753.6666667,,57,49,,,,
95354,164400,785.6666667,702,679,648,676.3333333,,95,159,,,,
95355,246900,863.8125,4296,3987,3967,4083.333333,,239,628,,,,
95356,265900,839.3333333,524,693,719,645.3333333,,269,459.5,,,,
95357,231700,832.25,686,597,543,608.6666667,,213,413,,,,
95358,173400,785.3636364,713,636,683,677.3333333,,110.5,157,,,,
95361,258000,772.1818182,1932,1907,1845,1894.666667,,255,111,,,,
95363,252000,819.6666667,729,663,614,668.6666667,,242,326.5,,,,
95366,339300,864,1400,1402,1335,1379,,377,630,,,,
95367,233600,781,451,478,470,466.3333333,,215,134.5,,,,
95368,242000,835,650,563,530,581,,229,434,,,,
95370,217900,723.125,1645,1525,1530,1566.666667,,188.5,31,,,,
95376,314800,826.6470588,2803,2634,2427,2621.333333,,340,381,,,,
95377,414600,860.2,1193,1194,1184,1190.333333,,501,603.5,,,,
95379,164600,849,549,575,556,560,,96,523.5,,,,
95380,198100,791.125,1457,1367,1363,1395.666667,,162,183,,,,
95382,277100,820,1992,1920,1913,1941.666667,,287,330,,,,
95383,213000,810.5,176,172,176,174.6666667,,182,265.5,,,,
95386,180200,813.6666667,1420,1345,1348,1371,,129,288,,,,
95388,127000,817,117,121,124,120.6666667,,34,309.5,,,,
95391,487100,873,283,332,396,337,,628.5,675,,,,
95401,387500,812.4,763,797,816,792,,451,275,,,,
95403,429600,842.4285714,827,809,757,797.6666667,,532,480,,,,
95404,554600,840.5,272,231,249,250.6666667,,709,468,,,,
95405,445700,901.5,809,823,807,813,,557,853,,,,
95407,387700,814,224,229,223,225.3333333,,452,293.5,,,,
95409,536500,909.6666667,1055,1045,981,1027,,689,902,,,,
95421,440200,868,34,29,26,29.66666667,,552,655,,,,
95422,102200,684,347,351,368,355.3333333,,12,10,,,,
95423,150500,733,90,92,79,87,,70,39,,,,
95425,400200,812.6666667,459,439,421,439.6666667,,468,279.5,,,,
95436,390500,870,245,203,188,212,,455,664,,,,
95437,335900,802.75,668,626,638,644,,370,236,,,,
95442,795000,879,52,42,47,47,,916,715.5,,,,
95446,338300,872,165,155,132,150.6666667,,374.5,671.5,,,,
95448,584400,866.6,665,615,547,609,,736,643,,,,
95451,204600,781.5,659,631,595,628.3333333,,172,138,,,,
95452,847500,900,86,76,85,82.33333333,,938,842,,,,
95453,217500,822.6666667,656,606,587,616.3333333,,186,350,,,,
95458,118300,745,109,87,100,98.66666667,,25,53.5,,,,
95460,537600,832,296,293,301,296.6666667,,691,409,,,,
95461,232100,824,888,876,863,875.6666667,,214,357,,,,
95462,349900,878,54,53,52,53,,391,708.5,,,,
95465,830700,871,112,115,101,109.3333333,,932,666.5,,,,
95470,367300,768,181,193,174,182.6666667,,416,93.5,,,,
95472,653200,843.8181818,2129,2200,2246,2191.666667,,795.5,493,,,,
95476,591300,809.8888889,1483,1419,1316,1406,,741,263,,,,
95482,284700,762.4615385,1818,1715,1632,1721.666667,,296,82,,,,
95490,228600,760.8333333,748,745,726,739.6666667,,205,78,,,,
95492,483600,828.6666667,1975,2000,1855,1943.333333,,620,393,,,,
95501,216800,726.5714286,1341,1205,1202,1249.333333,,185,37,,,,
95503,230600,844.3636364,1110,1105,1141,1118.666667,,210,496,,,,
95519,264500,847,916,905,915,912,,264,513.5,,,,
95521,276100,847,1174,1184,1301,1219.666667,,284.5,513.5,,,,
95540,244000,773.6,1061,962,892,971.6666667,,233,114,,,,
95562,181100,810.5,150,163,156,156.3333333,,133.5,265.5,,,,
95567,264200,760,39,39,43,40.33333333,,263,77,,,,
95570,353200,846.5,130,120,124,124.6666667,,393,509.5,,,,
95602,376900,641,90,71,76,79,,431,2,,,,
95603,340900,818.8571429,2178,2152,2081,2137,,380,318.5,,,,
95605,173100,761.5,227,181,178,195.3333333,,108,80,,,,
95608,430500,794.125,5137,5150,5224,5170.333333,,535,195,,,,
95610,241500,759.3333333,1330,1337,1284,1317,,226,76,,,,
95614,303700,812,309,280,163,250.6666667,,326,271,,,,
95616,578700,913.3076923,3304,3294,3207,3268.333333,,729,921,,,,
95618,536700,915,417,392,317,375.3333333,,690,923.5,,,,
95619,242000,628,38,22,27,29,,229,1,,,,
95620,333400,812.6,1042,980,942,988,,367,278,,,,
95621,275000,793,1720,1552,1408,1560,,280,191,,,,
95623,266900,785.5,618,575,582,591.6666667,,272,158,,,,
95624,329700,849.3888889,4384,4286,4141,4270.333333,,360,527,,,,
95627,205300,815.5,221,202,184,202.3333333,,173,304,,,,
95628,417000,754.1111111,3738,3767,3645,3716.666667,,509,67,,,,
95630,424600,882.4375,5858,5926,5840,5874.666667,,526,743,,,,
95631,277400,815,428,373,331,377.3333333,,289,301.5,,,,
95632,254700,849.75,1822,1757,1701,1760,,248,529,,,,
95634,224900,783.5,367,328,253,316,,198.5,148.5,,,,
95636,149400,874,17,16,15,16,,69,684,,,,
95638,455200,836,156,162,149,155.6666667,,575,440.5,,,,
95640,227400,830,201,205,222,209.3333333,,203,398,,,,
95642,257600,776.1666667,1175,1126,1068,1123,,253,119,,,,
95648,379300,837.7272727,3901,3926,3843,3890,,438,447,,,,
95650,473700,897.6666667,2364,2418,2390,2390.666667,,607.5,829,,,,
95655,301600,682,169,221,233,207.6666667,,320,8,,,,
95658,520100,891,379,399,383,387,,672,795.5,,,,
95660,157400,795.6363636,1380,1385,1340,1368.333333,,81,203,,,,
95661,379100,885.8888889,2915,2840,2831,2862,,437,765,,,,
95662,330800,850.9090909,3915,3956,3877,3916,,362,536,,,,
95663,509500,875,149,154,144,149,,657,693.5,,,,
95666,181100,812,108,108,101,105.6666667,,133.5,271,,,,
95667,279600,830.1666667,3622,3487,3508,3539,,291,399,,,,
95670,235800,766.6923077,2390,2230,2172,2264,,219,89,,,,
95672,382100,881.3333333,982,974,916,957.3333333,,443,737,,,,
95677,348700,899.8333333,1545,1558,1565,1556,,389,838.5,,,,
95678,291300,857,2804,2743,2666,2737.666667,,304,580,,,,
95682,360100,883.375,2442,2383,2392,2405.666667,,405,746,,,,
95683,423300,926,252,258,248,252.6666667,,522,976.5,,,,
95685,275600,723.5,558,542,560,553.3333333,,282,32,,,,
95687,322200,822.8888889,2475,2561,2438,2491.333333,,350,351,,,,
95688,405900,851.75,2440,2465,2442,2449,,484,546,,,,
95690,291400,863,19,20,19,19.33333333,,305,622.5,,,,
95691,295400,784.1428571,1569,1571,1507,1549,,313,152,,,,
95692,227300,819,643,650,649,647.3333333,,201.5,321,,,,
95693,527800,918,202,190,193,195,,677,940.5,,,,
95694,311000,827,358,329,368,351.6666667,,334,382,,,,
95695,263400,817.5384615,1605,1462,1394,1487,,262,313,,,,
95709,267200,886,247,200,170,205.6666667,,273.5,766,,,,
95713,285700,831.5,722,693,657,690.6666667,,300,406,,,,
95722,407200,822.5,167,159,154,160,,486.5,349,,,,
95726,217800,832.5,415,403,416,411.3333333,,187,415,,,,
95742,343900,912,155,211,254,206.6666667,,384,916.5,,,,
95746,650400,906,2306,2252,2110,2222.666667,,789,881,,,,
95747,391600,885.0833333,5281,5132,4982,5131.666667,,457,756,,,,
95757,378600,866.7,2274,2286,2233,2264.333333,,436,644.5,,,,
95758,293400,872.75,1564,1526,1495,1528.333333,,308.5,674,,,,
95762,532600,920.3333333,4136,4039,3890,4021.666667,,684,949,,,,
95765,405200,874.1428571,4424,4568,4598,4530,,481.5,686,,,,
95776,285500,826.5,478,384,356,406,,298.5,379,,,,
95814,337500,778,14,20,15,16.33333333,,372,126.5,,,,
95816,425100,911,556,547,528,543.6666667,,528,909.5,,,,
95817,230400,747,74,85,112,90.33333333,,209,59,,,,
95818,445800,857.3333333,808,896,883,862.3333333,,558.5,583,,,,
95819,424500,853.25,567,599,582,582.6666667,,524,560,,,,
95822,194800,768.3,642,647,634,641,,157,96,,,,
95823,185300,761.6666667,399,395,402,398.6666667,,139,81,,,,
95824,144300,745,88,80,71,79.66666667,,61,53.5,,,,
95826,244300,832.125,1008,1028,1048,1028,,235,412,,,,
95827,224800,786.4,805,771,737,771,,197,163,,,,
95828,203800,798.75,493,465,432,463.3333333,,170,221,,,,
95829,301700,854.6,1106,1072,1003,1060.333333,,321,569,,,,
95831,356500,847.5,791,799,817,802.3333333,,398,517,,,,
95832,170200,739,28,20,29,25.66666667,,103,46,,,,
95833,272900,777.5,373,317,299,329.6666667,,277,123.5,,,,
95834,311500,845.3333333,542,555,555,550.6666667,,335,504,,,,
95835,305200,836.2857143,1125,1062,1050,1079,,329,442,,,,
95838,199200,767,423,423,438,428,,164,90,,,,
95843,304600,812.6666667,3150,3105,3093,3116,,327,279.5,,,,
95901,161900,778.5714286,1814,1704,1688,1735.333333,,91,128,,,,
95916,171300,701,38,24,28,30,,105,17,,,,
95926,255500,809,5114,5112,5087,5104.333333,,251,257.5,,,,
95928,270100,856,1170,1184,1215,1189.666667,,275,575,,,,
95938,394100,836.3333333,598,569,557,574.6666667,,459,443,,,,
95942,277100,851,45,52,54,50.33333333,,287,538.5,,,,
95945,285400,791.9,2841,2708,2705,2751.333333,,297,187,,,,
95949,335100,847.1666667,1783,1597,1479,1619.666667,,369,515,,,,
95953,163000,823.2,340,340,369,349.6666667,,94,353,,,,
95954,160600,729.6666667,458,421,415,431.3333333,,88,38,,,,
95959,368800,782.1428571,1096,1088,1016,1066.666667,,418,140,,,,
95961,169400,782.6,1382,1291,1290,1321,,100,143,,,,
95965,154100,726.125,607,620,602,609.6666667,,77,36,,,,
95966,159000,752.7,2108,2002,1844,1984.666667,,84,64,,,,
95969,195000,788.125,1912,1880,1851,1881,,158,169,,,,
95973,280800,822,42,51,50,47.66666667,,295,345,,,,
95982,181800,789,633,598,568,599.6666667,,135,171,,,,
95987,177400,780,55,51,48,51.33333333,,122,132.5,,,,
95991,189300,779.3076923,1823,1787,1702,1770.666667,,145,130,,,,
95993,242300,800.8571429,1531,1466,1443,1480,,231,230,,,,
96001,217900,791.4666667,3401,3309,3317,3342.333333,,188.5,185,,,,
96002,209900,811.9,2413,2272,2359,2348,,176.5,268,,,,
96003,234100,758.5454545,1879,1865,1913,1885.666667,,217,75,,,,
96007,174000,746.5,1367,1276,1298,1313.666667,,114,57,,,,
96013,121900,789.5,275,257,278,270,,28.5,172.5,,,,
96019,150900,757.25,970,977,866,937.6666667,,71,73,,,,
96021,132100,813.75,957,903,962,940.6666667,,42,289,,,,
96022,190200,837.8333333,1636,1630,1667,1644.333333,,147,448,,,,
96025,128900,717,122,114,90,108.6666667,,38,25.5,,,,
96027,170100,866,198,195,183,192,,101.5,640.5,,,,
96052,160800,794,24,21,22,22.33333333,,89,194,,,,
96055,133300,844.6666667,338,341,349,342.6666667,,44,498,,,,
96064,152700,783.5,176,154,164,164.6666667,,75,148.5,,,,
96067,230200,819.5,666,632,619,639,,208,324.5,,,,
96073,313300,833.1666667,1222,1148,1192,1187.333333,,338,422,,,,
96080,145500,752.7857143,2245,2108,2038,2130.333333,,62,66,,,,
96088,185500,800,102,116,114,110.6666667,,140,228,,,,
96093,166700,785,423,415,383,407,,98,156,,,,
96094,147000,768,279,270,257,268.6666667,,63,93.5,,,,
96097,132300,823,691,693,833,739,,43,352,,,,
96114,178500,842,245,221,222,229.3333333,,124,477.5,,,,
96130,115800,813.8333333,1203,1131,1165,1166.333333,,23,292,,,,
96134,77700,832,118,117,110,115,,3,409,,,,
96137,313500,682.6666667,188,167,168,174.3333333,,339,9,,,,
96143,362100,906,61,58,83,67.33333333,,409,881,,,,
96145,546300,881,389,393,336,372.6666667,,700,734.5,,,,
96146,507900,926,44,35,47,42,,654,976.5,,,,
96150,342100,859.5,1334,1254,1267,1285,,383,600,,,,
96161,500600,896.2857143,1212,1160,1164,1178.666667,,648,821,,,,
