Zip,zindex,hi_avg_w,hi_num11,hi_num12,hi_num13,hi_num_avg
90720,797000.0,910.375,1353.0,1451.0,1552.0,1452.0
94502,733400.0,907.0,55.0,55.0,67.0,59.0
91377,692300.0,905.0,147.0,166.0,203.0,172.0
93619,373500.0,904.75,405.0,370.0,401.0,392.0
92603,990900.0,903.0,122.0,124.0,139.0,128.333333333
95663,509500.0,899.0,18.0,16.0,21.0,18.3333333333
93730,377600.0,894.333333333,538.0,566.0,610.0,571.333333333
92694,732200.0,892.0,387.0,404.0,406.0,399.0
94552,823300.0,891.25,383.0,402.0,405.0,396.666666667
91784,586900.0,890.666666667,672.0,675.0,676.0,674.333333333
93720,278300.0,889.2,1706.0,1828.0,1943.0,1825.66666667
92130,896100.0,888.272727273,484.0,529.0,607.0,540.0
91708,423500.0,888.0,272.0,290.0,269.0,277.0
94702,688800.0,886.0,38.0,39.0,35.0,37.3333333333
92679,771500.0,885.666666667,165.0,172.0,171.0,169.333333333
94526,990400.0,883.888888889,478.0,461.0,467.0,468.666666667
94582,944400.0,881.333333333,399.0,402.0,415.0,405.333333333
91361,866800.0,881.0,67.0,61.0,61.0,63.0
90603,480800.0,879.666666667,509.0,572.0,637.0,572.666666667
91607,702200.0,879.0,243.0,245.0,256.0,248.0
91208,817600.0,877.5,119.0,141.0,158.0,139.333333333
91750,540200.0,877.333333333,1004.0,995.0,1046.0,1015.0
92808,648200.0,877.333333333,374.0,373.0,353.0,366.666666667
90069,737800.0,876.0,61.0,60.0,49.0,56.6666666667
92549,229500.0,876.0,55.0,51.0,58.0,54.6666666667
95762,532600.0,875.444444444,546.0,566.0,613.0,575.0
92127,683300.0,875.125,461.0,530.0,509.0,500.0
92887,773900.0,874.5,250.0,244.0,252.0,248.666666667
95658,520100.0,874.0,37.0,38.0,40.0,38.3333333333
91326,676100.0,872.666666667,244.0,241.0,291.0,258.666666667
95765,405200.0,872.5,842.0,821.0,873.0,845.333333333
91914,609900.0,871.5,1652.0,1658.0,1731.0,1680.33333333
92886,678300.0,870.555555556,934.0,979.0,1025.0,979.333333333
95746,650400.0,868.25,207.0,210.0,216.0,211.0
91739,547600.0,868.222222222,3258.0,3421.0,3498.0,3392.33333333
92210,701500.0,867.0,170.0,186.0,199.0,185.0
90278,781000.0,866.4,382.0,391.0,402.0,391.666666667
90403,958100.0,865.666666667,306.0,285.0,296.0,295.666666667
91354,496900.0,865.2,788.0,872.0,856.0,838.666666667
92536,308800.0,865.0,63.0,69.0,62.0,64.6666666667
93650,107400.0,865.0,376.0,386.0,381.0,381.0
91916,354200.0,865.0,27.0,37.0,26.0,30.0
95683,423300.0,864.0,61.0,60.0,58.0,59.6666666667
93924,886700.0,863.0,50.0,41.0,48.0,46.3333333333
91307,572700.0,862.25,321.0,307.0,277.0,301.666666667
94583,778700.0,862.222222222,699.0,672.0,727.0,699.333333333
91024,828200.0,862.0,269.0,262.0,264.0,265.0
95666,181100.0,861.0,16.0,17.0,18.0,17.0
92845,532100.0,860.666666667,790.0,824.0,882.0,832.0
90277,918300.0,860.0,745.0,735.0,751.0,743.666666667
92009,736500.0,859.8,846.0,830.0,795.0,823.666666667
90740,809300.0,859.0,66.0,71.0,79.0,72.0
93908,704800.0,858.2,207.0,205.0,198.0,203.333333333
92131,671500.0,857.714285714,770.0,740.0,707.0,739.0
94595,476400.0,857.0,27.0,35.0,34.0,32.0
91501,650500.0,857.0,157.0,172.0,148.0,159.0
92129,652300.0,856.75,805.0,828.0,882.0,838.333333333
92648,797500.0,856.0,707.0,740.0,801.0,749.333333333
91301,753500.0,855.833333333,327.0,353.0,364.0,348.0
92782,642300.0,855.75,370.0,391.0,396.0,385.666666667
95650,473700.0,854.5,219.0,243.0,244.0,235.333333333
92620,768300.0,854.5,342.0,425.0,419.0,395.333333333
90245,846600.0,854.0,614.0,523.0,579.0,572.0
95465,830700.0,854.0,27.0,25.0,22.0,24.6666666667
91030,851900.0,853.4,687.0,771.0,816.0,758.0
90249,415200.0,853.333333333,354.0,385.0,403.0,380.666666667
90732,552500.0,852.75,656.0,663.0,655.0,658.0
95630,424600.0,851.357142857,699.0,756.0,821.0,758.666666667
91214,702100.0,850.5,773.0,753.0,785.0,770.333333333
93430,746900.0,850.0,23.0,21.0,21.0,21.6666666667
92688,573500.0,850.0,1352.0,1363.0,1355.0,1356.66666667
92107,766900.0,849.75,487.0,489.0,480.0,485.333333333
95135,922500.0,849.666666667,237.0,251.0,218.0,235.333333333
90803,791800.0,849.2,454.0,428.0,444.0,442.0
90293,541700.0,849.0,103.0,107.0,106.0,105.333333333
91942,414000.0,848.75,595.0,535.0,552.0,560.666666667
92883,423200.0,848.5,741.0,886.0,984.0,870.333333333
90630,539800.0,848.375,1436.0,1528.0,1516.0,1493.33333333
92646,682100.0,848.1,878.0,927.0,994.0,933.0
91741,586600.0,847.333333333,1634.0,1743.0,1809.0,1728.66666667
91709,584100.0,846.214285714,3851.0,3886.0,3976.0,3904.33333333
92563,357400.0,845.916666667,3224.0,3340.0,3377.0,3313.66666667
91701,470000.0,845.9,3139.0,3255.0,3386.0,3260.0
91737,544700.0,845.6,1334.0,1372.0,1432.0,1379.33333333
94555,722200.0,845.5,73.0,84.0,84.0,80.3333333333
94568,672000.0,845.142857143,562.0,636.0,645.0,614.333333333
95693,527800.0,845.0,74.0,61.0,69.0,68.0
91403,842500.0,845.0,167.0,173.0,164.0,168.0
91789,699700.0,844.8,2016.0,2038.0,2102.0,2052.0
94517,678500.0,844.5,124.0,157.0,136.0,139.0
92508,401300.0,844.5,1677.0,1767.0,1922.0,1788.66666667
92614,611100.0,843.6,265.0,285.0,324.0,291.333333333
95033,925200.0,843.333333333,38.0,42.0,39.0,39.6666666667
96114,178500.0,843.0,36.0,34.0,31.0,33.6666666667
93643,227800.0,843.0,20.0,23.0,33.0,25.3333333333
92835,663700.0,842.75,444.0,448.0,494.0,462.0
93111,832700.0,842.5,414.0,440.0,460.0,438.0
90404,726000.0,842.5,324.0,317.0,308.0,316.333333333
92592,401200.0,841.1875,3446.0,3454.0,3519.0,3473.0
90505,812100.0,841.142857143,603.0,628.0,689.0,640.0
94709,772100.0,841.0,50.0,49.0,47.0,48.6666666667
92591,377800.0,840.142857143,2144.0,2138.0,2076.0,2119.33333333
92604,682000.0,840.0,654.0,738.0,766.0,719.333333333
91316,534800.0,840.0,287.0,302.0,301.0,296.666666667
94708,997000.0,840.0,98.0,89.0,103.0,96.6666666667
95677,348700.0,839.8,322.0,296.0,329.0,315.666666667
93611,259400.0,839.705882353,3662.0,3905.0,4084.0,3883.66666667
95742,343900.0,839.0,64.0,69.0,71.0,68.0
92119,487000.0,839.0,652.0,604.0,601.0,619.0
92596,344700.0,838.2,799.0,807.0,889.0,831.666666667
92128,526900.0,837.833333333,457.0,502.0,566.0,508.333333333
94706,718100.0,837.4,368.0,456.0,479.0,434.333333333
94598,826800.0,837.0,312.0,371.0,440.0,374.333333333
92532,323300.0,835.8,1143.0,1584.0,1675.0,1467.33333333
90240,485500.0,835.5,2441.0,2377.0,2409.0,2409.0
95138,927000.0,835.5,152.0,134.0,116.0,134.0
94510,510400.0,835.333333333,606.0,602.0,622.0,610.0
92007,860900.0,835.0,91.0,85.0,83.0,86.3333333333
92618,723800.0,835.0,51.0,70.0,73.0,64.6666666667
91775,753000.0,834.5,378.0,409.0,380.0,389.0
92120,506600.0,834.5,1213.0,1207.0,1196.0,1205.33333333
92602,790000.0,834.25,629.0,682.0,784.0,698.333333333
94611,942300.0,834.222222222,552.0,546.0,633.0,577.0
95747,391600.0,833.916666667,1240.0,1236.0,1254.0,1243.33333333
93950,713000.0,833.0,210.0,254.0,288.0,250.666666667
91203,411500.0,833.0,96.0,82.0,99.0,92.3333333333
92612,659300.0,832.666666667,204.0,215.0,229.0,216.0
90503,738500.0,832.25,977.0,1014.0,1083.0,1024.66666667
91902,529400.0,832.0,399.0,412.0,421.0,410.666666667
91505,615100.0,831.8,1100.0,1115.0,1140.0,1118.33333333
91915,453700.0,831.75,1800.0,1989.0,2132.0,1973.66666667
91504,646700.0,831.0,593.0,581.0,558.0,577.333333333
91913,457300.0,830.636363636,4568.0,4598.0,4804.0,4656.66666667
91790,446000.0,830.1,3209.0,3343.0,3514.0,3355.33333333
92359,224900.0,830.0,160.0,163.0,164.0,162.333333333
92110,503000.0,830.0,389.0,379.0,383.0,383.666666667
91765,624600.0,830.0,1779.0,1905.0,1945.0,1876.33333333
93612,166800.0,829.8,1111.0,1162.0,1188.0,1153.66666667
91324,508200.0,829.25,1396.0,1418.0,1484.0,1432.66666667
92807,627100.0,828.75,1068.0,1172.0,1260.0,1166.66666667
92656,511400.0,828.75,1055.0,1069.0,1123.0,1082.33333333
91423,821000.0,828.0,869.0,887.0,863.0,873.0
92029,630500.0,828.0,77.0,79.0,93.0,83.0
90638,466100.0,827.7,3095.0,3163.0,3221.0,3159.66666667
91355,464500.0,827.555555556,1153.0,1129.0,1295.0,1192.33333333
91773,518300.0,827.4,2235.0,2205.0,2270.0,2236.66666667
90814,642700.0,827.0,368.0,394.0,415.0,392.333333333
94588,789400.0,826.333333333,367.0,358.0,348.0,357.666666667
94534,426900.0,826.111111111,1369.0,1475.0,1527.0,1457.0
92122,589500.0,825.8,1157.0,1106.0,1136.0,1133.0
92260,321800.0,825.8,1688.0,1751.0,1829.0,1756.0
95066,703100.0,825.666666667,198.0,214.0,215.0,209.0
95709,267200.0,825.0,65.0,64.0,76.0,68.3333333333
92011,767800.0,825.0,153.0,156.0,165.0,158.0
92397,242000.0,825.0,19.0,23.0,25.0,22.3333333333
94132,854100.0,824.5,172.0,195.0,221.0,196.0
90041,652000.0,824.444444444,3190.0,2803.0,2819.0,2937.33333333
93465,555700.0,824.25,255.0,272.0,316.0,281.0
90620,455700.0,823.5,1784.0,1812.0,1864.0,1820.0
92071,396000.0,822.3,1330.0,1383.0,1443.0,1385.33333333
92354,358900.0,822.0,226.0,162.0,161.0,183.0
92249,160800.0,822.0,842.0,842.0,874.0,852.666666667
90670,403500.0,821.8,3572.0,3501.0,3427.0,3500.0
92126,461200.0,821.555555556,1412.0,1380.0,1371.0,1387.66666667
90232,913100.0,820.5,382.0,387.0,376.0,381.666666667
94566,919800.0,819.25,608.0,629.0,646.0,627.666666667
92880,489900.0,818.857142857,3983.0,3840.0,3846.0,3889.66666667
93012,517700.0,818.833333333,1251.0,1331.0,1399.0,1327.0
94952,629400.0,818.8,185.0,175.0,201.0,187.0
90039,705900.0,818.4,852.0,840.0,775.0,822.333333333
92103,611200.0,818.4,808.0,937.0,1003.0,916.0
92584,309800.0,817.888888889,2725.0,2861.0,2800.0,2795.33333333
92104,478800.0,817.666666667,585.0,569.0,593.0,582.333333333
96001,217900.0,817.625,357.0,362.0,389.0,369.333333333
91711,597300.0,817.272727273,1902.0,1947.0,1964.0,1937.66666667
91356,834400.0,817.25,835.0,858.0,820.0,837.666666667
91910,400100.0,817.1875,7804.0,7646.0,7885.0,7778.33333333
91791,517900.0,816.777777778,3325.0,3286.0,3198.0,3269.66666667
94597,657200.0,816.5,163.0,180.0,198.0,180.333333333
92064,606400.0,816.3,1256.0,1321.0,1437.0,1338.0
90045,815900.0,816.142857143,770.0,818.0,805.0,797.666666667
95409,536500.0,816.0,311.0,325.0,342.0,326.0
92586,182700.0,816.0,598.0,605.0,588.0,597.0
95130,980700.0,814.75,610.0,633.0,624.0,622.333333333
95661,379100.0,814.111111111,641.0,642.0,687.0,656.666666667
90717,570100.0,814.0,1788.0,1729.0,1695.0,1737.33333333
92123,466800.0,813.857142857,603.0,527.0,527.0,552.333333333
90623,629200.0,813.6,1257.0,1306.0,1270.0,1277.66666667
90025,751100.0,813.4,1305.0,1153.0,1198.0,1218.66666667
91745,578900.0,813.4,4866.0,4872.0,4900.0,4879.33333333
90808,567700.0,813.375,2141.0,1977.0,2048.0,2055.33333333
90602,448600.0,813.0,585.0,562.0,552.0,566.333333333
95682,360100.0,812.8,338.0,362.0,402.0,367.333333333
90815,572700.0,812.75,3371.0,3461.0,3238.0,3356.66666667
91730,364200.0,811.818181818,2955.0,2926.0,2886.0,2922.33333333
91325,586700.0,811.5,2896.0,2856.0,2894.0,2882.0
91362,719600.0,811.0,1013.0,1045.0,1046.0,1034.66666667
94505,519100.0,811.0,116.0,107.0,119.0,114.0
92708,666300.0,810.928571429,2717.0,2739.0,2675.0,2710.33333333
90504,579000.0,810.875,1494.0,1558.0,1556.0,1536.0
95355,246900.0,810.625,3761.0,3884.0,3909.0,3851.33333333
96003,234100.0,810.5,248.0,287.0,278.0,271.0
90712,468900.0,810.125,1612.0,1587.0,1545.0,1581.33333333
95949,335100.0,810.0,120.0,135.0,133.0,129.333333333
92647,611300.0,809.923076923,2509.0,2550.0,2577.0,2545.33333333
92595,327000.0,809.714285714,1573.0,2141.0,2153.0,1955.66666667
91780,654900.0,809.5,887.0,905.0,939.0,910.333333333
90807,515000.0,808.75,1034.0,1075.0,1048.0,1052.33333333
91321,407200.0,808.666666667,3269.0,3444.0,3535.0,3416.0
92821,576900.0,808.222222222,1369.0,1424.0,1489.0,1427.33333333
95391,487100.0,807.666666667,227.0,229.0,256.0,237.333333333
92223,259100.0,807.333333333,2899.0,2967.0,3102.0,2989.33333333
92211,325000.0,807.0,266.0,300.0,316.0,294.0
92833,471300.0,806.777777778,2630.0,2609.0,2776.0,2671.66666667
91201,645700.0,806.333333333,226.0,245.0,245.0,238.666666667
94596,804600.0,806.333333333,186.0,178.0,173.0,179.0
95110,517500.0,806.333333333,865.0,906.0,939.0,903.333333333
92203,294400.0,806.0,929.0,1046.0,1055.0,1010.0
92270,482600.0,806.0,195.0,180.0,170.0,181.666666667
91901,487200.0,806.0,250.0,276.0,251.0,259.0
95372,206100.0,806.0,58.0,63.0,62.0,61.0
95124,896300.0,805.1,1151.0,1184.0,1215.0,1183.33333333
92371,214900.0,805.0,622.0,686.0,709.0,672.333333333
93426,388700.0,805.0,16.0,19.0,21.0,18.6666666667
92624,747800.0,805.0,99.0,99.0,104.0,100.666666667
91387,446100.0,805.0,744.0,739.0,648.0,710.333333333
93636,266000.0,805.0,403.0,457.0,476.0,445.333333333
90604,443500.0,804.923076923,5907.0,5891.0,5949.0,5915.66666667
92673,806300.0,804.833333333,1135.0,1111.0,1159.0,1135.0
91040,462100.0,804.666666667,874.0,870.0,877.0,873.666666667
94703,729400.0,804.25,450.0,546.0,520.0,505.333333333
93312,267200.0,804.1875,2715.0,2887.0,2949.0,2850.33333333
96055,133300.0,803.666666667,167.0,180.0,191.0,179.333333333
96073,313300.0,803.5,127.0,118.0,123.0,122.666666667
93427,491500.0,803.0,179.0,221.0,233.0,211.0
91344,523800.0,802.923076923,6785.0,6538.0,6459.0,6594.0
92705,792900.0,802.785714286,4932.0,5028.0,5183.0,5047.66666667
91202,655700.0,802.666666667,634.0,636.0,610.0,626.666666667
90701,443400.0,802.5,1017.0,1011.0,1047.0,1025.0
95655,301600.0,802.5,77.0,96.0,103.0,92.0
90230,639800.0,802.111111111,2184.0,2131.0,2039.0,2118.0
94949,769200.0,802.0,350.0,400.0,419.0,389.666666667
90302,319500.0,802.0,931.0,900.0,918.0,916.333333333
90703,634800.0,801.555555556,2607.0,2717.0,2881.0,2735.0
95662,330800.0,801.2,538.0,534.0,536.0,536.0
92587,345300.0,801.0,264.0,241.0,251.0,252.0
92692,634400.0,800.833333333,1054.0,1102.0,1066.0,1074.0
90755,406800.0,800.333333333,628.0,644.0,754.0,675.333333333
95816,425100.0,800.0,469.0,509.0,495.0,491.0
92124,545000.0,800.0,1650.0,1608.0,1582.0,1613.33333333
90012,408700.0,800.0,1660.0,1758.0,1744.0,1720.66666667
92869,614000.0,799.8,2899.0,2959.0,2992.0,2950.0
95757,378600.0,799.6,1812.0,1881.0,1906.0,1866.33333333
95758,293400.0,799.5,1356.0,1409.0,1452.0,1405.66666667
94947,625300.0,799.333333333,701.0,799.0,811.0,770.333333333
95446,338300.0,799.0,46.0,45.0,53.0,48.0
95634,224900.0,799.0,31.0,28.0,17.0,25.3333333333
92562,366100.0,798.9,2794.0,2903.0,2954.0,2883.66666667
95672,382100.0,798.666666667,200.0,210.0,206.0,205.333333333
92019,435900.0,798.545454545,2060.0,2081.0,2081.0,2074.0
94710,662800.0,798.0,105.0,105.0,94.0,101.333333333
95222,256700.0,798.0,81.0,88.0,106.0,91.6666666667
92870,568400.0,797.8125,4297.0,4349.0,4467.0,4371.0
92078,502000.0,797.625,1753.0,1812.0,1969.0,1844.66666667
92649,679100.0,797.5,717.0,748.0,804.0,756.333333333
92677,727400.0,797.0,813.0,862.0,868.0,847.666666667
95405,445700.0,796.25,286.0,298.0,317.0,300.333333333
94607,409500.0,796.0,232.0,243.0,255.0,243.333333333
90015,571300.0,795.5,1886.0,1861.0,1901.0,1882.66666667
91941,514100.0,795.4,2048.0,2177.0,2226.0,2150.33333333
90024,986200.0,795.0,472.0,428.0,366.0,422.0
91740,447100.0,795.0,722.0,750.0,759.0,743.666666667
94044,714100.0,794.857142857,757.0,779.0,820.0,785.333333333
91350,456400.0,794.444444444,1285.0,1318.0,1343.0,1315.33333333
92008,718500.0,794.1,1659.0,1697.0,1701.0,1685.66666667
95357,231700.0,793.75,1306.0,1302.0,1288.0,1298.66666667
93460,755800.0,793.666666667,374.0,387.0,420.0,393.666666667
92832,431400.0,793.6,2142.0,2110.0,2123.0,2125.0
90601,432600.0,793.571428571,4112.0,3964.0,4005.0,4027.0
93311,266000.0,793.545454545,3074.0,3293.0,3441.0,3269.33333333
94122,980300.0,793.5,190.0,197.0,199.0,195.333333333
91724,481800.0,793.4,2127.0,2116.0,2064.0,2102.33333333
91606,452000.0,793.4,2962.0,2794.0,2481.0,2745.66666667
94501,727800.0,793.266666667,840.0,887.0,953.0,893.333333333
94585,286000.0,793.25,581.0,607.0,682.0,623.333333333
94523,596100.0,793.111111111,1110.0,1202.0,1247.0,1186.33333333
92069,435800.0,793.0,3898.0,3982.0,3988.0,3956.0
92626,641900.0,793.0,2899.0,3010.0,3066.0,2991.66666667
90631,469300.0,793.0,5850.0,5766.0,5786.0,5800.66666667
94005,675800.0,793.0,102.0,99.0,87.0,96.0
93063,478800.0,792.818181818,1538.0,1608.0,1625.0,1590.33333333
95377,414600.0,792.2,1136.0,1202.0,1259.0,1199.0
93265,220400.0,792.0,41.0,36.0,37.0,38.0
91360,602000.0,791.777777778,1072.0,1214.0,1268.0,1184.66666667
92860,467800.0,791.444444444,2095.0,2109.0,2154.0,2119.33333333
91786,402400.0,791.4,3082.0,3068.0,3148.0,3099.33333333
94551,563900.0,791.333333333,1018.0,1091.0,1107.0,1072.0
93433,381900.0,791.0,453.0,446.0,446.0,448.333333333
92109,718700.0,790.857142857,1530.0,1407.0,1303.0,1413.33333333
93711,291500.0,790.666666667,734.0,792.0,867.0,797.666666667
93551,302900.0,790.4,3809.0,4123.0,3945.0,3959.0
91205,508400.0,790.4,1294.0,1308.0,1357.0,1319.66666667
90242,414700.0,790.3,4853.0,4817.0,4782.0,4817.33333333
93536,259400.0,790.153846154,3812.0,3959.0,3721.0,3830.66666667
92881,464300.0,789.833333333,3243.0,3302.0,3351.0,3298.66666667
93013,773600.0,789.8,1185.0,1178.0,1164.0,1175.66666667
92567,262800.0,789.75,1001.0,1056.0,1107.0,1054.66666667
92653,658300.0,789.75,813.0,829.0,867.0,836.333333333
90746,442000.0,789.428571429,770.0,770.0,795.0,778.333333333
95692,227300.0,789.333333333,269.0,273.0,259.0,267.0
91367,625800.0,789.0,2009.0,1961.0,2003.0,1991.0
91304,528800.0,788.6,1375.0,1303.0,1306.0,1328.0
92024,803000.0,788.5,1030.0,1051.0,1091.0,1057.33333333
92277,93200.0,788.285714286,651.0,670.0,638.0,653.0
92630,597800.0,788.25,2009.0,2215.0,2294.0,2172.66666667
95829,301700.0,788.2,963.0,1008.0,1025.0,998.666666667
94619,533000.0,788.111111111,853.0,917.0,945.0,905.0
91204,424600.0,788.0,250.0,258.0,278.0,262.0
90650,375800.0,788.0,10071.0,9743.0,9607.0,9807.0
95338,224400.0,788.0,92.0,99.0,120.0,103.666666667
92504,274700.0,787.888888889,3908.0,3931.0,4051.0,3963.33333333
95219,307600.0,787.8,859.0,921.0,988.0,922.666666667
93631,223500.0,787.285714286,1731.0,1758.0,1816.0,1768.33333333
92116,461600.0,787.0,515.0,497.0,502.0,504.666666667
93723,272600.0,787.0,636.0,656.0,695.0,662.333333333
93271,265300.0,787.0,20.0,20.0,22.0,20.6666666667
93654,170100.0,786.8,3462.0,3523.0,3635.0,3540.0
90723,321000.0,786.642857143,8832.0,8906.0,8953.0,8897.0
95843,304600.0,786.636363636,1039.0,1090.0,1178.0,1102.33333333
96022,190200.0,786.6,200.0,221.0,241.0,220.666666667
90270,371400.0,786.6,2677.0,2692.0,2645.0,2671.33333333
91803,548300.0,786.0,1188.0,1212.0,1207.0,1202.33333333
91911,372300.0,785.5,8384.0,8444.0,8310.0,8379.33333333
95624,329700.0,785.388888889,2762.0,2792.0,2867.0,2807.0
92336,377900.0,785.285714286,10076.0,10038.0,9889.0,10001.0
90806,422800.0,785.25,1348.0,1427.0,1452.0,1409.0
92373,419100.0,785.125,1131.0,1138.0,1119.0,1129.33333333
95366,339300.0,784.833333333,673.0,738.0,732.0,714.333333333
96019,150900.0,784.666666667,152.0,173.0,162.0,162.333333333
90606,382400.0,784.625,3591.0,3586.0,3541.0,3572.66666667
95379,164600.0,784.5,63.0,57.0,69.0,63.0
90065,599100.0,784.416666667,3534.0,3504.0,3337.0,3458.33333333
94546,581500.0,784.363636364,1365.0,1380.0,1451.0,1398.66666667
94954,500000.0,784.333333333,534.0,580.0,603.0,572.333333333
96097,132300.0,784.333333333,123.0,128.0,173.0,141.333333333
92551,231400.0,784.25,4821.0,4821.0,4753.0,4798.33333333
92020,416600.0,784.076923077,2037.0,2134.0,2146.0,2105.66666667
93449,694100.0,784.0,207.0,227.0,226.0,220.0
93463,664300.0,784.0,189.0,192.0,208.0,196.333333333
92082,503200.0,783.6,1104.0,1103.0,1134.0,1113.66666667
91364,766500.0,783.571428571,947.0,851.0,874.0,890.666666667
95959,368800.0,783.5,65.0,75.0,84.0,74.6666666667
91761,357500.0,783.181818182,4996.0,5006.0,5001.0,5001.0
95472,653200.0,783.0,403.0,451.0,483.0,445.666666667
95819,424500.0,783.0,418.0,452.0,433.0,434.333333333
92307,200400.0,782.857142857,1846.0,1880.0,1792.0,1839.33333333
92139,341000.0,782.714285714,1585.0,1560.0,1562.0,1569.0
92530,254000.0,782.5,3001.0,4173.0,4214.0,3796.0
90713,484900.0,782.285714286,3743.0,3624.0,3585.0,3650.66666667
93656,131700.0,782.25,891.0,919.0,972.0,927.333333333
95831,356500.0,782.2,1037.0,1075.0,1096.0,1069.33333333
95460,537600.0,782.0,13.0,23.0,19.0,18.3333333333
93066,967300.0,782.0,373.0,390.0,389.0,384.0
93035,487600.0,781.75,1284.0,1450.0,1583.0,1439.0
91945,348000.0,781.4,980.0,973.0,1374.0,1109.0
91723,436100.0,781.333333333,3602.0,3630.0,3532.0,3588.0
95008,890500.0,781.166666667,1312.0,1399.0,1428.0,1379.66666667
92701,372000.0,781.153846154,7349.0,7447.0,7481.0,7425.66666667
91502,445800.0,781.0,540.0,525.0,492.0,519.0
93004,479800.0,780.75,605.0,591.0,586.0,594.0
94960,992700.0,780.0,59.0,68.0,72.0,66.3333333333
95562,181100.0,780.0,49.0,36.0,40.0,41.6666666667
93245,182200.0,780.0,2341.0,2372.0,2518.0,2410.33333333
92313,295500.0,780.0,1088.0,1101.0,1164.0,1117.66666667
92256,112600.0,780.0,29.0,33.0,31.0,31.0
94066,732000.0,779.75,1399.0,1393.0,1409.0,1400.33333333
92392,190900.0,779.6875,5827.0,6262.0,5994.0,6027.66666667
95407,387700.0,779.625,2566.0,2663.0,2549.0,2592.66666667
92691,606600.0,779.266666667,2807.0,2852.0,2874.0,2844.33333333
95834,311500.0,779.0,937.0,937.0,943.0,939.0
95228,328200.0,779.0,27.0,22.0,29.0,26.0
94561,337400.0,778.777777778,2332.0,2430.0,2532.0,2431.33333333
93117,754600.0,778.555555556,1905.0,1913.0,1935.0,1917.66666667
93555,151700.0,778.555555556,831.0,842.0,894.0,855.666666667
96093,166700.0,778.5,50.0,33.0,41.0,41.3333333333
93401,615200.0,778.5,385.0,391.0,426.0,400.666666667
90715,415400.0,778.4,1614.0,1659.0,1652.0,1641.66666667
92391,156700.0,778.0,114.0,123.0,143.0,126.666666667
91345,419000.0,778.0,357.0,353.0,372.0,360.666666667
90802,278200.0,777.75,1601.0,1663.0,1759.0,1674.33333333
93622,126700.0,777.75,1378.0,1443.0,1485.0,1435.33333333
95119,720100.0,777.666666667,573.0,587.0,543.0,567.666666667
94550,672600.0,777.555555556,1278.0,1415.0,1378.0,1357.0
93614,225900.0,777.5,97.0,100.0,99.0,98.6666666667
92252,101800.0,777.5,106.0,102.0,90.0,99.3333333333
93657,173900.0,777.142857143,4730.0,4756.0,4849.0,4778.33333333
91101,452600.0,777.0,444.0,488.0,485.0,472.333333333
92706,494100.0,776.714285714,3851.0,4026.0,4155.0,4010.66666667
92251,188600.0,776.6,2047.0,2084.0,2170.0,2100.33333333
91950,317600.0,776.538461538,5150.0,5406.0,5472.0,5342.66666667
95648,379300.0,776.454545455,1542.0,1556.0,1633.0,1577.0
92106,925700.0,776.1,1684.0,1656.0,1719.0,1686.33333333
92557,260600.0,775.909090909,4230.0,4291.0,4315.0,4278.66666667
95018,473700.0,775.666666667,114.0,140.0,141.0,131.666666667
91351,399000.0,775.666666667,3097.0,3176.0,3224.0,3165.66666667
92173,327700.0,775.666666667,2991.0,2964.0,3110.0,3021.66666667
90744,372200.0,775.6,7430.0,6986.0,6119.0,6845.0
90247,390100.0,775.571428571,2746.0,2815.0,2786.0,2782.33333333
95337,324500.0,775.5,984.0,963.0,988.0,978.333333333
95121,610000.0,775.4,2114.0,1976.0,1871.0,1987.0
90034,847800.0,775.222222222,2631.0,2603.0,2603.0,2612.33333333
93314,355600.0,775.0,988.0,995.0,997.0,993.333333333
92505,301400.0,774.8,4636.0,4967.0,4792.0,4798.33333333
96067,230200.0,774.75,106.0,126.0,116.0,116.0
92352,332000.0,774.75,569.0,594.0,605.0,589.333333333
92868,438600.0,774.666666667,1083.0,1135.0,1071.0,1096.33333333
92571,227300.0,774.4,5187.0,5535.0,5515.0,5412.33333333
95826,244300.0,774.25,776.0,722.0,796.0,764.666666667
95365,96900.0,774.0,535.0,536.0,516.0,529.0
92629,776700.0,774.0,655.0,674.0,678.0,669.0
94043,909200.0,774.0,735.0,765.0,738.0,746.0
93630,173300.0,773.8,2559.0,2208.0,2289.0,2352.0
92882,407800.0,773.571428571,6119.0,6166.0,6219.0,6168.0
92831,534000.0,773.5,1978.0,2060.0,2183.0,2073.66666667
92503,292300.0,773.4,8170.0,8494.0,8371.0,8345.0
93428,619500.0,773.333333333,282.0,297.0,301.0,293.333333333
94553,460300.0,773.285714286,761.0,785.0,804.0,783.333333333
91104,648700.0,773.25,1609.0,1639.0,1637.0,1628.33333333
92061,480700.0,773.0,129.0,129.0,147.0,135.0
95020,595400.0,772.8,5590.0,5522.0,5718.0,5610.0
91342,404800.0,772.647058824,8578.0,7989.0,7375.0,7980.66666667
93313,206900.0,772.6,3632.0,3833.0,3984.0,3816.33333333
92154,357500.0,772.375,8810.0,8674.0,8652.0,8712.0
91744,371600.0,772.32,10665.0,10428.0,10082.0,10391.6666667
95616,578700.0,772.25,883.0,914.0,916.0,904.333333333
93710,200200.0,772.0,1188.0,1126.0,1149.0,1154.33333333
92081,466600.0,771.666666667,1514.0,1536.0,1541.0,1530.33333333
94930,742200.0,771.5,63.0,71.0,81.0,71.6666666667
92585,280300.0,771.4,2579.0,2631.0,2709.0,2639.66666667
95388,127000.0,771.4,1120.0,1109.0,1148.0,1125.66666667
94608,477100.0,771.166666667,549.0,635.0,694.0,626.0
95321,209900.0,771.0,34.0,36.0,38.0,36.0
93667,238900.0,771.0,35.0,53.0,47.0,45.0
93453,459600.0,771.0,41.0,37.0,32.0,36.6666666667
92672,765100.0,771.0,837.0,814.0,830.0,827.0
96002,209900.0,771.0,510.0,521.0,581.0,537.333333333
90660,370700.0,770.785714286,7361.0,7200.0,7018.0,7193.0
93060,361100.0,770.666666667,437.0,449.0,454.0,446.666666667
94571,276100.0,770.666666667,234.0,253.0,275.0,254.0
95361,258000.0,770.625,1045.0,1139.0,1104.0,1096.0
92058,386200.0,770.125,1840.0,1854.0,1872.0,1855.33333333
92377,317300.0,770.0,3281.0,3400.0,3459.0,3380.0
92866,532300.0,770.0,571.0,560.0,553.0,561.333333333
95835,305200.0,770.0,1192.0,1232.0,1296.0,1240.0
93513,181000.0,770.0,11.0,16.0,16.0,14.3333333333
95678,291300.0,769.9,1097.0,1148.0,1155.0,1133.33333333
93960,252200.0,769.75,3133.0,3176.0,3226.0,3178.33333333
91306,448200.0,769.714285714,2697.0,2773.0,2666.0,2712.0
92065,433000.0,769.444444444,1407.0,1378.0,1404.0,1396.33333333
92555,296400.0,769.142857143,3694.0,3634.0,3635.0,3654.33333333
92040,408900.0,769.0,972.0,990.0,1085.0,1015.66666667
94579,469700.0,769.0,687.0,679.0,656.0,674.0
91335,422400.0,768.789473684,6183.0,5854.0,5795.0,5944.0
92057,382000.0,768.727272727,4067.0,4208.0,4306.0,4193.66666667
92021,382400.0,768.6,1770.0,1683.0,1673.0,1708.66666667
95687,322200.0,768.222222222,1422.0,1574.0,1643.0,1546.33333333
95448,584400.0,768.2,887.0,851.0,833.0,857.0
95356,265900.0,768.0,586.0,870.0,927.0,794.333333333
90303,404000.0,768.0,2086.0,1975.0,1937.0,1999.33333333
93625,204200.0,768.0,1185.0,1192.0,1241.0,1206.0
92346,264600.0,768.0,3228.0,3226.0,3259.0,3237.66666667
90029,659100.0,767.75,1976.0,1932.0,1848.0,1918.66666667
93722,189900.0,767.615384615,4592.0,4279.0,4446.0,4439.0
92399,303100.0,767.5,2076.0,2280.0,2344.0,2233.33333333
92501,248200.0,767.333333333,745.0,790.0,819.0,784.666666667
92683,528200.0,767.25,3638.0,3660.0,3639.0,3645.66666667
91755,545500.0,767.0,980.0,957.0,954.0,963.666666667
90621,467200.0,767.0,2498.0,2543.0,2489.0,2510.0
90292,821800.0,767.0,258.0,238.0,229.0,241.666666667
93451,296000.0,766.5,191.0,211.0,216.0,206.0
91710,408200.0,766.4,7531.0,7430.0,7379.0,7446.66666667
91384,468800.0,766.4,799.0,932.0,936.0,889.0
92220,186500.0,766.333333333,1774.0,1779.0,1733.0,1762.0
94513,452000.0,766.142857143,2625.0,2712.0,2844.0,2727.0
91748,562900.0,766.0,1939.0,1977.0,1925.0,1947.0
93662,156300.0,766.0,3901.0,3931.0,3978.0,3936.66666667
90040,331600.0,766.0,997.0,999.0,1038.0,1011.33333333
93610,154700.0,765.714285714,1416.0,1401.0,1451.0,1422.66666667
92780,574400.0,765.692307692,5181.0,5273.0,5351.0,5268.33333333
94531,360800.0,765.555555556,1734.0,1842.0,1832.0,1802.66666667
95212,275800.0,765.333333333,1864.0,1890.0,1896.0,1883.33333333
94080,698500.0,765.166666667,2863.0,2904.0,2984.0,2917.0
91733,395300.0,765.0,3751.0,3705.0,3612.0,3689.33333333
95328,138800.0,765.0,248.0,271.0,296.0,271.666666667
93553,219200.0,765.0,152.0,156.0,161.0,156.333333333
92262,312700.0,764.5,1737.0,1784.0,1798.0,1773.0
90260,430300.0,764.416666667,5453.0,5601.0,5705.0,5586.33333333
90301,321600.0,764.25,3013.0,2812.0,2831.0,2885.33333333
90250,467300.0,763.625,5555.0,5791.0,5845.0,5730.33333333
92056,412800.0,763.5,1627.0,1761.0,1793.0,1727.0
95368,242000.0,763.5,1140.0,1170.0,1137.0,1149.0
95252,245600.0,763.333333333,187.0,199.0,221.0,202.333333333
91935,602900.0,763.25,313.0,281.0,287.0,293.666666667
90804,399100.0,763.2,2776.0,2782.0,2812.0,2790.0
92844,435900.0,763.125,1388.0,1465.0,1497.0,1450.0
92805,418400.0,763.1,7483.0,7333.0,7240.0,7352.0
94015,701000.0,763.0,1011.0,1002.0,983.0,998.666666667
96013,121900.0,763.0,44.0,59.0,60.0,54.3333333333
96007,174000.0,762.875,266.0,294.0,365.0,308.333333333
95993,242300.0,762.75,1295.0,1328.0,1366.0,1329.66666667
92801,424600.0,762.727272727,5678.0,5619.0,5601.0,5632.66666667
90241,488300.0,762.571428571,7348.0,7396.0,7619.0,7454.33333333
90022,336600.0,762.538461538,7710.0,7653.0,7765.0,7709.33333333
95348,201300.0,762.5,1816.0,1863.0,1952.0,1877.0
94574,965100.0,762.25,465.0,486.0,495.0,482.0
91016,560300.0,762.1,2455.0,2537.0,2534.0,2508.66666667
95382,277100.0,762.0,2240.0,2322.0,2320.0,2294.0
95327,193300.0,762.0,44.0,45.0,50.0,46.3333333333
92276,158500.0,762.0,340.0,335.0,331.0,335.333333333
91605,423200.0,761.875,3125.0,3156.0,3132.0,3137.66666667
91977,359000.0,761.833333333,3538.0,3464.0,3460.0,3487.33333333
93003,493400.0,761.571428571,2954.0,3038.0,3087.0,3026.33333333
91706,361100.0,761.4,10124.0,9826.0,9589.0,9846.33333333
92374,291200.0,761.363636364,4267.0,4388.0,4362.0,4339.0
95519,264500.0,760.75,119.0,115.0,123.0,119.0
90066,986400.0,760.583333333,3285.0,3042.0,2955.0,3094.0
90710,472800.0,760.5,2248.0,2159.0,2064.0,2157.0
95006,413700.0,760.5,197.0,248.0,273.0,239.333333333
96130,115800.0,760.333333333,207.0,216.0,245.0,222.666666667
92704,416700.0,760.1,13988.0,13924.0,14142.0,14018.0
90731,496200.0,760.076923077,5039.0,4802.0,4764.0,4868.33333333
92335,255000.0,759.882352941,10557.0,10306.0,10331.0,10398.0
93704,193800.0,759.727272727,4614.0,4732.0,4724.0,4690.0
92606,691400.0,759.666666667,109.0,117.0,133.0,119.666666667
95713,285700.0,759.5,66.0,66.0,61.0,64.3333333333
90006,511800.0,759.285714286,3641.0,3501.0,3367.0,3503.0
91752,405200.0,759.25,2283.0,2290.0,2238.0,2270.33333333
92201,198700.0,759.166666667,8476.0,8466.0,8618.0,8520.0
95632,254700.0,759.111111111,2346.0,2371.0,2405.0,2374.0
93527,174800.0,759.0,23.0,22.0,21.0,22.0
95118,782000.0,758.222222222,1849.0,2018.0,2018.0,1961.66666667
94587,604100.0,757.75,1900.0,2005.0,2038.0,1981.0
90023,316700.0,757.692307692,7754.0,7455.0,7204.0,7471.0
92509,285500.0,757.684210526,9037.0,9131.0,9290.0,9152.66666667
91320,614200.0,757.666666667,1106.0,1083.0,1067.0,1085.33333333
92843,439000.0,757.545454545,4220.0,4239.0,4235.0,4231.33333333
95503,230600.0,757.5,251.0,267.0,246.0,254.666666667
91406,453400.0,757.384615385,5118.0,5050.0,5174.0,5114.0
96021,132100.0,757.375,1175.0,1146.0,1171.0,1164.0
92315,296800.0,757.333333333,340.0,337.0,360.0,345.666666667
92840,447800.0,757.25,3994.0,3922.0,3960.0,3958.66666667
93445,338300.0,757.0,245.0,239.0,235.0,239.666666667
91762,325400.0,757.0,8530.0,8362.0,8388.0,8426.66666667
95304,481900.0,757.0,450.0,473.0,528.0,483.666666667
94928,414300.0,756.888888889,1378.0,1441.0,1494.0,1437.66666667
94803,429100.0,756.833333333,733.0,776.0,832.0,780.333333333
95631,277400.0,756.666666667,58.0,57.0,53.0,56.0
94515,569800.0,756.5,426.0,450.0,465.0,447.0
92337,302100.0,756.363636364,5382.0,5850.0,5868.0,5700.0
95667,279600.0,756.333333333,831.0,882.0,937.0,883.333333333
95969,195000.0,756.333333333,238.0,237.0,255.0,243.333333333
95453,217500.0,756.333333333,233.0,245.0,269.0,249.0
95010,655600.0,756.0,194.0,199.0,212.0,201.666666667
93021,573700.0,755.9,1979.0,2005.0,2026.0,2003.33333333
91731,402300.0,755.833333333,3007.0,2957.0,2991.0,2985.0
90016,431100.0,755.75,2044.0,2109.0,2167.0,2106.66666667
92227,147200.0,755.555555556,3538.0,3599.0,3611.0,3582.66666667
93640,117200.0,755.5,1812.0,1891.0,1944.0,1882.33333333
90220,269200.0,755.5,4570.0,4580.0,4473.0,4541.0
91754,546500.0,755.428571429,1569.0,1610.0,1639.0,1606.0
93274,147600.0,755.391304348,7744.0,8101.0,8367.0,8070.66666667
91768,319900.0,755.222222222,4087.0,4057.0,3637.0,3927.0
91792,435700.0,755.0,871.0,891.0,891.0,884.333333333
92865,548700.0,755.0,630.0,646.0,658.0,644.666666667
91390,548800.0,755.0,55.0,50.0,51.0,52.0
95054,816100.0,755.0,374.0,394.0,424.0,397.333333333
90007,491200.0,755.0,8549.0,8461.0,8404.0,8471.33333333
95148,723200.0,754.818181818,2822.0,2650.0,2668.0,2713.33333333
91343,456200.0,754.785714286,6682.0,6542.0,6681.0,6635.0
96137,313500.0,754.5,23.0,28.0,27.0,26.0
92117,513200.0,754.5,2849.0,2753.0,2709.0,2770.33333333
95628,417000.0,754.428571429,671.0,698.0,743.0,704.0
91770,490600.0,754.214285714,3197.0,3077.0,3023.0,3099.0
92102,363200.0,754.058823529,3495.0,3654.0,3757.0,3635.33333333
93267,116300.0,754.0,1107.0,1116.0,1143.0,1122.0
95640,227400.0,754.0,51.0,55.0,55.0,53.6666666667
93444,473600.0,753.666666667,807.0,776.0,802.0,795.0
91001,650900.0,753.142857143,1050.0,1034.0,1064.0,1049.33333333
92627,665300.0,753.0,2434.0,2559.0,2501.0,2498.0
96025,128900.0,753.0,22.0,12.0,16.0,16.6666666667
95236,330600.0,753.0,374.0,377.0,403.0,384.666666667
90502,371800.0,753.0,607.0,593.0,598.0,599.333333333
95116,483700.0,752.416666667,3349.0,3484.0,3584.0,3472.33333333
95326,265800.0,752.4,934.0,923.0,946.0,934.333333333
93646,116000.0,752.4,1752.0,1768.0,1824.0,1781.33333333
93065,485800.0,752.166666667,3533.0,4151.0,3942.0,3875.33333333
95726,217800.0,752.0,54.0,59.0,66.0,59.6666666667
92311,93000.0,751.8,1809.0,1859.0,1825.0,1831.0
92583,184500.0,751.666666667,3806.0,3898.0,4017.0,3907.0
93277,174600.0,751.625,4050.0,4206.0,4322.0,4192.66666667
91206,657400.0,751.6,875.0,909.0,875.0,886.333333333
95954,160600.0,751.5,78.0,71.0,53.0,67.3333333333
95003,728300.0,751.4,705.0,701.0,741.0,715.666666667
95307,200600.0,751.066666667,4916.0,4931.0,4972.0,4939.66666667
96027,170100.0,751.0,22.0,20.0,23.0,21.6666666667
92707,380100.0,750.909090909,6882.0,6750.0,6854.0,6828.66666667
95035,729500.0,750.769230769,1597.0,1512.0,1508.0,1539.0
91331,357500.0,750.666666667,9228.0,9001.0,8835.0,9021.33333333
92879,363300.0,750.625,2552.0,2666.0,2748.0,2655.33333333
95403,429600.0,750.5,594.0,633.0,668.0,631.666666667
93446,386800.0,750.5,687.0,718.0,728.0,711.0
95136,707200.0,750.2,1024.0,1014.0,1063.0,1033.66666667
93601,279900.0,750.0,19.0,17.0,16.0,17.3333333333
94547,457800.0,750.0,446.0,450.0,457.0,451.0
90706,401700.0,749.875,3825.0,3801.0,3699.0,3775.0
94560,581900.0,749.583333333,2403.0,2461.0,2443.0,2435.66666667
90255,334400.0,749.266666667,12498.0,11921.0,10016.0,11478.3333333
92407,234600.0,749.2,5332.0,5400.0,5604.0,5445.33333333
94601,320000.0,749.058823529,2814.0,2914.0,3059.0,2929.0
96080,145500.0,749.0,727.0,742.0,758.0,742.333333333
92325,165100.0,749.0,97.0,87.0,85.0,89.6666666667
95436,390500.0,749.0,72.0,64.0,58.0,64.6666666667
91010,429800.0,748.875,2139.0,2076.0,2046.0,2087.0
90042,513700.0,748.846153846,5183.0,4751.0,4550.0,4828.0
93306,159100.0,748.611111111,9389.0,9798.0,10093.0,9760.0
91702,366600.0,748.571428571,5569.0,5299.0,5181.0,5349.66666667
95961,169400.0,748.545454545,1536.0,1550.0,1621.0,1569.0
92545,211600.0,748.5,2711.0,2789.0,2884.0,2794.66666667
94610,867900.0,748.4,573.0,663.0,777.0,671.0
91763,332800.0,748.363636364,5846.0,5847.0,5940.0,5877.66666667
91722,401500.0,748.222222222,3841.0,3769.0,3603.0,3737.66666667
93023,612300.0,748.142857143,689.0,715.0,696.0,700.0
95004,499200.0,748.0,182.0,187.0,185.0,184.666666667
95623,266900.0,748.0,87.0,71.0,103.0,87.0
94591,323100.0,748.0,969.0,1117.0,1149.0,1078.33333333
90745,400900.0,747.909090909,4547.0,4047.0,3613.0,4069.0
92802,447600.0,747.833333333,3219.0,3179.0,3149.0,3182.33333333
95401,387500.0,747.75,501.0,495.0,510.0,502.0
95928,270100.0,747.666666667,571.0,599.0,619.0,596.333333333
92115,397100.0,747.636363636,2634.0,2676.0,2911.0,2740.33333333
93420,573300.0,747.571428571,1145.0,1143.0,1164.0,1150.66666667
95901,161900.0,747.545454545,962.0,1050.0,1109.0,1040.33333333
90038,686200.0,747.25,1903.0,1796.0,1699.0,1799.33333333
92544,192300.0,747.222222222,2073.0,2065.0,2122.0,2086.66666667
91311,532200.0,747.142857143,2349.0,2322.0,2211.0,2294.0
92243,159400.0,747.05,7653.0,7672.0,7952.0,7759.0
92285,70400.0,747.0,49.0,38.0,37.0,41.3333333333
94602,660100.0,747.0,412.0,392.0,369.0,391.0
92372,206700.0,747.0,85.0,99.0,98.0,94.0
90704,576600.0,747.0,330.0,336.0,342.0,336.0
90501,545800.0,747.0,1395.0,1423.0,1577.0,1465.0
92308,176100.0,746.857142857,1763.0,1923.0,2114.0,1933.33333333
95125,955100.0,746.461538462,3250.0,3141.0,3155.0,3182.0
93442,510500.0,746.0,220.0,241.0,258.0,239.666666667
92234,231100.0,745.777777778,5672.0,5734.0,5580.0,5662.0
95521,276100.0,745.75,153.0,155.0,171.0,159.666666667
95209,244100.0,745.692307692,1829.0,1900.0,1980.0,1903.0
92806,501000.0,745.5,4781.0,4953.0,4946.0,4893.33333333
96094,147000.0,745.333333333,87.0,80.0,80.0,82.3333333333
94580,447900.0,745.2,3060.0,3137.0,3193.0,3130.0
95458,118300.0,745.0,31.0,22.0,34.0,29.0
94533,262000.0,745.0,3095.0,3314.0,3750.0,3386.33333333
95690,291400.0,745.0,77.0,77.0,80.0,78.0
90605,408100.0,744.7,4181.0,4240.0,4717.0,4379.33333333
90805,345800.0,744.692307692,6796.0,6642.0,6692.0,6710.0
94525,377200.0,744.5,208.0,199.0,209.0,205.333333333
94545,455700.0,744.444444444,2340.0,2431.0,2504.0,2425.0
95945,285400.0,744.0,244.0,246.0,281.0,257.0
90019,807000.0,744.0,3908.0,3658.0,3464.0,3676.66666667
93725,133900.0,743.6,2356.0,2355.0,2418.0,2376.33333333
95953,163000.0,743.6,745.0,787.0,754.0,762.0
91506,640600.0,743.5,2010.0,1958.0,2084.0,2017.33333333
90059,261500.0,743.307692308,2735.0,2882.0,3064.0,2893.66666667
92316,245900.0,742.875,5301.0,5195.0,4938.0,5144.66666667
95128,743300.0,742.75,1522.0,1599.0,1646.0,1589.0
92655,448100.0,742.666666667,323.0,318.0,323.0,321.333333333
95354,164400.0,742.666666667,981.0,986.0,998.0,988.333333333
95660,157400.0,742.6,1300.0,1478.0,1615.0,1464.33333333
91103,581100.0,742.6,1636.0,1575.0,1506.0,1572.33333333
95688,405900.0,742.571428571,1330.0,1381.0,1442.0,1384.33333333
93202,121500.0,742.5,560.0,567.0,574.0,567.0
95437,335900.0,742.5,544.0,542.0,536.0,540.666666667
96150,342100.0,742.333333333,1046.0,1019.0,1079.0,1048.0
91042,474400.0,742.2,1203.0,1070.0,978.0,1083.66666667
94530,675600.0,742.0,630.0,647.0,682.0,653.0
95350,193400.0,742.0,3208.0,3200.0,3220.0,3209.33333333
95991,189300.0,741.692307692,2315.0,2325.0,2408.0,2349.33333333
92804,446500.0,741.526315789,8807.0,8607.0,8372.0,8595.33333333
95210,162500.0,741.5,1393.0,1356.0,1392.0,1380.33333333
91978,414200.0,741.5,525.0,602.0,685.0,604.0
90305,398700.0,741.333333333,389.0,439.0,460.0,429.333333333
94086,987800.0,741.25,599.0,600.0,587.0,595.333333333
91764,302100.0,741.090909091,4185.0,4340.0,4401.0,4308.66666667
95404,554600.0,741.0,244.0,286.0,308.0,279.333333333
95461,232100.0,741.0,245.0,240.0,239.0,241.333333333
90280,332800.0,740.619047619,15580.0,15201.0,14311.0,15030.6666667
95132,746900.0,740.5,1199.0,1314.0,1395.0,1302.66666667
95370,217900.0,740.25,247.0,233.0,269.0,249.666666667
92570,240500.0,740.133333333,6976.0,7200.0,7424.0,7200.0
95614,303700.0,740.0,24.0,21.0,18.0,21.0
93001,494700.0,740.0,2173.0,2259.0,2381.0,2271.0
95618,536700.0,740.0,138.0,136.0,135.0,136.333333333
95814,337500.0,740.0,102.0,99.0,99.0,100.0
95046,862700.0,740.0,248.0,250.0,228.0,242.0
94536,693800.0,739.933333333,1458.0,1380.0,1491.0,1443.0
95376,314800.0,739.833333333,4975.0,4988.0,5151.0,5038.0
93455,353800.0,739.666666667,2863.0,3077.0,3263.0,3067.66666667
92284,136300.0,739.5,739.0,723.0,791.0,751.0
95207,179100.0,739.307692308,2698.0,2780.0,3026.0,2834.66666667
92841,464200.0,739.25,3299.0,3233.0,3215.0,3249.0
93215,147100.0,739.0,6035.0,6461.0,6595.0,6363.66666667
95051,859000.0,738.909090909,1936.0,1891.0,1956.0,1927.66666667
94605,401400.0,738.785714286,871.0,902.0,835.0,869.333333333
90018,427700.0,738.727272727,3397.0,3263.0,3176.0,3278.66666667
92376,251800.0,738.684210526,9124.0,9206.0,9508.0,9279.33333333
95822,194800.0,738.333333333,1804.0,1783.0,1811.0,1799.33333333
92036,293500.0,738.25,350.0,360.0,413.0,374.333333333
95117,845300.0,738.25,427.0,454.0,510.0,463.666666667
94116,930600.0,738.0,538.0,536.0,528.0,534.0
90262,304300.0,738.0,10498.0,9907.0,9964.0,10123.0
90680,397700.0,738.0,525.0,510.0,534.0,523.0
90716,324100.0,738.0,948.0,914.0,895.0,919.0
92507,280600.0,737.714285714,3183.0,3224.0,3245.0,3217.33333333
91340,345700.0,737.7,7159.0,6853.0,6408.0,6806.66666667
95827,224800.0,737.6,581.0,539.0,542.0,554.0
92114,342000.0,737.538461538,2467.0,2460.0,2536.0,2487.66666667
94945,692300.0,737.333333333,312.0,301.0,335.0,316.0
94538,644400.0,737.266666667,1880.0,1798.0,1968.0,1882.0
95320,252200.0,737.25,784.0,780.0,789.0,784.333333333
93552,216300.0,737.2,5500.0,5440.0,5191.0,5377.0
94509,273500.0,737.2,2810.0,2893.0,3028.0,2910.33333333
95965,154100.0,737.0,152.0,177.0,189.0,172.666666667
93308,173800.0,737.0,1355.0,1286.0,1317.0,1319.33333333
90032,376600.0,737.0,5634.0,5240.0,5120.0,5331.33333333
95358,173400.0,736.727272727,2507.0,2529.0,2628.0,2554.66666667
95695,263400.0,736.692307692,3596.0,3554.0,3586.0,3578.66666667
94521,499800.0,736.444444444,1615.0,1758.0,1846.0,1739.66666667
92026,412100.0,736.444444444,4242.0,4346.0,4339.0,4309.0
92253,386400.0,736.285714286,2971.0,2966.0,3082.0,3006.33333333
92703,387800.0,736.272727273,4707.0,4687.0,4530.0,4641.33333333
92395,171100.0,736.2,4061.0,3981.0,4021.0,4021.0
90001,267100.0,736.0,6997.0,6956.0,6504.0,6819.0
93422,425200.0,735.875,744.0,796.0,793.0,777.666666667
94903,772700.0,735.857142857,887.0,885.0,871.0,881.0
90062,371700.0,735.75,1325.0,1228.0,1152.0,1235.0
92345,179000.0,735.5,8334.0,8329.0,8638.0,8433.66666667
95065,661100.0,735.0,62.0,77.0,86.0,75.0
93940,617500.0,735.0,810.0,795.0,881.0,828.666666667
95973,280800.0,735.0,48.0,47.0,36.0,43.6666666667
90043,410600.0,734.9,1700.0,1813.0,1930.0,1814.33333333
92543,137100.0,734.857142857,2073.0,2201.0,2113.0,2129.0
92250,143600.0,734.5,1022.0,986.0,982.0,996.666666667
95608,430500.0,734.266666667,1150.0,1189.0,1344.0,1227.66666667
94901,878500.0,734.111111111,1706.0,1819.0,1944.0,1823.0
92028,487100.0,734.090909091,3055.0,3016.0,3008.0,3026.33333333
93309,172800.0,734.0,3721.0,3852.0,3931.0,3834.66666667
95073,657000.0,733.666666667,415.0,454.0,474.0,447.666666667
94603,255500.0,733.454545455,2162.0,2179.0,2295.0,2212.0
93705,133800.0,733.285714286,1617.0,1584.0,1604.0,1601.66666667
95386,180200.0,733.2,998.0,1014.0,1048.0,1020.0
93304,127200.0,733.071428571,4643.0,4755.0,4933.0,4777.0
95249,177700.0,733.0,107.0,138.0,170.0,138.333333333
90011,307400.0,732.892857143,15039.0,13578.0,13153.0,13923.3333333
93230,160900.0,732.857142857,4463.0,4644.0,4909.0,4672.0
92025,434900.0,732.727272727,3792.0,3694.0,3798.0,3761.33333333
95127,548200.0,732.526315789,4993.0,4819.0,4901.0,4904.33333333
93609,138100.0,732.0,794.0,782.0,833.0,803.0
95833,272900.0,731.5,1437.0,1447.0,1504.0,1462.66666667
91801,539300.0,730.777777778,2832.0,2803.0,2840.0,2825.0
95670,235800.0,730.545454545,1368.0,1370.0,1442.0,1393.33333333
94931,437000.0,730.0,145.0,158.0,195.0,166.0
94565,293900.0,729.705882353,5326.0,5726.0,5542.0,5531.33333333
94704,790100.0,729.5,469.0,438.0,471.0,459.333333333
95776,285500.0,729.5,1083.0,1058.0,1073.0,1071.33333333
95926,255500.0,729.4375,1251.0,1365.0,1402.0,1339.33333333
91602,680600.0,729.333333333,959.0,894.0,871.0,908.0
95818,445800.0,729.285714286,1172.0,1185.0,1228.0,1195.0
95111,532700.0,729.166666667,4052.0,4164.0,4134.0,4116.66666667
96064,152700.0,729.0,11.0,16.0,17.0,14.6666666667
94572,380500.0,729.0,153.0,145.0,143.0,147.0
90010,741000.0,729.0,718.0,830.0,873.0,807.0
90222,257100.0,728.875,2168.0,2073.0,2023.0,2088.0
90031,404900.0,728.571428571,4134.0,4015.0,3671.0,3940.0
92254,114000.0,728.5,1203.0,1293.0,1285.0,1260.33333333
93727,188400.0,728.214285714,4269.0,4344.0,4508.0,4373.66666667
90037,348200.0,728.166666667,4723.0,4805.0,3792.0,4440.0
96161,500600.0,728.0,576.0,583.0,638.0,599.0
95122,499500.0,727.894736842,6050.0,6068.0,5855.0,5991.0
95621,275000.0,727.714285714,591.0,543.0,571.0,568.333333333
91732,414100.0,727.444444444,8764.0,8688.0,8549.0,8667.0
94558,494300.0,727.421052632,4832.0,4740.0,4889.0,4820.33333333
95642,257600.0,727.333333333,256.0,261.0,248.0,255.0
95324,238100.0,727.333333333,471.0,498.0,529.0,499.333333333
90201,337700.0,727.315789474,16787.0,16419.0,16267.0,16491.0
95336,257800.0,727.307692308,3974.0,4009.0,4121.0,4034.66666667
94403,960600.0,727.25,1412.0,1471.0,1476.0,1453.0
94577,469000.0,727.25,2424.0,2448.0,2533.0,2468.33333333
94589,236000.0,727.2,1562.0,1677.0,1675.0,1638.0
95540,244000.0,727.2,346.0,354.0,413.0,371.0
90221,287900.0,727.2,5294.0,5592.0,5719.0,5535.0
92675,643900.0,727.0,2470.0,2513.0,2706.0,2563.0
93015,340300.0,727.0,982.0,975.0,967.0,974.666666667
93402,420900.0,727.0,191.0,181.0,182.0,184.666666667
92105,318500.0,726.714285714,3782.0,3796.0,3813.0,3797.0
95050,762900.0,726.5,863.0,882.0,846.0,863.666666667
93543,180300.0,726.5,1624.0,1515.0,1549.0,1562.66666667
93307,130000.0,726.380952381,10447.0,10714.0,10912.0,10691.0
94564,405100.0,726.333333333,1092.0,997.0,999.0,1029.33333333
93637,176400.0,726.142857143,6241.0,6474.0,6603.0,6439.33333333
90810,349300.0,726.125,3849.0,3792.0,3773.0,3804.66666667
95838,199200.0,726.0,1589.0,1760.0,1911.0,1753.33333333
92394,177100.0,726.0,432.0,393.0,422.0,415.666666667
92084,447300.0,725.375,3164.0,3344.0,3419.0,3309.0
93257,143500.0,725.2,8953.0,9526.0,9832.0,9437.0
95966,159000.0,725.1,694.0,726.0,780.0,733.333333333
95123,683400.0,724.923076923,3283.0,3279.0,3303.0,3288.33333333
92083,366800.0,724.916666667,3483.0,3506.0,3556.0,3515.0
95037,779500.0,724.909090909,2458.0,2447.0,2470.0,2458.33333333
90813,321000.0,724.555555556,4025.0,4112.0,4188.0,4108.33333333
95567,264200.0,724.0,112.0,110.0,99.0,107.0
91601,512400.0,723.833333333,3038.0,2913.0,2767.0,2906.0
91402,356400.0,723.7,5196.0,4878.0,4629.0,4901.0
95627,205300.0,723.5,425.0,415.0,426.0,422.0
95023,404200.0,723.3125,4687.0,4771.0,4926.0,4794.66666667
93454,275200.0,723.181818182,6543.0,6722.0,7040.0,6768.33333333
94590,218200.0,722.6,702.0,821.0,799.0,774.0
94578,437300.0,722.333333333,457.0,471.0,512.0,480.0
93210,136300.0,722.25,1640.0,1664.0,1701.0,1668.33333333
95112,570500.0,722.166666667,1950.0,1881.0,1947.0,1926.0
93901,398700.0,721.875,3036.0,3126.0,3381.0,3181.0
91932,382600.0,721.833333333,1924.0,1842.0,1891.0,1885.66666667
95694,311000.0,721.666666667,554.0,575.0,718.0,615.666666667
92111,474300.0,721.625,1889.0,1859.0,1874.0,1874.0
95139,672600.0,721.5,421.0,434.0,427.0,427.333333333
93263,135600.0,721.333333333,3199.0,3206.0,3228.0,3211.0
92027,367900.0,721.333333333,4904.0,4861.0,4877.0,4880.66666667
93905,275300.0,721.285714286,7970.0,8309.0,8626.0,8301.66666667
94089,748000.0,721.0,168.0,161.0,161.0,163.333333333
95330,288700.0,721.0,1370.0,1397.0,1450.0,1405.66666667
93036,405300.0,720.727272727,6660.0,6818.0,6896.0,6791.33333333
94085,732900.0,720.666666667,947.0,927.0,931.0,935.0
95204,158400.0,720.625,1697.0,1772.0,1758.0,1742.33333333
95133,609700.0,720.5,1692.0,1705.0,1763.0,1720.0
95501,216800.0,720.5,313.0,286.0,312.0,303.666666667
95045,471600.0,720.5,378.0,375.0,378.0,377.0
93436,254400.0,720.454545455,3257.0,3236.0,3316.0,3269.66666667
94612,442700.0,720.333333333,250.0,281.0,297.0,276.0
93242,121700.0,720.333333333,420.0,402.0,407.0,409.666666667
94542,669000.0,720.0,151.0,146.0,173.0,156.666666667
91107,764300.0,719.909090909,3322.0,3449.0,3488.0,3419.66666667
93101,794600.0,719.8,1083.0,1129.0,1120.0,1110.66666667
93268,106300.0,719.714285714,854.0,903.0,913.0,890.0
93212,103900.0,719.25,1986.0,1953.0,1964.0,1967.66666667
90003,279900.0,718.866666667,8647.0,7615.0,7442.0,7901.33333333
93041,311800.0,718.5,1320.0,1399.0,1438.0,1385.66666667
95817,230400.0,718.2,415.0,438.0,471.0,441.333333333
93458,253900.0,718.2,4777.0,5004.0,5238.0,5006.33333333
94606,393700.0,718.0,692.0,715.0,690.0,699.0
93644,211100.0,718.0,176.0,175.0,158.0,169.666666667
95823,185300.0,717.6,3369.0,3388.0,3537.0,3431.33333333
93240,127900.0,717.5,76.0,66.0,54.0,65.3333333333
92314,200600.0,717.0,151.0,169.0,164.0,161.333333333
93010,525600.0,716.909090909,1306.0,1382.0,1404.0,1364.0
95215,121900.0,716.714285714,2585.0,2676.0,2680.0,2647.0
92324,212500.0,716.533333333,7681.0,7686.0,7144.0,7503.66666667
94063,691300.0,716.5,1480.0,1465.0,1432.0,1459.0
94503,419400.0,716.333333333,496.0,654.0,776.0,642.0
92553,222100.0,716.333333333,7218.0,7157.0,7166.0,7180.33333333
95351,139200.0,716.307692308,4752.0,4731.0,4839.0,4774.0
92867,603300.0,716.2,2514.0,2456.0,2492.0,2487.33333333
95247,324200.0,716.0,19.0,19.0,20.0,19.3333333333
93286,134200.0,715.75,1376.0,1410.0,1450.0,1412.0
90061,289900.0,715.2,2632.0,2708.0,2515.0,2618.33333333
93648,123000.0,715.0,1965.0,1980.0,2014.0,1986.33333333
95422,102200.0,715.0,293.0,309.0,322.0,308.0
95824,144300.0,714.714285714,1338.0,1333.0,1318.0,1329.66666667
92240,151000.0,714.571428571,3635.0,3188.0,3208.0,3343.66666667
93280,134500.0,714.555555556,3486.0,3587.0,3651.0,3574.66666667
92404,197500.0,714.4,6479.0,6481.0,5793.0,6251.0
95685,275600.0,714.333333333,124.0,128.0,138.0,130.0
93906,321700.0,714.277777778,7019.0,7254.0,7579.0,7284.0
93505,85800.0,714.25,428.0,428.0,446.0,434.0
94599,760400.0,714.0,57.0,47.0,47.0,50.3333333333
93510,486100.0,714.0,291.0,291.0,263.0,281.666666667
95982,181800.0,713.5,128.0,132.0,130.0,130.0
94103,886800.0,713.5,249.0,244.0,255.0,249.333333333
95603,340900.0,713.375,575.0,579.0,577.0,577.0
91776,556900.0,713.285714286,2129.0,2179.0,2212.0,2173.33333333
95237,265300.0,713.0,98.0,139.0,176.0,137.666666667
90248,404200.0,712.75,1510.0,1287.0,1252.0,1349.66666667
94621,231600.0,712.384615385,2087.0,2176.0,2333.0,2198.66666667
91405,431500.0,712.333333333,3322.0,3249.0,3051.0,3207.33333333
93033,352300.0,711.944444444,10491.0,10502.0,10793.0,10595.3333333
95340,187400.0,711.764705882,4085.0,4046.0,3992.0,4041.0
91766,326200.0,711.733333333,6965.0,6995.0,7324.0,7094.66666667
92236,174100.0,711.6,4727.0,4801.0,4979.0,4835.66666667
93618,152500.0,711.0,4259.0,4304.0,4494.0,4352.33333333
95126,673800.0,710.75,2254.0,2305.0,2451.0,2336.66666667
95363,252000.0,710.428571429,2682.0,2737.0,2755.0,2724.66666667
94014,598200.0,710.3,1266.0,1278.0,1247.0,1263.66666667
91352,396600.0,710.272727273,6959.0,6538.0,6382.0,6626.33333333
92113,303300.0,709.692307692,4274.0,4511.0,4405.0,4396.66666667
94109,933300.0,709.666666667,288.0,302.0,344.0,311.333333333
95316,236400.0,709.4,442.0,432.0,401.0,425.0
92101,486800.0,709.181818182,1956.0,2136.0,2207.0,2099.66666667
91303,394400.0,709.166666667,2371.0,2361.0,2412.0,2381.33333333
90044,300400.0,709.166666667,5513.0,5378.0,4958.0,5283.0
93955,375500.0,709.0,2139.0,2126.0,2124.0,2129.66666667
91106,554400.0,709.0,784.0,746.0,746.0,758.666666667
93561,212400.0,708.833333333,887.0,876.0,884.0,882.333333333
94806,293400.0,708.785714286,3278.0,3380.0,3439.0,3365.66666667
95938,394100.0,708.666666667,144.0,153.0,154.0,150.333333333
93726,148100.0,708.5,2959.0,2970.0,3155.0,3028.0
93514,335000.0,708.4,468.0,468.0,466.0,467.333333333
93203,124900.0,707.833333333,3959.0,3940.0,3815.0,3904.66666667
92408,195700.0,707.75,544.0,632.0,823.0,666.333333333
94401,703600.0,707.75,764.0,779.0,759.0,767.333333333
93701,94600.0,707.333333333,1663.0,1710.0,1641.0,1671.33333333
93241,85800.0,707.25,1394.0,1377.0,1432.0,1401.0
92405,173400.0,707.25,3416.0,3477.0,3284.0,3392.33333333
92004,229600.0,706.333333333,259.0,275.0,249.0,261.0
95451,204600.0,706.25,436.0,432.0,461.0,443.0
93305,114600.0,706.142857143,2448.0,2548.0,2647.0,2547.66666667
95828,203800.0,706.1,1798.0,1816.0,1818.0,1810.66666667
94019,904400.0,706.0,1016.0,1031.0,1088.0,1045.0
95832,170200.0,706.0,186.0,197.0,229.0,204.0
93030,420200.0,705.916666667,6535.0,6494.0,6629.0,6552.66666667
90005,685100.0,705.777777778,3903.0,4042.0,4087.0,4010.66666667
95367,233600.0,705.5,1523.0,1577.0,1644.0,1581.33333333
90047,328200.0,705.454545455,1828.0,1802.0,1790.0,1806.66666667
94801,236800.0,705.285714286,1438.0,1500.0,1517.0,1485.0
95605,173100.0,705.0,608.0,620.0,683.0,637.0
93270,175700.0,705.0,617.0,614.0,627.0,619.333333333
93647,128700.0,704.25,2169.0,2194.0,2268.0,2210.33333333
93907,385200.0,704.0,1357.0,1450.0,1524.0,1443.66666667
93550,180500.0,703.923076923,6007.0,6030.0,5976.0,6004.33333333
92506,371000.0,703.785714286,4177.0,4210.0,4354.0,4247.0
94520,339000.0,703.75,1686.0,1649.0,1674.0,1669.66666667
95240,219500.0,702.769230769,2581.0,2679.0,2732.0,2664.0
94518,521800.0,702.6,1395.0,1538.0,1587.0,1506.66666667
90026,652100.0,701.705882353,5724.0,5480.0,5374.0,5526.0
93535,172700.0,701.071428571,5203.0,5007.0,4899.0,5036.33333333
93022,498000.0,701.0,116.0,100.0,101.0,105.666666667
93405,598800.0,700.666666667,503.0,561.0,571.0,545.0
95987,177400.0,699.75,708.0,758.0,783.0,749.666666667
95492,483600.0,699.333333333,1570.0,1607.0,1732.0,1636.33333333
93291,192700.0,699.277777778,4865.0,5114.0,5186.0,5055.0
93301,162500.0,698.571428571,1928.0,1930.0,2034.0,1964.0
96134,77700.0,698.5,209.0,226.0,223.0,219.333333333
93702,88400.0,698.4,4696.0,4645.0,4649.0,4663.33333333
93933,415600.0,698.166666667,913.0,926.0,905.0,914.666666667
93703,120400.0,697.222222222,2974.0,3070.0,3057.0,3033.66666667
95638,455200.0,697.0,119.0,116.0,121.0,118.666666667
95425,400200.0,697.0,507.0,521.0,540.0,522.666666667
90028,653200.0,696.875,3221.0,2971.0,2684.0,2958.66666667
92356,112300.0,696.0,246.0,173.0,197.0,205.333333333
95470,367300.0,696.0,164.0,169.0,157.0,163.333333333
91746,374500.0,696.0,3118.0,2914.0,2917.0,2983.0
90640,422000.0,695.416666667,10550.0,10018.0,9694.0,10087.3333333
95490,228600.0,694.75,291.0,296.0,313.0,300.0
91767,331600.0,694.428571429,4266.0,4161.0,4203.0,4210.0
95076,421400.0,694.269230769,9647.0,9885.0,10176.0,9902.66666667
94805,390700.0,693.333333333,693.0,726.0,728.0,715.666666667
95691,295400.0,693.125,1494.0,1591.0,1586.0,1557.0
93235,95400.0,693.0,387.0,396.0,389.0,390.666666667
96143,362100.0,693.0,49.0,57.0,87.0,64.3333333333
93534,153200.0,692.285714286,1874.0,1380.0,1221.0,1491.66666667
94804,299900.0,691.444444444,2393.0,2436.0,2471.0,2433.33333333
94112,736900.0,691.25,1495.0,1612.0,1688.0,1598.33333333
95242,306700.0,690.2,1928.0,1971.0,2040.0,1979.66666667
93434,205600.0,690.0,783.0,802.0,772.0,785.666666667
95442,795000.0,690.0,100.0,87.0,98.0,95.0
95203,142900.0,689.75,811.0,848.0,868.0,842.333333333
92264,277100.0,688.0,564.0,540.0,549.0,551.0
93292,179400.0,687.583333333,2774.0,2807.0,2865.0,2815.33333333
93638,138300.0,687.3125,5425.0,5548.0,5682.0,5551.66666667
92231,174300.0,687.181818182,5799.0,5757.0,5891.0,5815.66666667
93234,125400.0,687.0,790.0,806.0,827.0,807.666666667
93706,101700.0,686.652173913,4743.0,4989.0,5126.0,4952.66666667
90008,548600.0,686.0,894.0,875.0,884.0,884.333333333
93660,118100.0,686.0,541.0,567.0,568.0,558.666666667
95062,677900.0,685.555555556,1478.0,1462.0,1470.0,1470.0
93728,130500.0,685.2,1103.0,1139.0,1159.0,1133.66666667
91401,629700.0,685.142857143,2409.0,2280.0,2241.0,2310.0
93256,109900.0,684.5,632.0,694.0,728.0,684.666666667
95610,241500.0,684.166666667,645.0,724.0,782.0,717.0
93927,198000.0,683.333333333,2488.0,2589.0,2746.0,2607.66666667
93219,116000.0,683.25,1387.0,1349.0,1366.0,1367.33333333
91411,571600.0,683.0,3063.0,2998.0,3007.0,3022.66666667
92539,179800.0,680.5,235.0,213.0,208.0,218.666666667
94541,436400.0,679.666666667,2717.0,2804.0,2981.0,2834.0
95060,757300.0,679.142857143,576.0,571.0,642.0,596.333333333
94108,845500.0,679.0,48.0,44.0,33.0,41.6666666667
90033,340200.0,678.277777778,7195.0,6800.0,6319.0,6771.33333333
91906,227300.0,678.0,86.0,80.0,104.0,90.0
92590,855000.0,678.0,1142.0,1405.0,1348.0,1298.33333333
95380,198100.0,677.111111111,2774.0,2843.0,2963.0,2860.0
95476,591300.0,677.0,1598.0,1653.0,1737.0,1662.66666667
94559,469800.0,676.6,828.0,851.0,866.0,848.333333333
94134,677100.0,675.285714286,595.0,644.0,684.0,641.0
96145,546300.0,674.5,292.0,291.0,243.0,275.333333333
90002,254500.0,674.181818182,3876.0,3539.0,3452.0,3622.33333333
90063,318500.0,674.0625,6991.0,6920.0,6731.0,6880.66666667
94037,931200.0,674.0,101.0,110.0,99.0,103.333333333
94102,783000.0,674.0,73.0,69.0,74.0,72.0
94020,883000.0,674.0,48.0,36.0,15.0,33.0
95620,333400.0,668.833333333,1359.0,1377.0,1388.0,1374.66666667
95206,174900.0,668.52173913,6110.0,6197.0,6369.0,6225.33333333
93250,129100.0,666.0,2230.0,2232.0,2265.0,2242.33333333
95205,106800.0,665.25,2540.0,2670.0,2764.0,2658.0
94544,443000.0,665.181818182,2704.0,2710.0,2800.0,2738.0
95423,150500.0,664.0,21.0,16.0,19.0,18.6666666667
92582,234000.0,662.25,604.0,567.0,563.0,578.0
93501,75300.0,662.0,287.0,282.0,270.0,279.666666667
90017,497200.0,661.444444444,3944.0,3693.0,3642.0,3759.66666667
94519,414900.0,659.25,301.0,334.0,329.0,321.333333333
95482,284700.0,659.230769231,1734.0,1810.0,1900.0,1814.66666667
95131,706700.0,658.8,651.0,813.0,805.0,756.333333333
93223,114600.0,654.5,1346.0,1363.0,1230.0,1313.0
94124,610100.0,654.0,252.0,201.0,224.0,225.666666667
94609,667700.0,651.0,150.0,150.0,155.0,151.666666667
93204,102700.0,647.5,1417.0,1505.0,1553.0,1491.66666667
91962,305100.0,642.0,121.0,129.0,119.0,123.0
93926,255300.0,639.5,1544.0,1559.0,1647.0,1583.33333333
92344,241700.0,638.0,902.0,958.0,978.0,946.0
92121,515300.0,636.5,518.0,596.0,611.0,575.0
93247,136200.0,634.4,2042.0,1710.0,1767.0,1839.66666667
93560,159300.0,632.5,1059.0,1039.0,1048.0,1048.66666667
92225,122000.0,627.6,1240.0,1237.0,1252.0,1243.0
