Zip,zindex,di_avg_w,di_num11,di_num12,di_num13,di_num_avg
90001,267100.0,506.333333333,773.0,771.0,725.0,756.333333333
90002,254500.0,516.111111111,524.0,492.0,508.0,508.0
90003,279900.0,526.615384615,1082.0,962.0,970.0,1004.66666667
90004,1094300.0,659.75,549.0,545.0,523.0,539.0
90005,685100.0,525.666666667,536.0,551.0,609.0,565.333333333
90006,511800.0,583.833333333,459.0,456.0,436.0,450.333333333
90007,491200.0,572.117647059,1107.0,1116.0,1214.0,1145.66666667
90008,548600.0,540.428571429,426.0,417.0,413.0,418.666666667
90010,741000.0,538.0,93.0,121.0,152.0,122.0
90011,307400.0,557.36,1680.0,1553.0,1439.0,1557.33333333
90012,408700.0,631.0,132.0,160.0,169.0,153.666666667
90015,571300.0,662.75,174.0,188.0,179.0,180.333333333
90016,431100.0,546.666666667,473.0,499.0,469.0,480.333333333
90017,497200.0,479.125,451.0,438.0,454.0,447.666666667
90018,427700.0,564.4,566.0,551.0,507.0,541.333333333
90019,807000.0,571.857142857,605.0,561.0,540.0,568.666666667
90022,336600.0,601.909090909,979.0,1029.0,1124.0,1044.0
90023,316700.0,550.090909091,901.0,918.0,868.0,895.666666667
90024,986200.0,681.0,149.0,153.0,125.0,142.333333333
90025,751100.0,689.8,273.0,284.0,346.0,301.0
90026,652100.0,566.0,742.0,724.0,748.0,738.0
90027,1163200.0,574.333333333,285.0,227.0,222.0,244.666666667
90028,653200.0,543.571428571,473.0,462.0,382.0,439.0
90029,659100.0,613.5,306.0,293.0,277.0,292.0
90031,404900.0,569.538461538,556.0,607.0,520.0,561.0
90032,376600.0,590.909090909,795.0,778.0,807.0,793.333333333
90033,340200.0,498.0625,829.0,808.0,736.0,791.0
90034,847800.0,631.875,603.0,593.0,565.0,587.0
90035,1059500.0,739.333333333,137.0,117.0,129.0,127.666666667
90036,1300000.0,681.0,84.0,87.0,85.0,85.3333333333
90037,348200.0,541.6,618.0,651.0,550.0,606.333333333
90038,686200.0,557.666666667,258.0,278.0,252.0,262.666666667
90039,705900.0,658.4,166.0,159.0,146.0,157.0
90040,331600.0,635.0,116.0,139.0,173.0,142.666666667
90041,652000.0,652.875,500.0,491.0,505.0,498.666666667
90042,513700.0,593.454545455,722.0,641.0,604.0,655.666666667
90043,410600.0,536.636363636,480.0,485.0,470.0,478.333333333
90044,300400.0,543.818181818,847.0,839.0,770.0,818.666666667
90045,815900.0,624.857142857,389.0,352.0,304.0,348.333333333
90046,1121600.0,685.666666667,380.0,394.0,391.0,388.333333333
90047,328200.0,516.625,535.0,510.0,479.0,508.0
90048,1203500.0,653.5,81.0,66.0,44.0,63.6666666667
90049,2300200.0,741.75,326.0,350.0,344.0,340.0
90056,906900.0,434.0,18.0,17.0,12.0,15.6666666667
90059,261500.0,543.454545455,337.0,338.0,388.0,354.333333333
90061,289900.0,565.666666667,639.0,665.0,626.0,643.333333333
90062,371700.0,573.0,268.0,262.0,256.0,262.0
90063,318500.0,519.214285714,783.0,762.0,711.0,752.0
90064,1083800.0,653.333333333,197.0,196.0,196.0,196.333333333
90065,599100.0,599.909090909,584.0,578.0,565.0,575.666666667
90066,986400.0,663.416666667,751.0,732.0,738.0,740.333333333
90068,1164000.0,642.0,22.0,15.0,18.0,18.3333333333
90069,737800.0,788.0,29.0,30.0,23.0,27.3333333333
90077,2477400.0,849.0,26.0,32.0,18.0,25.3333333333
90201,337700.0,516.368421053,1642.0,1703.0,1847.0,1730.66666667
90210,4140800.0,765.5,180.0,157.0,152.0,163.0
90211,1635800.0,774.0,75.0,68.0,79.0,74.0
90212,1859400.0,706.5,272.0,241.0,242.0,251.666666667
90220,269200.0,601.6,483.0,593.0,639.0,571.666666667
90221,287900.0,547.111111111,399.0,425.0,489.0,437.666666667
90222,257100.0,610.714285714,232.0,266.0,276.0,258.0
90230,639800.0,706.75,452.0,464.0,469.0,461.666666667
90232,913100.0,661.0,81.0,92.0,110.0,94.3333333333
90240,485500.0,640.5,342.0,354.0,381.0,359.0
90241,488300.0,609.166666667,921.0,934.0,968.0,941.0
90242,414700.0,611.333333333,739.0,793.0,831.0,787.666666667
90245,846600.0,740.25,200.0,201.0,232.0,211.0
90247,390100.0,605.666666667,435.0,445.0,469.0,449.666666667
90248,404200.0,514.0,243.0,230.0,238.0,237.0
90249,415200.0,764.0,117.0,122.0,115.0,118.0
90250,467300.0,592.153846154,797.0,849.0,825.0,823.666666667
90254,1258900.0,825.0,110.0,128.0,156.0,131.333333333
90255,334400.0,563.0,1299.0,1291.0,1141.0,1243.66666667
90260,430300.0,634.272727273,807.0,764.0,879.0,816.666666667
90262,304300.0,553.571428571,738.0,800.0,829.0,789.0
90265,2423500.0,754.5,148.0,161.0,150.0,153.0
90266,1856800.0,822.142857143,518.0,549.0,527.0,531.333333333
90270,371400.0,596.8,301.0,319.0,306.0,308.666666667
90272,2342000.0,723.333333333,285.0,263.0,263.0,270.333333333
90274,1632700.0,795.571428571,528.0,571.0,549.0,549.333333333
90275,1158900.0,767.6,637.0,670.0,609.0,638.666666667
90277,918300.0,761.2,494.0,409.0,421.0,441.333333333
90278,781000.0,818.8,215.0,232.0,283.0,243.333333333
90280,332800.0,535.894736842,1595.0,1510.0,1484.0,1529.66666667
90290,1100900.0,801.0,21.0,22.0,18.0,20.3333333333
90291,1373800.0,725.0,100.0,110.0,102.0,104.0
90292,821800.0,635.0,26.0,32.0,30.0,29.3333333333
90293,541700.0,725.0,32.0,29.0,30.0,30.3333333333
90301,321600.0,620.142857143,456.0,445.0,411.0,437.333333333
90302,319500.0,685.25,284.0,258.0,247.0,263.0
90303,404000.0,618.0,475.0,460.0,406.0,447.0
90305,398700.0,580.5,144.0,98.0,101.0,114.333333333
90402,3064100.0,824.0,25.0,33.0,33.0,30.3333333333
90403,958100.0,783.333333333,212.0,238.0,259.0,236.333333333
90404,726000.0,732.5,60.0,66.0,74.0,66.6666666667
90405,1171700.0,635.6,437.0,501.0,503.0,480.333333333
90501,545800.0,686.833333333,391.0,398.0,535.0,441.333333333
90502,371800.0,546.0,96.0,75.0,76.0,82.3333333333
90503,738500.0,747.25,612.0,573.0,752.0,645.666666667
90504,579000.0,733.0,556.0,542.0,681.0,593.0
90505,812100.0,791.714285714,608.0,561.0,769.0,646.0
90601,432600.0,658.428571429,473.0,477.0,497.0,482.333333333
90602,448600.0,687.5,71.0,70.0,64.0,68.3333333333
90603,480800.0,747.0,130.0,110.0,112.0,117.333333333
90604,443500.0,690.75,877.0,874.0,947.0,899.333333333
90605,408100.0,678.625,540.0,545.0,583.0,556.0
90606,382400.0,656.375,470.0,505.0,506.0,493.666666667
90620,455700.0,706.25,496.0,473.0,456.0,475.0
90621,467200.0,621.833333333,433.0,442.0,405.0,426.666666667
90623,629200.0,649.6,358.0,345.0,360.0,354.333333333
90630,539800.0,705.285714286,560.0,536.0,529.0,541.666666667
90631,469300.0,641.818181818,746.0,758.0,744.0,749.333333333
90638,466100.0,706.0,628.0,643.0,557.0,609.333333333
90640,422000.0,552.9,1067.0,1142.0,1276.0,1161.66666667
90650,375800.0,656.285714286,1553.0,1608.0,1537.0,1566.0
90660,370700.0,634.076923077,743.0,783.0,867.0,797.666666667
90670,403500.0,648.8,293.0,320.0,345.0,319.333333333
90680,397700.0,582.5,107.0,107.0,131.0,115.0
90701,443400.0,708.75,187.0,199.0,211.0,199.0
90703,634800.0,699.2,754.0,815.0,824.0,797.666666667
90704,576600.0,619.0,50.0,55.0,61.0,55.3333333333
90706,401700.0,655.285714286,656.0,642.0,628.0,642.0
90710,472800.0,569.0,410.0,401.0,378.0,396.333333333
90712,468900.0,708.428571429,391.0,375.0,391.0,385.666666667
90713,484900.0,613.285714286,887.0,929.0,979.0,931.666666667
90715,415400.0,637.6,273.0,279.0,381.0,311.0
90716,324100.0,633.333333333,122.0,138.0,143.0,134.333333333
90717,570100.0,648.666666667,279.0,285.0,296.0,286.666666667
90720,797000.0,824.25,481.0,493.0,553.0,509.0
90723,321000.0,639.214285714,974.0,1041.0,1078.0,1031.0
90731,496200.0,648.909090909,908.0,889.0,860.0,885.666666667
90732,552500.0,784.75,260.0,257.0,223.0,246.666666667
90740,809300.0,756.0,69.0,82.0,104.0,85.0
90744,372200.0,605.75,1051.0,966.0,808.0,941.666666667
90745,400900.0,621.4,917.0,829.0,794.0,846.666666667
90746,442000.0,629.375,270.0,269.0,267.0,268.666666667
90755,406800.0,711.333333333,170.0,176.0,177.0,174.333333333
90802,278200.0,617.75,188.0,193.0,219.0,200.0
90803,791800.0,742.6,216.0,233.0,243.0,230.666666667
90804,399100.0,593.4,376.0,441.0,455.0,424.0
90805,345800.0,580.25,818.0,831.0,891.0,846.666666667
90806,422800.0,631.0,179.0,187.0,183.0,183.0
90807,515000.0,704.5,261.0,282.0,301.0,281.333333333
90808,567700.0,632.625,577.0,611.0,638.0,608.666666667
90810,349300.0,591.0,621.0,700.0,721.0,680.666666667
90813,321000.0,616.0,581.0,596.0,601.0,592.666666667
90814,642700.0,726.5,50.0,51.0,61.0,54.0
90815,572700.0,688.25,774.0,822.0,841.0,812.333333333
91001,650900.0,636.285714286,249.0,306.0,315.0,290.0
91006,1031300.0,719.2,292.0,262.0,193.0,249.0
91007,1126100.0,744.0,334.0,336.0,223.0,297.666666667
91010,429800.0,649.714285714,395.0,364.0,368.0,375.666666667
91011,1435500.0,823.25,327.0,307.0,340.0,324.666666667
91016,560300.0,604.625,415.0,432.0,491.0,446.0
91024,828200.0,731.0,78.0,91.0,82.0,83.6666666667
91030,851900.0,749.0,309.0,266.0,314.0,296.333333333
91040,462100.0,680.333333333,257.0,276.0,292.0,275.0
91042,474400.0,621.5,260.0,244.0,220.0,241.333333333
91101,452600.0,634.0,48.0,71.0,69.0,62.6666666667
91103,581100.0,608.6,270.0,291.0,272.0,277.666666667
91104,648700.0,639.5,244.0,306.0,292.0,280.666666667
91105,1021400.0,665.0,35.0,37.0,17.0,29.6666666667
91106,554400.0,540.5,112.0,143.0,140.0,131.666666667
91107,764300.0,621.625,394.0,437.0,400.0,410.333333333
91108,2134200.0,803.0,228.0,238.0,200.0,222.0
91201,645700.0,684.0,107.0,84.0,98.0,96.3333333333
91202,655700.0,646.333333333,274.0,224.0,274.0,257.333333333
91203,411500.0,763.0,42.0,33.0,54.0,43.0
91204,424600.0,638.0,100.0,97.0,100.0,99.0
91205,508400.0,669.4,369.0,328.0,387.0,361.333333333
91206,657400.0,691.75,319.0,308.0,357.0,328.0
91208,817600.0,746.0,74.0,75.0,87.0,78.6666666667
91214,702100.0,765.25,501.0,452.0,582.0,511.666666667
91301,753500.0,749.166666667,558.0,519.0,525.0,534.0
91302,1308000.0,731.428571429,581.0,587.0,540.0,569.333333333
91303,394400.0,609.4,369.0,394.0,416.0,393.0
91304,528800.0,665.4,357.0,381.0,321.0,353.0
91306,448200.0,603.0,500.0,503.0,506.0,503.0
91307,572700.0,787.0,128.0,153.0,127.0,136.0
91311,532200.0,650.333333333,565.0,577.0,546.0,562.666666667
91316,534800.0,762.666666667,221.0,216.0,212.0,216.333333333
91320,614200.0,744.125,626.0,575.0,561.0,587.333333333
91321,407200.0,686.777777778,719.0,710.0,778.0,735.666666667
91324,508200.0,694.5,277.0,297.0,339.0,304.333333333
91325,586700.0,646.714285714,632.0,634.0,644.0,636.666666667
91326,676100.0,782.333333333,191.0,172.0,152.0,171.666666667
91331,357500.0,584.2,1116.0,1115.0,1156.0,1129.0
91335,422400.0,677.411764706,1228.0,1189.0,1160.0,1192.33333333
91340,345700.0,608.333333333,847.0,845.0,785.0,825.666666667
91342,404800.0,625.875,1230.0,1186.0,1134.0,1183.33333333
91343,456200.0,640.538461538,1066.0,977.0,1011.0,1018.0
91344,523800.0,669.5,1343.0,1299.0,1299.0,1313.66666667
91345,419000.0,659.0,48.0,45.0,44.0,45.6666666667
91350,456400.0,699.0,643.0,671.0,678.0,664.0
91351,399000.0,645.333333333,816.0,786.0,779.0,793.666666667
91352,396600.0,583.9,1003.0,995.0,1005.0,1001.0
91354,496900.0,727.8,421.0,434.0,505.0,453.333333333
91355,464500.0,708.0,696.0,662.0,664.0,674.0
91356,834400.0,664.25,326.0,295.0,269.0,296.666666667
91360,602000.0,717.111111111,667.0,586.0,564.0,605.666666667
91361,866800.0,802.5,114.0,105.0,98.0,105.666666667
91362,719600.0,728.333333333,602.0,579.0,575.0,585.333333333
91364,766500.0,658.0,375.0,353.0,371.0,366.333333333
91367,625800.0,629.5,803.0,808.0,816.0,809.0
91377,692300.0,803.6,224.0,345.0,407.0,325.333333333
91384,468800.0,637.2,277.0,272.0,358.0,302.333333333
91387,446100.0,668.5,244.0,234.0,258.0,245.333333333
91390,548800.0,801.0,41.0,25.0,19.0,28.3333333333
91401,629700.0,630.6,474.0,444.0,412.0,443.333333333
91402,356400.0,590.375,796.0,726.0,684.0,735.333333333
91403,842500.0,694.0,115.0,111.0,102.0,109.333333333
91405,431500.0,550.8,520.0,511.0,470.0,500.333333333
91406,453400.0,642.923076923,999.0,952.0,942.0,964.333333333
91411,571600.0,554.5,532.0,500.0,524.0,518.666666667
91423,821000.0,678.333333333,276.0,283.0,280.0,279.666666667
91436,1336400.0,762.0,74.0,74.0,82.0,76.6666666667
91501,650500.0,769.5,84.0,88.0,83.0,85.0
91502,445800.0,571.0,169.0,171.0,160.0,166.666666667
91504,646700.0,758.666666667,272.0,245.0,221.0,246.0
91505,615100.0,717.166666667,391.0,400.0,422.0,404.333333333
91506,640600.0,682.8,414.0,409.0,423.0,415.333333333
91601,512400.0,608.0,420.0,410.0,389.0,406.333333333
91602,680600.0,636.333333333,300.0,296.0,271.0,289.0
91604,1017400.0,780.0,61.0,53.0,63.0,59.0
91605,423200.0,648.625,592.0,640.0,567.0,599.666666667
91606,452000.0,648.4,464.0,411.0,372.0,415.666666667
91607,702200.0,780.0,85.0,92.0,74.0,83.6666666667
91701,470000.0,721.3,937.0,895.0,921.0,917.666666667
91702,366600.0,580.0,698.0,665.0,732.0,698.333333333
91706,361100.0,644.315789474,1600.0,1593.0,1432.0,1541.66666667
91708,423500.0,746.0,60.0,86.0,115.0,87.0
91709,584100.0,689.071428571,1297.0,1242.0,1450.0,1329.66666667
91710,408200.0,598.285714286,1330.0,1347.0,1521.0,1399.33333333
91711,597300.0,747.1,760.0,679.0,659.0,699.333333333
91722,401500.0,628.5,615.0,595.0,651.0,620.333333333
91723,436100.0,626.333333333,552.0,563.0,581.0,565.333333333
91724,481800.0,618.8,367.0,343.0,340.0,350.0
91730,364200.0,691.636363636,682.0,670.0,696.0,682.666666667
91731,402300.0,658.166666667,458.0,372.0,361.0,397.0
91732,414100.0,598.294117647,1014.0,983.0,1077.0,1024.66666667
91733,395300.0,577.142857143,373.0,295.0,321.0,329.666666667
91737,544700.0,698.4,370.0,400.0,452.0,407.333333333
91739,547600.0,740.888888889,981.0,1073.0,1257.0,1103.66666667
91740,447100.0,752.25,161.0,142.0,192.0,165.0
91741,586600.0,714.0,644.0,569.0,733.0,648.666666667
91744,371600.0,635.416666667,1226.0,1185.0,1183.0,1198.0
91745,578900.0,697.692307692,581.0,616.0,586.0,594.333333333
91746,374500.0,590.285714286,402.0,409.0,499.0,436.666666667
91748,562900.0,716.714285714,477.0,475.0,441.0,464.333333333
91750,540200.0,726.666666667,208.0,213.0,198.0,206.333333333
91752,405200.0,671.0,375.0,356.0,343.0,358.0
91754,546500.0,621.0,347.0,368.0,355.0,356.666666667
91755,545500.0,666.0,167.0,162.0,196.0,175.0
91761,357500.0,629.909090909,865.0,834.0,911.0,870.0
91762,325400.0,590.25,1042.0,990.0,1122.0,1051.33333333
91763,332800.0,644.0,726.0,686.0,794.0,735.333333333
91764,302100.0,666.5,535.0,548.0,570.0,551.0
91765,624600.0,728.454545455,658.0,619.0,579.0,618.666666667
91766,326200.0,550.071428571,928.0,793.0,856.0,859.0
91767,331600.0,579.615384615,665.0,576.0,544.0,595.0
91768,319900.0,581.5,460.0,403.0,324.0,395.666666667
91770,490600.0,658.0,656.0,698.0,704.0,686.0
91773,518300.0,728.666666667,556.0,521.0,553.0,543.333333333
91775,753000.0,743.75,124.0,120.0,131.0,125.0
91776,556900.0,579.428571429,384.0,411.0,411.0,402.0
91780,654900.0,715.333333333,415.0,409.0,455.0,426.333333333
91784,586900.0,782.666666667,245.0,251.0,252.0,249.333333333
91786,402400.0,707.444444444,715.0,714.0,757.0,728.666666667
91789,699700.0,751.6,692.0,671.0,708.0,690.333333333
91790,446000.0,713.222222222,364.0,392.0,476.0,410.666666667
91791,517900.0,713.142857143,439.0,451.0,506.0,465.333333333
91792,435700.0,617.5,131.0,126.0,135.0,130.666666667
91801,539300.0,665.285714286,544.0,559.0,551.0,551.333333333
91803,548300.0,662.5,206.0,202.0,197.0,201.666666667
91901,487200.0,687.0,168.0,180.0,146.0,164.666666667
91902,529400.0,747.5,105.0,100.0,115.0,106.666666667
91906,227300.0,595.0,52.0,59.0,57.0,56.0
91910,400100.0,688.4375,1229.0,1148.0,1223.0,1200.0
91911,372300.0,674.15,1355.0,1319.0,1261.0,1311.66666667
91913,457300.0,710.818181818,877.0,877.0,948.0,900.666666667
91914,609900.0,744.75,309.0,283.0,297.0,296.333333333
91915,453700.0,709.75,287.0,322.0,376.0,328.333333333
91932,382600.0,648.4,349.0,362.0,382.0,364.333333333
91935,602900.0,677.75,113.0,106.0,99.0,106.0
91941,514100.0,643.9,509.0,529.0,528.0,522.0
91942,414000.0,672.333333333,186.0,163.0,177.0,175.333333333
91945,348000.0,668.2,212.0,206.0,267.0,228.333333333
91950,317600.0,654.583333333,773.0,788.0,813.0,791.333333333
91962,305100.0,477.0,35.0,35.0,38.0,36.0
91977,359000.0,614.333333333,848.0,815.0,811.0,824.666666667
91978,414200.0,568.0,203.0,217.0,206.0,208.666666667
92004,229600.0,555.0,11.0,17.0,14.0,14.0
92007,860900.0,842.5,79.0,76.0,91.0,82.0
92008,718500.0,684.777777778,636.0,604.0,652.0,630.666666667
92009,736500.0,782.0,728.0,776.0,749.0,751.0
92011,767800.0,701.0,86.0,86.0,95.0,89.0
92014,1606500.0,797.5,66.0,68.0,71.0,68.3333333333
92019,435900.0,675.818181818,845.0,877.0,942.0,888.0
92020,416600.0,647.636363636,498.0,521.0,591.0,536.666666667
92021,382400.0,658.666666667,514.0,580.0,592.0,562.0
92024,803000.0,726.625,538.0,570.0,627.0,578.333333333
92025,434900.0,644.7,659.0,665.0,688.0,670.666666667
92026,412100.0,631.888888889,706.0,791.0,792.0,763.0
92027,367900.0,635.3,645.0,697.0,687.0,676.333333333
92028,487100.0,650.0,510.0,557.0,564.0,543.666666667
92029,630500.0,741.0,55.0,65.0,71.0,63.6666666667
92036,293500.0,664.0,186.0,193.0,229.0,202.666666667
92037,1282800.0,780.2,218.0,219.0,253.0,230.0
92040,408900.0,631.888888889,628.0,661.0,739.0,676.0
92056,412800.0,677.125,516.0,544.0,592.0,550.666666667
92057,382000.0,609.636363636,947.0,1001.0,1080.0,1009.33333333
92058,386200.0,632.5,420.0,518.0,562.0,500.0
92061,480700.0,584.0,21.0,14.0,17.0,17.3333333333
92064,606400.0,732.2,853.0,805.0,845.0,834.333333333
92065,433000.0,687.875,524.0,559.0,571.0,551.333333333
92067,2737100.0,817.666666667,97.0,105.0,113.0,105.0
92069,435800.0,682.111111111,982.0,1177.0,1046.0,1068.33333333
92071,396000.0,696.1,815.0,805.0,776.0,798.666666667
92075,1172600.0,752.333333333,214.0,234.0,244.0,230.666666667
92078,502000.0,689.714285714,551.0,661.0,711.0,641.0
92081,466600.0,652.0,327.0,402.0,396.0,375.0
92082,503200.0,717.4,354.0,311.0,349.0,338.0
92083,366800.0,654.5,708.0,689.0,706.0,701.0
92084,447300.0,639.25,788.0,798.0,859.0,815.0
92101,486800.0,554.222222222,312.0,311.0,365.0,329.333333333
92102,363200.0,633.363636364,561.0,536.0,577.0,558.0
92103,611200.0,730.2,298.0,284.0,307.0,296.333333333
92104,478800.0,679.666666667,132.0,104.0,118.0,118.0
92105,318500.0,629.0,746.0,678.0,730.0,718.0
92106,925700.0,668.222222222,469.0,438.0,483.0,463.333333333
92107,766900.0,749.0,160.0,149.0,141.0,150.0
92109,718700.0,691.714285714,347.0,314.0,294.0,318.333333333
92110,503000.0,722.0,105.0,88.0,92.0,95.0
92111,474300.0,623.666666667,661.0,613.0,658.0,644.0
92113,303300.0,573.333333333,792.0,784.0,767.0,781.0
92114,342000.0,604.615384615,815.0,719.0,770.0,768.0
92115,397100.0,637.272727273,591.0,587.0,708.0,628.666666667
92116,461600.0,647.25,143.0,119.0,118.0,126.666666667
92117,513200.0,662.076923077,1081.0,939.0,947.0,989.0
92118,1424100.0,747.75,253.0,251.0,259.0,254.333333333
92119,487000.0,714.4,241.0,222.0,196.0,219.666666667
92120,506600.0,741.333333333,409.0,394.0,391.0,398.0
92121,515300.0,564.0,89.0,111.0,136.0,112.0
92122,589500.0,700.4,315.0,263.0,295.0,291.0
92123,466800.0,673.285714286,292.0,259.0,271.0,274.0
92124,545000.0,681.0,601.0,524.0,511.0,545.333333333
92126,461200.0,722.333333333,687.0,631.0,650.0,656.0
92127,683300.0,783.375,479.0,494.0,496.0,489.666666667
92128,526900.0,729.166666667,545.0,507.0,508.0,520.0
92129,652300.0,754.833333333,919.0,940.0,969.0,942.666666667
92130,896100.0,809.666666667,899.0,945.0,1035.0,959.666666667
92131,671500.0,722.142857143,387.0,341.0,384.0,370.666666667
92139,341000.0,666.285714286,537.0,502.0,520.0,519.666666667
92154,357500.0,650.625,1196.0,1185.0,1233.0,1204.66666667
92173,327700.0,666.333333333,387.0,326.0,357.0,356.666666667
92201,198700.0,684.941176471,1059.0,1085.0,1170.0,1104.66666667
92203,294400.0,657.0,170.0,172.0,181.0,174.333333333
92210,701500.0,813.0,51.0,50.0,56.0,52.3333333333
92211,325000.0,796.0,54.0,56.0,63.0,57.6666666667
92220,186500.0,632.0,272.0,273.0,265.0,270.0
92223,259100.0,697.666666667,593.0,653.0,721.0,655.666666667
92225,122000.0,468.25,222.0,221.0,221.0,221.333333333
92227,147200.0,579.0,308.0,315.0,375.0,332.666666667
92231,174300.0,560.0,496.0,463.0,556.0,505.0
92234,231100.0,622.875,662.0,656.0,617.0,645.0
92236,174100.0,611.111111111,517.0,508.0,551.0,525.333333333
92240,151000.0,602.0,509.0,471.0,431.0,470.333333333
92243,159400.0,634.470588235,940.0,892.0,993.0,941.666666667
92249,160800.0,731.0,67.0,72.0,86.0,75.0
92250,143600.0,582.75,128.0,128.0,129.0,128.333333333
92251,188600.0,667.75,213.0,236.0,259.0,236.0
92252,101800.0,711.0,85.0,80.0,66.0,77.0
92253,386400.0,685.6,516.0,488.0,500.0,501.333333333
92254,114000.0,574.0,94.0,94.0,102.0,96.6666666667
92256,112600.0,693.0,25.0,27.0,21.0,24.3333333333
92260,321800.0,737.4,372.0,391.0,394.0,385.666666667
92262,312700.0,638.75,293.0,312.0,260.0,288.333333333
92264,277100.0,756.5,99.0,101.0,82.0,94.0
92270,482600.0,806.0,26.0,33.0,26.0,28.3333333333
92276,158500.0,568.0,28.0,22.0,25.0,25.0
92277,93200.0,656.857142857,367.0,377.0,391.0,378.333333333
92284,136300.0,605.25,381.0,366.0,400.0,382.333333333
92285,70400.0,750.0,23.0,20.0,19.0,20.6666666667
92307,200400.0,634.142857143,552.0,536.0,540.0,542.666666667
92308,176100.0,675.5,508.0,571.0,643.0,574.0
92311,93000.0,570.333333333,393.0,418.0,459.0,423.333333333
92313,295500.0,636.666666667,230.0,254.0,236.0,240.0
92314,200600.0,558.0,50.0,51.0,51.0,50.6666666667
92315,296800.0,653.666666667,104.0,103.0,121.0,109.333333333
92316,245900.0,630.125,655.0,678.0,615.0,649.333333333
92324,212500.0,591.153846154,925.0,975.0,869.0,923.0
92325,165100.0,585.0,60.0,53.0,59.0,57.3333333333
92335,255000.0,640.294117647,1496.0,1494.0,1565.0,1518.33333333
92336,377900.0,675.7,1951.0,1932.0,1944.0,1942.33333333
92337,302100.0,635.2,824.0,880.0,924.0,876.0
92344,241700.0,477.0,145.0,162.0,150.0,152.333333333
92345,179000.0,590.454545455,1073.0,1071.0,1095.0,1079.66666667
92346,264600.0,649.0,588.0,633.0,714.0,645.0
92352,332000.0,629.25,253.0,255.0,287.0,265.0
92354,358900.0,709.0,76.0,58.0,58.0,64.0
92356,112300.0,591.0,90.0,70.0,69.0,76.3333333333
92359,224900.0,771.0,41.0,42.0,41.0,41.3333333333
92371,214900.0,736.0,173.0,200.0,211.0,194.666666667
92372,206700.0,756.0,33.0,40.0,33.0,35.3333333333
92373,419100.0,725.714285714,433.0,431.0,444.0,436.0
92374,291200.0,655.8,1081.0,1073.0,1114.0,1089.33333333
92376,251800.0,579.294117647,1008.0,1050.0,1145.0,1067.66666667
92377,317300.0,576.166666667,439.0,475.0,477.0,463.666666667
92391,156700.0,741.0,30.0,30.0,44.0,34.6666666667
92392,190900.0,599.384615385,767.0,840.0,932.0,846.333333333
92394,177100.0,582.0,85.0,83.0,94.0,87.3333333333
92395,171100.0,591.0,698.0,701.0,840.0,746.333333333
92397,242000.0,686.0,17.0,17.0,18.0,17.3333333333
92399,303100.0,628.1,644.0,658.0,731.0,677.666666667
92404,197500.0,572.923076923,884.0,856.0,909.0,883.0
92405,173400.0,543.833333333,441.0,435.0,459.0,445.0
92407,234600.0,662.0,777.0,699.0,789.0,755.0
92408,195700.0,578.333333333,93.0,123.0,148.0,121.333333333
92501,248200.0,658.333333333,130.0,148.0,140.0,139.333333333
92503,292300.0,662.2,1308.0,1406.0,1383.0,1365.66666667
92504,274700.0,662.444444444,809.0,846.0,914.0,856.333333333
92505,301400.0,670.4,658.0,694.0,701.0,684.333333333
92506,371000.0,647.090909091,1054.0,1082.0,1120.0,1085.33333333
92507,280600.0,619.833333333,599.0,549.0,612.0,586.666666667
92508,401300.0,708.833333333,547.0,582.0,640.0,589.666666667
92509,285500.0,641.222222222,1194.0,1231.0,1334.0,1253.0
92530,254000.0,754.0,665.0,856.0,791.0,770.666666667
92532,323300.0,779.0,337.0,521.0,504.0,454.0
92536,308800.0,804.0,18.0,23.0,20.0,20.3333333333
92539,179800.0,606.0,63.0,69.0,73.0,68.3333333333
92543,137100.0,679.0,563.0,602.0,604.0,589.666666667
92544,192300.0,651.0,661.0,687.0,743.0,697.0
92545,211600.0,613.833333333,680.0,674.0,758.0,704.0
92549,229500.0,793.0,31.0,28.0,31.0,30.0
92551,231400.0,612.25,659.0,762.0,790.0,737.0
92553,222100.0,633.0,1190.0,1219.0,1233.0,1214.0
92555,296400.0,659.0,724.0,746.0,760.0,743.333333333
92557,260600.0,634.727272727,897.0,972.0,971.0,946.666666667
92562,366100.0,719.888888889,948.0,1020.0,1063.0,1010.33333333
92563,357400.0,748.583333333,1223.0,1321.0,1419.0,1321.0
92567,262800.0,650.0,78.0,84.0,82.0,81.3333333333
92570,240500.0,615.333333333,708.0,755.0,789.0,750.666666667
92571,227300.0,635.0,537.0,634.0,655.0,608.666666667
92582,234000.0,717.5,77.0,82.0,87.0,82.0
92583,184500.0,640.333333333,630.0,618.0,702.0,650.0
92584,309800.0,716.0,638.0,663.0,715.0,672.0
92585,280300.0,643.2,388.0,430.0,470.0,429.333333333
92586,182700.0,710.0,171.0,166.0,176.0,171.0
92587,345300.0,775.0,71.0,54.0,61.0,62.0
92590,855000.0,593.0,308.0,392.0,398.0,366.0
92591,377800.0,716.142857143,703.0,648.0,690.0,680.333333333
92592,401200.0,729.333333333,1631.0,1608.0,1744.0,1661.0
92595,327000.0,747.857142857,395.0,643.0,572.0,536.666666667
92596,344700.0,740.6,283.0,287.0,329.0,299.666666667
92602,790000.0,752.0,205.0,221.0,234.0,220.0
92603,990900.0,825.0,151.0,172.0,191.0,171.333333333
92604,682000.0,795.25,558.0,570.0,623.0,583.666666667
92606,691400.0,827.5,116.0,117.0,126.0,119.666666667
92612,659300.0,721.0,217.0,208.0,194.0,206.333333333
92614,611100.0,776.2,345.0,335.0,383.0,354.333333333
92618,723800.0,816.0,61.0,65.0,68.0,64.6666666667
92620,768300.0,791.25,449.0,478.0,533.0,486.666666667
92624,747800.0,729.0,43.0,41.0,58.0,47.3333333333
92625,1566700.0,791.0,84.0,89.0,104.0,92.3333333333
92626,641900.0,689.818181818,535.0,608.0,665.0,602.666666667
92627,665300.0,668.25,406.0,446.0,447.0,433.0
92629,776700.0,620.666666667,184.0,199.0,218.0,200.333333333
92630,597800.0,714.625,613.0,757.0,761.0,710.333333333
92646,682100.0,760.8,785.0,750.0,821.0,785.333333333
92647,611300.0,698.076923077,733.0,722.0,766.0,740.333333333
92648,797500.0,757.0,357.0,364.0,412.0,377.666666667
92649,679100.0,680.25,287.0,346.0,366.0,333.0
92651,1432600.0,758.25,211.0,235.0,251.0,232.333333333
92653,658300.0,759.75,310.0,336.0,328.0,324.666666667
92655,448100.0,689.666666667,99.0,109.0,115.0,107.666666667
92656,511400.0,690.875,449.0,462.0,555.0,488.666666667
92660,1380600.0,788.75,263.0,306.0,314.0,294.333333333
92663,1221300.0,674.666666667,261.0,300.0,300.0,287.0
92672,765100.0,652.0,234.0,210.0,257.0,233.666666667
92673,806300.0,675.5,427.0,429.0,499.0,451.666666667
92675,643900.0,633.857142857,437.0,446.0,519.0,467.333333333
92677,727400.0,705.0,382.0,401.0,464.0,415.666666667
92679,771500.0,799.333333333,201.0,222.0,237.0,220.0
92683,528200.0,674.8125,1098.0,1050.0,1102.0,1083.33333333
92688,573500.0,732.4,670.0,735.0,825.0,743.333333333
92691,606600.0,714.333333333,1125.0,1182.0,1288.0,1198.33333333
92692,634400.0,675.0,331.0,366.0,453.0,383.333333333
92694,732200.0,751.75,186.0,187.0,254.0,209.0
92701,372000.0,672.916666667,686.0,701.0,784.0,723.666666667
92703,387800.0,660.8,447.0,442.0,516.0,468.333333333
92704,416700.0,663.263157895,1492.0,1483.0,1688.0,1554.33333333
92705,792900.0,714.307692308,857.0,907.0,975.0,913.0
92706,494100.0,639.4,301.0,301.0,427.0,343.0
92707,380100.0,650.7,832.0,854.0,956.0,880.666666667
92708,666300.0,701.846153846,836.0,832.0,862.0,843.333333333
92780,574400.0,675.083333333,763.0,741.0,753.0,752.333333333
92782,642300.0,736.75,207.0,201.0,192.0,200.0
92801,424600.0,660.727272727,824.0,760.0,805.0,796.333333333
92802,447600.0,662.333333333,539.0,551.0,570.0,553.333333333
92804,446500.0,624.166666667,1380.0,1380.0,1452.0,1404.0
92805,418400.0,615.2,914.0,951.0,986.0,950.333333333
92806,501000.0,609.666666667,550.0,646.0,691.0,629.0
92807,627100.0,731.0,464.0,434.0,491.0,463.0
92808,648200.0,770.666666667,175.0,177.0,167.0,173.0
92821,576900.0,737.125,409.0,425.0,419.0,417.666666667
92831,534000.0,738.142857143,418.0,407.0,389.0,404.666666667
92832,431400.0,690.6,348.0,358.0,356.0,354.0
92833,471300.0,702.555555556,568.0,569.0,587.0,574.666666667
92835,663700.0,800.0,187.0,189.0,195.0,190.333333333
92840,447800.0,638.307692308,734.0,752.0,797.0,761.0
92841,464200.0,664.363636364,629.0,591.0,622.0,614.0
92843,439000.0,647.090909091,709.0,680.0,704.0,697.666666667
92844,435900.0,681.25,400.0,440.0,461.0,433.666666667
92845,532100.0,745.0,386.0,358.0,360.0,368.0
92860,467800.0,685.75,707.0,682.0,678.0,689.0
92861,1167100.0,723.75,304.0,327.0,332.0,321.0
92865,548700.0,675.666666667,109.0,100.0,94.0,101.0
92866,532300.0,691.0,91.0,92.0,113.0,98.6666666667
92867,603300.0,631.5,301.0,310.0,340.0,317.0
92868,438600.0,685.0,163.0,161.0,152.0,158.666666667
92869,614000.0,734.666666667,588.0,609.0,633.0,610.0
92870,568400.0,696.666666667,991.0,978.0,1112.0,1027.0
92879,363300.0,719.666666667,500.0,472.0,505.0,492.333333333
92880,489900.0,693.571428571,895.0,910.0,908.0,904.333333333
92881,464300.0,664.166666667,778.0,815.0,799.0,797.333333333
92882,407800.0,705.461538462,1436.0,1440.0,1407.0,1427.66666667
92883,423200.0,788.0,256.0,284.0,320.0,286.666666667
92886,678300.0,762.111111111,442.0,453.0,517.0,470.666666667
92887,773900.0,760.5,167.0,148.0,182.0,165.666666667
93001,494700.0,563.25,421.0,423.0,470.0,438.0
93003,493400.0,624.461538462,750.0,678.0,694.0,707.333333333
93004,479800.0,579.75,127.0,113.0,106.0,115.333333333
93010,525600.0,647.888888889,299.0,377.0,446.0,374.0
93012,517700.0,674.4,577.0,682.0,734.0,664.333333333
93013,773600.0,653.0,199.0,194.0,222.0,205.0
93015,340300.0,566.0,123.0,123.0,143.0,129.666666667
93021,573700.0,721.333333333,701.0,650.0,705.0,685.333333333
93022,498000.0,471.0,32.0,24.0,24.0,26.6666666667
93023,612300.0,650.333333333,289.0,315.0,347.0,317.0
93030,420200.0,588.181818182,752.0,761.0,775.0,762.666666667
93033,352300.0,554.222222222,1086.0,1091.0,1242.0,1139.66666667
93035,487600.0,699.0,163.0,186.0,200.0,183.0
93036,405300.0,548.0,646.0,690.0,753.0,696.333333333
93041,311800.0,599.5,188.0,212.0,274.0,224.666666667
93060,361100.0,602.0,29.0,28.0,27.0,28.0
93063,478800.0,696.454545455,909.0,922.0,723.0,851.333333333
93065,485800.0,675.434782609,1685.0,1862.0,1735.0,1760.66666667
93066,967300.0,670.5,39.0,65.0,69.0,57.6666666667
93101,794600.0,676.75,203.0,211.0,216.0,210.0
93103,1029900.0,609.0,316.0,368.0,435.0,373.0
93105,1032000.0,678.5,129.0,119.0,145.0,131.0
93109,1064000.0,696.333333333,152.0,162.0,182.0,165.333333333
93110,1025200.0,696.0,565.0,530.0,545.0,546.666666667
93111,832700.0,774.25,116.0,141.0,150.0,135.666666667
93117,754600.0,678.625,567.0,559.0,617.0,581.0
93202,121500.0,551.0,89.0,82.0,96.0,89.0
93203,124900.0,554.666666667,343.0,349.0,374.0,355.333333333
93204,102700.0,483.0,134.0,144.0,141.0,139.666666667
93210,136300.0,593.0,178.0,184.0,176.0,179.333333333
93212,103900.0,457.75,189.0,197.0,215.0,200.333333333
93215,147100.0,501.846153846,512.0,602.0,669.0,594.333333333
93219,116000.0,445.5,29.0,33.0,42.0,34.6666666667
93223,114600.0,478.0,55.0,50.0,35.0,46.6666666667
93230,160900.0,620.777777778,931.0,888.0,1033.0,950.666666667
93234,125400.0,544.0,87.0,80.0,77.0,81.3333333333
93235,95400.0,527.0,31.0,35.0,42.0,36.0
93240,127900.0,548.333333333,91.0,89.0,98.0,92.6666666667
93241,85800.0,606.666666667,153.0,151.0,155.0,153.0
93242,121700.0,575.5,33.0,35.0,49.0,39.0
93245,182200.0,621.1,514.0,483.0,490.0,495.666666667
93247,136200.0,412.666666667,64.0,53.0,70.0,62.3333333333
93250,129100.0,525.5,208.0,226.0,212.0,215.333333333
93256,109900.0,438.5,34.0,42.0,56.0,44.0
93257,143500.0,534.142857143,588.0,612.0,659.0,619.666666667
93263,135600.0,520.0,282.0,335.0,353.0,323.333333333
93268,106300.0,578.666666667,189.0,211.0,201.0,200.333333333
93270,175700.0,459.0,37.0,40.0,50.0,42.3333333333
93274,147600.0,557.888888889,766.0,701.0,735.0,734.0
93277,174600.0,589.416666667,682.0,722.0,721.0,708.333333333
93280,134500.0,489.333333333,175.0,225.0,256.0,218.666666667
93286,134200.0,452.0,62.0,65.0,60.0,62.3333333333
93291,192700.0,595.357142857,1082.0,1127.0,1144.0,1117.66666667
93292,179400.0,596.625,446.0,434.0,406.0,428.666666667
93301,162500.0,569.571428571,641.0,654.0,710.0,668.333333333
93304,127200.0,602.846153846,561.0,613.0,655.0,609.666666667
93305,114600.0,530.857142857,303.0,335.0,399.0,345.666666667
93306,159100.0,579.0,1164.0,1195.0,1234.0,1197.66666667
93307,130000.0,535.380952381,1071.0,1093.0,1172.0,1112.0
93308,173800.0,599.7,530.0,519.0,539.0,529.333333333
93309,172800.0,569.153846154,651.0,693.0,712.0,685.333333333
93311,266000.0,628.181818182,658.0,767.0,743.0,722.666666667
93312,267200.0,648.75,597.0,674.0,790.0,687.0
93313,206900.0,604.222222222,439.0,514.0,584.0,512.333333333
93314,355600.0,655.0,269.0,270.0,260.0,266.333333333
93401,615200.0,653.5,193.0,209.0,197.0,199.666666667
93402,420900.0,657.666666667,119.0,140.0,141.0,133.333333333
93405,598800.0,651.166666667,275.0,286.0,299.0,286.666666667
93420,573300.0,640.666666667,372.0,385.0,446.0,401.0
93422,425200.0,617.833333333,213.0,214.0,230.0,219.0
93427,491500.0,693.5,47.0,45.0,52.0,48.0
93428,619500.0,630.0,78.0,75.0,72.0,75.0
93430,746900.0,769.0,23.0,21.0,20.0,21.3333333333
93433,381900.0,659.333333333,98.0,117.0,133.0,116.0
93434,205600.0,591.5,87.0,84.0,88.0,86.3333333333
93436,254400.0,587.4,576.0,580.0,616.0,590.666666667
93442,510500.0,638.5,73.0,85.0,87.0,81.6666666667
93444,473600.0,632.333333333,194.0,193.0,211.0,199.333333333
93445,338300.0,633.0,49.0,47.0,49.0,48.3333333333
93446,386800.0,684.6,210.0,239.0,241.0,230.0
93449,694100.0,653.5,79.0,81.0,103.0,87.6666666667
93451,296000.0,594.0,23.0,27.0,26.0,25.3333333333
93453,459600.0,748.0,21.0,20.0,26.0,22.3333333333
93454,275200.0,491.454545455,722.0,716.0,717.0,718.333333333
93455,353800.0,591.909090909,601.0,642.0,647.0,630.0
93458,253900.0,478.7,459.0,502.0,511.0,490.666666667
93460,755800.0,568.0,78.0,87.0,88.0,84.3333333333
93463,664300.0,822.5,75.0,79.0,80.0,78.0
93465,555700.0,643.333333333,124.0,105.0,110.0,113.0
93501,75300.0,407.0,60.0,45.0,73.0,59.3333333333
93505,85800.0,506.75,144.0,124.0,186.0,151.333333333
93510,486100.0,585.0,162.0,141.0,175.0,159.333333333
93513,181000.0,638.0,15.0,19.0,18.0,17.3333333333
93514,335000.0,609.333333333,152.0,145.0,123.0,140.0
93527,174800.0,714.0,21.0,18.0,15.0,18.0
93534,153200.0,553.333333333,410.0,295.0,337.0,347.333333333
93535,172700.0,527.615384615,1056.0,1021.0,1043.0,1040.0
93536,259400.0,620.916666667,1067.0,1114.0,1079.0,1086.66666667
93543,180300.0,487.75,226.0,237.0,270.0,244.333333333
93550,180500.0,576.0,1158.0,1079.0,1116.0,1117.66666667
93551,302900.0,668.6,1012.0,1086.0,1033.0,1043.66666667
93552,216300.0,583.5,969.0,1037.0,1003.0,1003.0
93553,219200.0,562.0,35.0,33.0,35.0,34.3333333333
93555,151700.0,664.888888889,455.0,484.0,507.0,482.0
93560,159300.0,511.25,95.0,249.0,147.0,163.666666667
93561,212400.0,617.2,333.0,386.0,453.0,390.666666667
93601,279900.0,649.0,30.0,35.0,35.0,33.3333333333
93609,138100.0,567.666666667,114.0,106.0,105.0,108.333333333
93610,154700.0,537.0,154.0,149.0,158.0,153.666666667
93611,259400.0,734.875,871.0,806.0,973.0,883.333333333
93612,166800.0,721.0,209.0,202.0,254.0,221.666666667
93614,225900.0,617.0,89.0,85.0,94.0,89.3333333333
93618,152500.0,534.166666667,159.0,182.0,186.0,175.666666667
93619,373500.0,781.25,138.0,86.0,147.0,123.666666667
93622,126700.0,587.5,147.0,158.0,170.0,158.333333333
93625,204200.0,623.5,150.0,150.0,164.0,154.666666667
93630,173300.0,627.4,327.0,279.0,331.0,312.333333333
93631,223500.0,610.666666667,208.0,225.0,254.0,229.0
93636,266000.0,614.75,97.0,108.0,115.0,106.666666667
93637,176400.0,636.8,997.0,729.0,763.0,829.666666667
93638,138300.0,654.363636364,493.0,345.0,390.0,409.333333333
93640,117200.0,537.666666667,82.0,81.0,101.0,88.0
93644,211100.0,615.666666667,90.0,93.0,88.0,90.3333333333
93646,116000.0,629.0,145.0,141.0,143.0,143.0
93647,128700.0,431.5,106.0,104.0,114.0,108.0
93648,123000.0,587.6,163.0,171.0,140.0,158.0
93650,107400.0,781.5,63.0,60.0,79.0,67.3333333333
93654,170100.0,671.444444444,325.0,340.0,338.0,334.333333333
93656,131700.0,595.666666667,105.0,109.0,114.0,109.333333333
93657,173900.0,715.7,484.0,459.0,426.0,456.333333333
93660,118100.0,471.0,26.0,21.0,25.0,24.0
93662,156300.0,638.555555556,553.0,553.0,574.0,560.0
93667,238900.0,619.0,51.0,51.0,40.0,47.3333333333
93701,94600.0,553.666666667,196.0,180.0,235.0,203.666666667
93702,88400.0,534.2,607.0,575.0,667.0,616.333333333
93703,120400.0,537.571428571,494.0,477.0,542.0,504.333333333
93704,193800.0,590.0,711.0,714.0,825.0,750.0
93705,133800.0,542.0,210.0,199.0,256.0,221.666666667
93706,101700.0,516.307692308,504.0,497.0,572.0,524.333333333
93710,200200.0,615.8,311.0,262.0,286.0,286.333333333
93711,291500.0,687.5,237.0,235.0,270.0,247.333333333
93720,278300.0,744.7,433.0,377.0,469.0,426.333333333
93722,189900.0,623.166666667,740.0,620.0,700.0,686.666666667
93723,272600.0,642.0,101.0,111.0,130.0,114.0
93725,133900.0,591.375,317.0,353.0,374.0,348.0
93726,148100.0,597.090909091,472.0,405.0,550.0,475.666666667
93727,188400.0,564.461538462,685.0,621.0,723.0,676.333333333
93728,130500.0,551.25,139.0,124.0,166.0,143.0
93730,377600.0,750.0,176.0,163.0,226.0,188.333333333
93901,398700.0,583.714285714,297.0,388.0,442.0,375.666666667
93905,275300.0,549.384615385,522.0,621.0,687.0,610.0
93906,321700.0,598.357142857,664.0,848.0,865.0,792.333333333
93907,385200.0,575.5,127.0,111.0,161.0,133.0
93908,704800.0,705.75,85.0,90.0,97.0,90.6666666667
93923,1187100.0,704.0,84.0,67.0,66.0,72.3333333333
93924,886700.0,740.0,15.0,16.0,20.0,17.0
93926,255300.0,498.666666667,165.0,168.0,180.0,171.0
93927,198000.0,552.0,245.0,222.0,252.0,239.666666667
93933,415600.0,542.6,270.0,274.0,265.0,269.666666667
93940,617500.0,542.5,177.0,162.0,166.0,168.333333333
93950,713000.0,715.0,149.0,171.0,187.0,169.0
93955,375500.0,542.0,348.0,350.0,351.0,349.666666667
93960,252200.0,588.714285714,365.0,369.0,404.0,379.333333333
94002,1210400.0,745.833333333,389.0,402.0,440.0,410.333333333
94005,675800.0,699.5,39.0,41.0,38.0,39.3333333333
94010,2053900.0,785.545454545,404.0,442.0,494.0,446.666666667
94014,598200.0,587.875,227.0,229.0,237.0,231.0
94015,701000.0,651.909090909,312.0,314.0,352.0,326.0
94019,904400.0,567.0,203.0,205.0,208.0,205.333333333
94022,2764000.0,815.333333333,293.0,309.0,339.0,313.666666667
94024,2211500.0,833.6,221.0,262.0,263.0,248.666666667
94025,1641100.0,634.0,457.0,470.0,504.0,477.0
94027,4583700.0,743.0,170.0,174.0,191.0,178.333333333
94028,2986100.0,787.0,96.0,80.0,80.0,85.3333333333
94030,1189600.0,686.0,217.0,211.0,219.0,215.666666667
94037,931200.0,573.0,29.0,36.0,34.0,33.0
94040,1508700.0,707.666666667,424.0,419.0,416.0,419.666666667
94041,1214900.0,686.0,56.0,58.0,48.0,54.0
94043,909200.0,653.25,204.0,217.0,210.0,210.333333333
94044,714100.0,626.714285714,304.0,340.0,359.0,334.333333333
94061,1051900.0,679.8,246.0,239.0,256.0,247.0
94062,1613400.0,683.714285714,582.0,582.0,674.0,612.666666667
94063,691300.0,697.4,215.0,250.0,255.0,240.0
94065,1090900.0,759.5,224.0,188.0,166.0,192.666666667
94066,732000.0,647.75,336.0,351.0,358.0,348.333333333
94070,1312500.0,730.571428571,246.0,279.0,283.0,269.333333333
94080,698500.0,652.181818182,757.0,760.0,743.0,753.333333333
94085,732900.0,604.333333333,171.0,164.0,158.0,164.333333333
94086,987800.0,674.5,172.0,193.0,197.0,187.333333333
94087,1385900.0,713.666666667,639.0,733.0,732.0,701.333333333
94089,748000.0,569.0,17.0,27.0,27.0,23.6666666667
94102,783000.0,581.0,37.0,33.0,49.0,39.6666666667
94103,886800.0,602.5,42.0,45.0,55.0,47.3333333333
94107,1007000.0,587.5,87.0,86.0,82.0,85.0
94108,845500.0,655.0,31.0,24.0,31.0,28.6666666667
94109,933300.0,611.333333333,152.0,155.0,172.0,159.666666667
94110,1110000.0,565.666666667,206.0,231.0,259.0,232.0
94112,736900.0,580.0,462.0,509.0,554.0,508.333333333
94114,1504000.0,619.0,366.0,402.0,428.0,398.666666667
94115,1285300.0,642.5,228.0,220.0,239.0,229.0
94116,930600.0,639.833333333,399.0,388.0,421.0,402.666666667
94117,1312000.0,555.75,101.0,93.0,100.0,98.0
94118,1618400.0,664.25,143.0,134.0,143.0,140.0
94121,1198300.0,659.8,346.0,357.0,378.0,360.333333333
94122,980300.0,726.4,255.0,252.0,275.0,260.666666667
94123,2103500.0,704.333333333,216.0,227.0,223.0,222.0
94124,610100.0,524.833333333,162.0,131.0,155.0,149.333333333
94127,1259100.0,656.75,193.0,200.0,233.0,208.666666667
94131,1235800.0,642.666666667,246.0,237.0,260.0,247.666666667
94132,854100.0,668.5,74.0,84.0,102.0,86.6666666667
94133,1173000.0,658.0,122.0,116.0,118.0,118.666666667
94134,677100.0,553.857142857,329.0,337.0,367.0,344.333333333
94301,2720900.0,727.666666667,198.0,186.0,250.0,211.333333333
94303,1384300.0,627.6,386.0,386.0,399.0,390.333333333
94305,2307200.0,772.0,79.0,70.0,76.0,75.0
94306,1905500.0,780.75,437.0,424.0,493.0,451.333333333
94401,703600.0,607.0,134.0,174.0,182.0,163.333333333
94402,1392400.0,650.571428571,326.0,302.0,279.0,302.333333333
94403,960600.0,642.25,457.0,441.0,450.0,449.333333333
94404,1046800.0,683.333333333,130.0,116.0,123.0,123.0
94501,727800.0,660.357142857,666.0,696.0,727.0,696.333333333
94502,733400.0,808.0,69.0,81.0,83.0,77.6666666667
94503,419400.0,577.333333333,195.0,220.0,250.0,221.666666667
94505,519100.0,736.0,48.0,52.0,77.0,59.0
94506,1147500.0,790.0,154.0,146.0,159.0,153.0
94507,1463200.0,771.25,164.0,163.0,152.0,159.666666667
94509,273500.0,585.461538462,827.0,887.0,809.0,841.0
94510,510400.0,700.666666667,253.0,372.0,353.0,326.0
94513,452000.0,707.285714286,1241.0,1339.0,1373.0,1317.66666667
94515,569800.0,643.0,65.0,67.0,66.0,66.0
94517,678500.0,760.5,131.0,110.0,127.0,122.666666667
94518,521800.0,604.2,323.0,323.0,332.0,326.0
94519,414900.0,577.25,146.0,120.0,95.0,120.333333333
94520,339000.0,583.6,347.0,351.0,335.0,344.333333333
94521,499800.0,632.111111111,784.0,706.0,725.0,738.333333333
94523,596100.0,702.222222222,509.0,445.0,529.0,494.333333333
94525,377200.0,537.5,89.0,79.0,102.0,90.0
94526,990400.0,734.222222222,584.0,555.0,600.0,579.666666667
94530,675600.0,636.0,331.0,342.0,319.0,330.666666667
94531,360800.0,616.666666667,771.0,852.0,787.0,803.333333333
94533,262000.0,607.5,1132.0,1146.0,1321.0,1199.66666667
94534,426900.0,667.555555556,487.0,556.0,582.0,541.666666667
94536,693800.0,692.8,955.0,958.0,976.0,963.0
94538,644400.0,703.357142857,1135.0,1149.0,1213.0,1165.66666667
94539,1192900.0,755.25,356.0,348.0,351.0,351.666666667
94541,436400.0,572.777777778,369.0,342.0,403.0,371.333333333
94542,669000.0,741.0,30.0,40.0,39.0,36.3333333333
94544,443000.0,586.444444444,396.0,412.0,461.0,423.0
94545,455700.0,592.777777778,428.0,447.0,514.0,463.0
94546,581500.0,699.333333333,435.0,451.0,444.0,443.333333333
94547,457800.0,604.0,251.0,258.0,270.0,259.666666667
94549,1226400.0,775.5,364.0,387.0,398.0,383.0
94550,672600.0,705.125,788.0,813.0,783.0,794.666666667
94551,563900.0,707.0,490.0,522.0,548.0,520.0
94552,823300.0,764.333333333,157.0,174.0,187.0,172.666666667
94553,460300.0,661.333333333,334.0,334.0,338.0,335.333333333
94555,722200.0,781.0,130.0,121.0,138.0,129.666666667
94556,1108400.0,786.0,246.0,239.0,268.0,251.0
94558,494300.0,647.611111111,1080.0,1013.0,1018.0,1037.0
94559,469800.0,590.8,95.0,127.0,131.0,117.666666667
94560,581900.0,641.909090909,585.0,745.0,605.0,645.0
94561,337400.0,656.888888889,859.0,894.0,953.0,902.0
94563,1274300.0,803.0,247.0,261.0,308.0,272.0
94564,405100.0,584.166666667,404.0,401.0,413.0,406.0
94565,293900.0,596.25,906.0,882.0,961.0,916.333333333
94566,919800.0,776.0,755.0,785.0,802.0,780.666666667
94568,672000.0,742.571428571,274.0,233.0,297.0,268.0
94571,276100.0,636.0,147.0,136.0,125.0,136.0
94572,380500.0,578.0,56.0,46.0,48.0,50.0
94574,965100.0,629.333333333,107.0,100.0,82.0,96.3333333333
94577,469000.0,614.75,662.0,659.0,686.0,669.0
94578,437300.0,630.666666667,130.0,122.0,118.0,123.333333333
94579,469700.0,690.0,230.0,233.0,225.0,229.333333333
94580,447900.0,626.4,573.0,580.0,653.0,602.0
94582,944400.0,786.125,382.0,324.0,367.0,357.666666667
94583,778700.0,714.888888889,537.0,499.0,555.0,530.333333333
94585,286000.0,635.25,211.0,224.0,270.0,235.0
94587,604100.0,661.0,626.0,642.0,630.0,632.666666667
94588,789400.0,761.166666667,541.0,563.0,584.0,562.666666667
94589,236000.0,600.666666667,468.0,462.0,465.0,465.0
94590,218200.0,616.6,176.0,191.0,188.0,185.0
94591,323100.0,618.25,407.0,450.0,446.0,434.333333333
94595,476400.0,762.0,37.0,44.0,49.0,43.3333333333
94596,804600.0,727.666666667,133.0,150.0,172.0,151.666666667
94597,657200.0,693.5,177.0,184.0,195.0,185.333333333
94598,826800.0,738.833333333,283.0,266.0,338.0,295.666666667
94601,320000.0,556.111111111,190.0,184.0,268.0,214.0
94602,660100.0,579.0,183.0,172.0,194.0,183.0
94603,255500.0,595.777777778,249.0,272.0,316.0,279.0
94605,401400.0,632.142857143,169.0,170.0,234.0,191.0
94606,393700.0,635.8,171.0,154.0,209.0,178.0
94607,409500.0,584.833333333,134.0,140.0,219.0,164.333333333
94608,477100.0,583.4,120.0,132.0,159.0,137.0
94609,667700.0,641.0,29.0,34.0,46.0,36.3333333333
94610,867900.0,582.0,321.0,338.0,373.0,344.0
94611,942300.0,730.8,557.0,516.0,676.0,583.0
94612,442700.0,497.666666667,137.0,132.0,170.0,146.333333333
94618,1021600.0,708.0,114.0,117.0,152.0,127.666666667
94619,533000.0,643.166666667,254.0,247.0,314.0,271.666666667
94621,231600.0,550.125,200.0,221.0,290.0,237.0
94702,688800.0,784.0,25.0,31.0,27.0,27.6666666667
94703,729400.0,641.5,199.0,267.0,247.0,237.666666667
94704,790100.0,583.0,214.0,268.0,243.0,241.666666667
94705,1263400.0,640.25,132.0,154.0,155.0,147.0
94706,718100.0,748.6,230.0,285.0,285.0,266.666666667
94707,1003600.0,764.5,51.0,58.0,67.0,58.6666666667
94708,997000.0,794.0,79.0,85.0,81.0,81.6666666667
94709,772100.0,742.0,27.0,34.0,33.0,31.3333333333
94710,662800.0,711.0,30.0,32.0,41.0,34.3333333333
94801,236800.0,598.333333333,209.0,203.0,194.0,202.0
94803,429100.0,646.833333333,307.0,335.0,347.0,329.666666667
94804,299900.0,547.375,401.0,434.0,428.0,421.0
94805,390700.0,553.333333333,214.0,235.0,226.0,225.0
94806,293400.0,599.5,485.0,498.0,506.0,496.333333333
94901,878500.0,647.0,432.0,450.0,455.0,445.666666667
94903,772700.0,699.833333333,354.0,358.0,369.0,360.333333333
94904,1474800.0,758.0,68.0,79.0,89.0,78.6666666667
94920,2292800.0,803.5,63.0,64.0,43.0,56.6666666667
94924,1427700.0,599.0,13.0,12.0,14.0,13.0
94925,1071700.0,755.0,47.0,45.0,44.0,45.3333333333
94928,414300.0,627.5,647.0,571.0,588.0,602.0
94930,742200.0,761.0,120.0,118.0,117.0,118.333333333
94931,437000.0,628.0,63.0,61.0,48.0,57.3333333333
94939,1331000.0,687.0,107.0,122.0,133.0,120.666666667
94941,1273300.0,798.571428571,335.0,336.0,398.0,356.333333333
94945,692300.0,649.0,125.0,150.0,149.0,141.333333333
94947,625300.0,695.166666667,312.0,303.0,320.0,311.666666667
94949,769200.0,777.333333333,157.0,150.0,146.0,151.0
94952,629400.0,718.5,85.0,88.0,109.0,94.0
94954,500000.0,718.5,264.0,280.0,269.0,271.0
94957,2417300.0,718.0,48.0,26.0,39.0,37.6666666667
94960,992700.0,721.0,100.0,90.0,91.0,93.6666666667
95003,728300.0,664.4,299.0,325.0,402.0,342.0
95004,499200.0,621.0,41.0,42.0,40.0,41.0
95006,413700.0,670.0,107.0,118.0,151.0,125.333333333
95008,890500.0,592.8,215.0,264.0,265.0,248.0
95010,655600.0,591.0,74.0,68.0,85.0,75.6666666667
95014,1549900.0,755.461538462,719.0,826.0,899.0,814.666666667
95018,473700.0,647.25,198.0,207.0,191.0,198.666666667
95020,595400.0,648.384615385,705.0,765.0,889.0,786.333333333
95023,404200.0,621.7,764.0,702.0,749.0,738.333333333
95030,2063400.0,686.0,207.0,194.0,208.0,203.0
95032,1335500.0,779.0,198.0,197.0,204.0,199.666666667
95033,925200.0,743.5,49.0,41.0,41.0,43.6666666667
95035,729500.0,709.333333333,739.0,673.0,761.0,724.333333333
95037,779500.0,621.6,664.0,644.0,639.0,649.0
95045,471600.0,559.0,61.0,55.0,48.0,54.6666666667
95046,862700.0,671.0,39.0,59.0,55.0,51.0
95050,762900.0,704.6,359.0,393.0,389.0,380.333333333
95051,859000.0,697.6,856.0,967.0,976.0,933.0
95054,816100.0,704.666666667,139.0,159.0,172.0,156.666666667
95060,757300.0,655.5,325.0,292.0,294.0,303.666666667
95062,677900.0,595.875,398.0,428.0,472.0,432.666666667
95065,661100.0,631.0,16.0,18.0,20.0,18.0
95066,703100.0,729.0,154.0,158.0,146.0,152.666666667
95070,2073100.0,754.125,422.0,448.0,491.0,453.666666667
95073,657000.0,593.0,133.0,111.0,151.0,131.666666667
95076,421400.0,609.916666667,1343.0,1368.0,1591.0,1434.0
95110,517500.0,563.0,69.0,65.0,63.0,65.6666666667
95111,532700.0,587.636363636,568.0,567.0,607.0,580.666666667
95112,570500.0,614.166666667,253.0,259.0,299.0,270.333333333
95116,483700.0,614.416666667,424.0,473.0,456.0,451.0
95117,845300.0,668.666666667,109.0,119.0,119.0,115.666666667
95118,782000.0,678.125,484.0,587.0,627.0,566.0
95119,720100.0,705.666666667,177.0,203.0,207.0,195.666666667
95120,1195000.0,743.625,454.0,463.0,487.0,468.0
95121,610000.0,673.7,465.0,470.0,476.0,470.333333333
95122,499500.0,590.722222222,851.0,905.0,850.0,868.666666667
95123,683400.0,628.166666667,728.0,796.0,897.0,807.0
95124,896300.0,722.4,486.0,578.0,622.0,562.0
95125,955100.0,639.090909091,591.0,603.0,664.0,619.333333333
95126,673800.0,528.0,264.0,301.0,312.0,292.333333333
95127,548200.0,616.2,759.0,795.0,829.0,794.333333333
95128,743300.0,559.25,206.0,257.0,288.0,250.333333333
95129,1277400.0,803.444444444,373.0,438.0,454.0,421.666666667
95130,980700.0,753.5,194.0,207.0,230.0,210.333333333
95131,706700.0,696.5,635.0,925.0,894.0,818.0
95132,746900.0,676.6,574.0,617.0,645.0,612.0
95133,609700.0,621.4,254.0,333.0,364.0,317.0
95135,922500.0,723.666666667,122.0,159.0,143.0,141.333333333
95136,707200.0,659.2,225.0,219.0,237.0,227.0
95138,927000.0,769.5,41.0,48.0,56.0,48.3333333333
95139,672600.0,583.0,125.0,132.0,121.0,126.0
95148,723200.0,631.181818182,619.0,707.0,676.0,667.333333333
95203,142900.0,577.5,68.0,66.0,92.0,75.3333333333
95204,158400.0,578.571428571,311.0,343.0,326.0,326.666666667
95205,106800.0,461.857142857,303.0,308.0,347.0,319.333333333
95206,174900.0,518.736842105,1215.0,1260.0,1372.0,1282.33333333
95207,179100.0,597.666666667,768.0,787.0,836.0,797.0
95209,244100.0,604.636363636,686.0,738.0,720.0,714.666666667
95210,162500.0,604.5,374.0,364.0,361.0,366.333333333
95212,275800.0,624.333333333,489.0,536.0,522.0,515.666666667
95215,121900.0,592.0,365.0,353.0,344.0,354.0
95219,307600.0,682.2,322.0,328.0,331.0,327.0
95222,256700.0,659.0,48.0,40.0,61.0,49.6666666667
95223,244700.0,571.0,16.0,12.0,11.0,13.0
95228,328200.0,701.0,19.0,15.0,18.0,17.3333333333
95236,330600.0,642.5,105.0,95.0,91.0,97.0
95237,265300.0,665.0,51.0,64.0,64.0,59.6666666667
95240,219500.0,591.5,531.0,563.0,496.0,530.0
95242,306700.0,607.111111111,675.0,728.0,642.0,681.666666667
95249,177700.0,573.0,174.0,159.0,188.0,173.666666667
95252,245600.0,599.333333333,131.0,144.0,152.0,142.333333333
95304,481900.0,636.2,111.0,141.0,175.0,142.333333333
95307,200600.0,606.307692308,910.0,818.0,823.0,850.333333333
95316,236400.0,501.5,114.0,106.0,107.0,109.0
95320,252200.0,576.0,194.0,202.0,215.0,203.666666667
95324,238100.0,598.666666667,214.0,211.0,220.0,215.0
95326,265800.0,580.2,171.0,181.0,186.0,179.333333333
95327,193300.0,607.0,43.0,44.0,48.0,45.0
95328,138800.0,610.0,36.0,39.0,51.0,42.0
95329,193700.0,793.0,12.0,15.0,17.0,14.6666666667
95330,288700.0,589.25,301.0,332.0,364.0,332.333333333
95336,257800.0,604.583333333,882.0,953.0,1013.0,949.333333333
95337,324500.0,665.5,254.0,281.0,298.0,277.666666667
95338,224400.0,699.5,201.0,184.0,208.0,197.666666667
95340,187400.0,553.214285714,533.0,544.0,597.0,558.0
95348,201300.0,534.333333333,272.0,276.0,307.0,285.0
95350,193400.0,634.117647059,1095.0,1135.0,1223.0,1151.0
95351,139200.0,582.846153846,983.0,932.0,981.0,965.333333333
95354,164400.0,650.833333333,292.0,275.0,308.0,291.666666667
95355,246900.0,686.2,1283.0,1237.0,1327.0,1282.33333333
95356,265900.0,623.0,162.0,218.0,228.0,202.666666667
95357,231700.0,642.25,299.0,267.0,273.0,279.666666667
95358,173400.0,636.428571429,382.0,359.0,391.0,377.333333333
95361,258000.0,681.5,395.0,406.0,437.0,412.666666667
95363,252000.0,528.5,464.0,549.0,594.0,535.666666667
95365,96900.0,653.0,74.0,85.0,78.0,79.0
95366,339300.0,668.833333333,176.0,168.0,227.0,190.333333333
95367,233600.0,565.75,208.0,246.0,248.0,234.0
95368,242000.0,638.25,209.0,193.0,226.0,209.333333333
95370,217900.0,613.0,239.0,241.0,265.0,248.333333333
95372,206100.0,594.0,41.0,32.0,45.0,39.3333333333
95376,314800.0,631.8125,992.0,1012.0,1059.0,1021.0
95377,414600.0,669.6,333.0,354.0,446.0,377.666666667
95379,164600.0,730.0,45.0,50.0,53.0,49.3333333333
95380,198100.0,536.857142857,501.0,513.0,532.0,515.333333333
95382,277100.0,598.833333333,473.0,451.0,485.0,469.666666667
95383,213000.0,662.5,39.0,37.0,39.0,38.3333333333
95386,180200.0,619.6,237.0,254.0,262.0,251.0
95388,127000.0,643.2,167.0,185.0,187.0,179.666666667
95391,487100.0,671.333333333,130.0,149.0,200.0,159.666666667
95401,387500.0,679.666666667,138.0,119.0,140.0,132.333333333
95403,429600.0,712.833333333,359.0,351.0,340.0,350.0
95404,554600.0,659.0,75.0,77.0,66.0,72.6666666667
95405,445700.0,721.5,168.0,162.0,180.0,170.0
95407,387700.0,658.375,412.0,410.0,396.0,406.0
95409,536500.0,705.0,178.0,182.0,235.0,198.333333333
95422,102200.0,564.5,104.0,103.0,110.0,105.666666667
95423,150500.0,584.0,16.0,21.0,17.0,18.0
95425,400200.0,565.666666667,147.0,115.0,125.0,129.0
95436,390500.0,661.0,37.0,32.0,38.0,35.6666666667
95437,335900.0,570.666666667,93.0,89.0,94.0,92.0
95442,795000.0,639.0,29.0,26.0,26.0,27.0
95446,338300.0,766.0,48.0,49.0,43.0,46.6666666667
95448,584400.0,663.0,199.0,185.0,183.0,189.0
95451,204600.0,591.25,144.0,152.0,145.0,147.0
95452,847500.0,806.0,14.0,17.0,24.0,18.3333333333
95453,217500.0,619.0,126.0,146.0,170.0,147.333333333
95458,118300.0,587.0,28.0,17.0,31.0,25.3333333333
95460,537600.0,580.0,45.0,45.0,56.0,48.6666666667
95461,232100.0,565.0,81.0,38.0,83.0,67.3333333333
95465,830700.0,657.0,18.0,14.0,15.0,15.6666666667
95470,367300.0,537.0,43.0,52.0,50.0,48.3333333333
95472,653200.0,662.714285714,316.0,314.0,319.0,316.333333333
95476,591300.0,576.777777778,392.0,437.0,502.0,443.666666667
95482,284700.0,545.727272727,455.0,455.0,470.0,460.0
95490,228600.0,546.25,128.0,132.0,125.0,128.333333333
95492,483600.0,655.833333333,528.0,593.0,644.0,588.333333333
95501,216800.0,553.6,291.0,268.0,279.0,279.333333333
95503,230600.0,687.375,328.0,308.0,293.0,309.666666667
95519,264500.0,643.5,224.0,205.0,211.0,213.333333333
95521,276100.0,646.2,185.0,202.0,222.0,203.0
95540,244000.0,590.0,281.0,306.0,305.0,297.333333333
95562,181100.0,738.5,56.0,53.0,55.0,54.6666666667
95567,264200.0,611.0,22.0,19.0,25.0,22.0
95603,340900.0,670.857142857,436.0,432.0,460.0,442.666666667
95605,173100.0,553.5,110.0,118.0,140.0,122.666666667
95608,430500.0,606.25,852.0,902.0,1055.0,936.333333333
95610,241500.0,566.666666667,282.0,377.0,429.0,362.666666667
95614,303700.0,619.0,71.0,49.0,21.0,47.0
95616,578700.0,681.333333333,502.0,584.0,592.0,559.333333333
95618,536700.0,580.0,51.0,52.0,52.0,51.6666666667
95620,333400.0,538.8,296.0,296.0,295.0,295.666666667
95621,275000.0,637.285714286,323.0,325.0,334.0,327.333333333
95623,266900.0,532.0,68.0,57.0,70.0,65.0
95624,329700.0,655.764705882,1457.0,1407.0,1466.0,1443.33333333
95627,205300.0,509.5,76.0,70.0,91.0,79.0
95628,417000.0,593.5,558.0,624.0,669.0,617.0
95630,424600.0,737.071428571,939.0,794.0,895.0,876.0
95631,277400.0,624.0,17.0,18.0,23.0,19.3333333333
95632,254700.0,639.625,581.0,639.0,670.0,630.0
95634,224900.0,644.0,52.0,34.0,22.0,36.0
95638,455200.0,511.0,45.0,36.0,32.0,37.6666666667
95640,227400.0,651.0,26.0,28.0,46.0,33.3333333333
95642,257600.0,619.166666667,221.0,217.0,253.0,230.333333333
95648,379300.0,668.727272727,818.0,820.0,898.0,845.333333333
95650,473700.0,703.2,227.0,214.0,219.0,220.0
95655,301600.0,642.666666667,215.0,194.0,204.0,204.333333333
95660,157400.0,639.1,475.0,507.0,527.0,503.0
95661,379100.0,716.222222222,371.0,418.0,447.0,412.0
95662,330800.0,692.444444444,476.0,510.0,588.0,524.666666667
95663,509500.0,631.0,15.0,19.0,18.0,17.3333333333
95666,181100.0,624.0,16.0,21.0,19.0,18.6666666667
95667,279600.0,655.090909091,560.0,548.0,635.0,581.0
95670,235800.0,594.818181818,817.0,645.0,737.0,733.0
95672,382100.0,745.0,166.0,164.0,171.0,167.0
95677,348700.0,757.5,303.0,273.0,326.0,300.666666667
95678,291300.0,732.666666667,510.0,572.0,569.0,550.333333333
95682,360100.0,702.2,366.0,361.0,417.0,381.333333333
95683,423300.0,793.0,35.0,34.0,39.0,36.0
95685,275600.0,616.5,63.0,65.0,67.0,65.0
95687,322200.0,621.555555556,609.0,643.0,662.0,638.0
95688,405900.0,603.0,453.0,433.0,452.0,446.0
95690,291400.0,731.0,25.0,28.0,26.0,26.3333333333
95691,295400.0,535.833333333,351.0,347.0,347.0,348.333333333
95692,227300.0,569.5,71.0,71.0,74.0,72.0
95693,527800.0,734.0,22.0,24.0,34.0,26.6666666667
95694,311000.0,599.333333333,94.0,107.0,159.0,120.0
95695,263400.0,623.615384615,582.0,710.0,746.0,679.333333333
95709,267200.0,739.0,41.0,36.0,30.0,35.6666666667
95713,285700.0,635.0,87.0,79.0,98.0,88.0
95722,407200.0,731.0,19.0,15.0,21.0,18.3333333333
95726,217800.0,732.0,75.0,77.0,105.0,85.6666666667
95742,343900.0,690.0,33.0,57.0,70.0,53.3333333333
95746,650400.0,739.2,247.0,263.0,234.0,248.0
95747,391600.0,735.75,950.0,1031.0,988.0,989.666666667
95757,378600.0,636.444444444,703.0,763.0,854.0,773.333333333
95758,293400.0,644.625,663.0,663.0,714.0,680.0
95762,532600.0,780.111111111,552.0,575.0,641.0,589.333333333
95765,405200.0,755.916666667,606.0,578.0,727.0,637.0
95776,285500.0,585.5,135.0,162.0,165.0,154.0
95814,337500.0,721.0,18.0,26.0,30.0,24.6666666667
95816,425100.0,643.5,108.0,114.0,167.0,129.666666667
95817,230400.0,648.0,66.0,83.0,106.0,85.0
95818,445800.0,592.857142857,307.0,334.0,406.0,349.0
95819,424500.0,619.333333333,158.0,188.0,196.0,180.666666667
95822,194800.0,612.125,677.0,751.0,876.0,768.0
95823,185300.0,577.307692308,956.0,944.0,1091.0,997.0
95824,144300.0,590.714285714,263.0,265.0,341.0,289.666666667
95826,244300.0,673.625,431.0,430.0,491.0,450.666666667
95827,224800.0,605.0,249.0,259.0,311.0,273.0
95828,203800.0,534.0,557.0,554.0,579.0,563.333333333
95829,301700.0,614.0,398.0,396.0,418.0,404.0
95831,356500.0,642.333333333,475.0,499.0,617.0,530.333333333
95832,170200.0,614.5,94.0,82.0,120.0,98.6666666667
95833,272900.0,632.333333333,295.0,301.0,289.0,295.0
95834,311500.0,625.0,260.0,284.0,299.0,281.0
95835,305200.0,585.857142857,494.0,546.0,575.0,538.333333333
95838,199200.0,569.2,526.0,608.0,629.0,587.666666667
95843,304600.0,698.3,639.0,670.0,717.0,675.333333333
95901,161900.0,540.9,391.0,396.0,447.0,411.333333333
95926,255500.0,639.857142857,787.0,799.0,831.0,805.666666667
95928,270100.0,666.0,191.0,200.0,250.0,213.666666667
95938,394100.0,610.666666667,70.0,68.0,73.0,70.3333333333
95945,285400.0,610.0,271.0,259.0,323.0,284.333333333
95949,335100.0,675.5,179.0,158.0,174.0,170.333333333
95953,163000.0,558.0,144.0,134.0,149.0,142.333333333
95954,160600.0,647.0,83.0,68.0,72.0,74.3333333333
95959,368800.0,645.6,170.0,190.0,191.0,183.666666667
95961,169400.0,490.6,423.0,441.0,480.0,448.0
95965,154100.0,666.6,158.0,174.0,177.0,169.666666667
95966,159000.0,585.8,563.0,556.0,630.0,583.0
95969,195000.0,616.5,240.0,245.0,273.0,252.666666667
95973,280800.0,555.0,12.0,13.0,11.0,12.0
95982,181800.0,608.5,78.0,71.0,56.0,68.3333333333
95987,177400.0,491.0,122.0,118.0,108.0,116.0
95991,189300.0,616.1,625.0,590.0,547.0,587.333333333
95993,242300.0,635.625,669.0,672.0,645.0,662.0
96001,217900.0,673.7,308.0,328.0,340.0,325.333333333
96002,209900.0,670.3,408.0,406.0,435.0,416.333333333
96003,234100.0,685.875,288.0,301.0,346.0,311.666666667
96007,174000.0,622.0,159.0,161.0,201.0,173.666666667
96013,121900.0,595.5,46.0,41.0,56.0,47.6666666667
96019,150900.0,705.333333333,182.0,154.0,176.0,170.666666667
96021,132100.0,568.5,153.0,161.0,154.0,156.0
96022,190200.0,636.0,149.0,172.0,200.0,173.666666667
96025,128900.0,675.0,16.0,14.0,13.0,14.3333333333
96055,133300.0,776.0,14.0,15.0,14.0,14.3333333333
96067,230200.0,674.0,36.0,37.0,49.0,40.6666666667
96073,313300.0,641.0,80.0,99.0,113.0,97.3333333333
96080,145500.0,658.333333333,339.0,325.0,335.0,333.0
96093,166700.0,553.5,57.0,60.0,59.0,58.6666666667
96094,147000.0,495.0,44.0,40.0,38.0,40.6666666667
96097,132300.0,673.666666667,133.0,135.0,147.0,138.333333333
96114,178500.0,677.0,26.0,30.0,34.0,30.0
96130,115800.0,559.333333333,173.0,149.0,130.0,150.666666667
96134,77700.0,601.5,37.0,46.0,41.0,41.3333333333
96137,313500.0,457.0,19.0,15.0,13.0,15.6666666667
96145,546300.0,578.0,62.0,67.0,62.0,63.6666666667
96150,342100.0,683.0,415.0,377.0,434.0,408.666666667
96161,500600.0,636.75,191.0,199.0,179.0,189.666666667
