Zip,zindex,aa_avg_w,aa_num11,aa_num12,aa_num13,aa_num_avg
95138,927000.0,946.0,13.0,16.0,16.0,15.0
94519,414900.0,943.0,15.0,11.0,12.0,12.6666666667
94502,733400.0,926.0,21.0,21.0,21.0,21.0
93619,373500.0,925.5,42.0,27.0,31.0,33.3333333333
90278,781000.0,898.0,97.0,86.0,86.0,89.6666666667
90069,737800.0,892.0,24.0,22.0,25.0,23.6666666667
91326,676100.0,884.333333333,92.0,75.0,74.0,80.3333333333
94526,990400.0,882.0,22.0,25.0,19.0,22.0
91307,572700.0,881.5,76.0,52.0,59.0,62.3333333333
91607,702200.0,877.0,56.0,49.0,55.0,53.3333333333
92808,648200.0,875.0,16.0,22.0,26.0,21.3333333333
92078,502000.0,873.25,133.0,133.0,136.0,134.0
92069,435800.0,873.2,178.0,162.0,164.0,168.0
90720,797000.0,872.0,189.0,174.0,183.0,182.0
91784,586900.0,871.333333333,91.0,93.0,87.0,90.3333333333
91316,534800.0,870.333333333,77.0,68.0,72.0,72.3333333333
92606,691400.0,870.0,18.0,17.0,12.0,15.6666666667
92694,732200.0,869.0,16.0,18.0,18.0,17.3333333333
92688,573500.0,868.333333333,56.0,53.0,54.0,54.3333333333
91345,419000.0,868.0,16.0,19.0,13.0,16.0
91914,609900.0,867.25,164.0,147.0,145.0,152.0
92701,372000.0,865.0,25.0,28.0,20.0,24.3333333333
90732,552500.0,864.666666667,110.0,93.0,92.0,98.3333333333
90230,639800.0,862.857142857,937.0,890.0,843.0,890.0
93720,278300.0,862.625,232.0,230.0,234.0,232.0
93730,377600.0,862.0,81.0,92.0,88.0,87.0
90039,705900.0,861.0,14.0,11.0,13.0,12.6666666667
92705,792900.0,860.0,24.0,31.0,27.0,27.3333333333
90245,846600.0,858.333333333,75.0,85.0,103.0,87.6666666667
91354,496900.0,858.0,124.0,118.0,115.0,119.0
91708,423500.0,858.0,36.0,38.0,41.0,38.3333333333
92883,423200.0,858.0,133.0,140.0,144.0,139.0
95762,532600.0,858.0,54.0,55.0,50.0,53.0
91739,547600.0,857.111111111,975.0,971.0,988.0,978.0
94517,678500.0,857.0,11.0,14.0,16.0,13.6666666667
90605,408100.0,857.0,22.0,20.0,22.0,21.3333333333
91024,828200.0,856.0,54.0,46.0,47.0,49.0
92831,534000.0,855.5,37.0,50.0,49.0,45.3333333333
90041,652000.0,854.666666667,82.0,71.0,68.0,73.6666666667
92567,262800.0,854.0,22.0,20.0,21.0,21.0
92886,678300.0,853.0,33.0,32.0,29.0,31.3333333333
91350,456400.0,852.333333333,69.0,79.0,76.0,74.6666666667
90630,539800.0,852.2,214.0,206.0,173.0,197.666666667
95117,845300.0,852.0,18.0,23.0,20.0,20.3333333333
94552,823300.0,852.0,128.0,153.0,149.0,143.333333333
91709,584100.0,851.3,457.0,431.0,392.0,426.666666667
92236,174100.0,851.0,53.0,57.0,65.0,58.3333333333
92672,765100.0,850.0,35.0,28.0,23.0,28.6666666667
90232,913100.0,849.5,45.0,52.0,61.0,52.6666666667
91301,753500.0,848.5,37.0,31.0,41.0,36.3333333333
92887,773900.0,848.0,12.0,11.0,13.0,12.0
92103,611200.0,848.0,161.0,141.0,174.0,158.666666667
95742,343900.0,848.0,27.0,29.0,24.0,26.6666666667
90505,812100.0,847.5,50.0,56.0,58.0,54.6666666667
91206,657400.0,847.0,37.0,36.0,36.0,36.3333333333
91324,508200.0,846.5,208.0,191.0,199.0,199.333333333
91320,614200.0,846.0,72.0,69.0,59.0,66.6666666667
91501,650500.0,846.0,14.0,16.0,20.0,16.6666666667
95630,424600.0,845.4,114.0,132.0,125.0,123.666666667
92064,606400.0,844.0,120.0,125.0,118.0,121.0
92595,327000.0,842.8,198.0,208.0,176.0,194.0
95405,445700.0,842.333333333,51.0,48.0,41.0,46.6666666667
90293,541700.0,842.0,165.0,138.0,140.0,147.666666667
92009,736500.0,841.5,46.0,43.0,38.0,42.3333333333
92130,896100.0,841.5,51.0,45.0,45.0,47.0
92869,614000.0,841.0,40.0,38.0,39.0,39.0
92692,634400.0,841.0,17.0,15.0,18.0,16.6666666667
95407,387700.0,840.5,40.0,38.0,33.0,37.0
93066,967300.0,840.0,15.0,20.0,20.0,18.3333333333
92646,682100.0,840.0,23.0,21.0,13.0,19.0
91913,457300.0,839.7,499.0,475.0,478.0,484.0
92264,277100.0,839.5,75.0,66.0,60.0,67.0
90703,634800.0,838.25,976.0,998.0,932.0,968.666666667
92821,576900.0,838.0,40.0,49.0,47.0,45.3333333333
91325,586700.0,837.857142857,237.0,221.0,222.0,226.666666667
90249,415200.0,837.333333333,342.0,362.0,328.0,344.0
91504,646700.0,837.0,21.0,17.0,31.0,23.0
92708,666300.0,837.0,20.0,26.0,34.0,26.6666666667
91902,529400.0,836.0,27.0,26.0,42.0,31.6666666667
92870,568400.0,836.0,121.0,114.0,110.0,115.0
92083,366800.0,835.333333333,59.0,64.0,59.0,60.6666666667
91750,540200.0,835.0,62.0,65.0,59.0,62.0
92653,658300.0,835.0,24.0,19.0,24.0,22.3333333333
92508,401300.0,835.0,570.0,556.0,549.0,558.333333333
95677,348700.0,835.0,17.0,14.0,11.0,14.0
90404,726000.0,835.0,23.0,27.0,35.0,28.3333333333
92104,478800.0,834.666666667,80.0,71.0,59.0,70.0
93021,573700.0,834.5,39.0,38.0,31.0,36.0
91403,842500.0,834.0,91.0,78.0,81.0,83.3333333333
94597,657200.0,834.0,45.0,57.0,44.0,48.6666666667
91801,539300.0,833.5,43.0,31.0,32.0,35.3333333333
91030,851900.0,833.0,66.0,70.0,70.0,68.6666666667
92011,767800.0,833.0,26.0,21.0,28.0,25.0
92880,489900.0,832.714285714,901.0,838.0,839.0,859.333333333
92592,401200.0,832.125,347.0,348.0,350.0,348.333333333
93611,259400.0,832.125,265.0,255.0,256.0,258.666666667
91423,821000.0,831.666666667,292.0,291.0,271.0,284.666666667
92029,630500.0,831.0,11.0,15.0,12.0,12.6666666667
95632,254700.0,831.0,45.0,40.0,34.0,39.6666666667
95678,291300.0,830.666666667,109.0,114.0,108.0,110.333333333
92127,683300.0,830.6,150.0,127.0,106.0,127.666666667
95124,896300.0,830.4,96.0,104.0,99.0,99.6666666667
91915,453700.0,830.0,192.0,180.0,192.0,188.0
92563,357400.0,829.666666667,635.0,618.0,610.0,621.0
90033,340200.0,829.0,25.0,31.0,26.0,27.3333333333
91387,446100.0,829.0,172.0,162.0,156.0,163.333333333
95130,980700.0,828.666666667,59.0,64.0,51.0,58.0
92532,323300.0,828.2,234.0,261.0,219.0,238.0
90403,958100.0,828.0,69.0,66.0,66.0,67.0
90065,599100.0,827.0,33.0,32.0,33.0,32.6666666667
94566,919800.0,826.666666667,85.0,91.0,78.0,84.6666666667
91377,692300.0,826.5,30.0,33.0,40.0,34.3333333333
91602,680600.0,825.5,168.0,166.0,178.0,170.666666667
91789,699700.0,825.0,170.0,152.0,143.0,155.0
91737,544700.0,823.4,468.0,449.0,401.0,439.333333333
92129,652300.0,823.142857143,236.0,221.0,213.0,223.333333333
92865,548700.0,823.0,11.0,13.0,17.0,13.6666666667
90601,432600.0,823.0,15.0,15.0,13.0,14.3333333333
91765,624600.0,822.0,298.0,276.0,288.0,287.333333333
91791,517900.0,821.5,144.0,137.0,125.0,135.333333333
94568,672000.0,821.0,202.0,225.0,225.0,217.333333333
93063,478800.0,821.0,14.0,15.0,13.0,14.0
91790,446000.0,820.5,116.0,120.0,117.0,117.666666667
92882,407800.0,819.8,389.0,404.0,378.0,390.333333333
91505,615100.0,819.5,32.0,40.0,45.0,39.0
93012,517700.0,819.5,44.0,48.0,42.0,44.6666666667
92584,309800.0,819.125,402.0,415.0,355.0,390.666666667
92081,466600.0,818.5,97.0,94.0,82.0,91.0
92612,659300.0,818.5,52.0,56.0,53.0,53.6666666667
92260,321800.0,818.5,66.0,63.0,44.0,57.6666666667
92126,461200.0,817.666666667,443.0,386.0,357.0,395.333333333
92110,503000.0,817.0,123.0,134.0,133.0,130.0
94582,944400.0,816.6,192.0,182.0,168.0,180.666666667
93035,487600.0,816.5,55.0,53.0,52.0,53.3333333333
93650,107400.0,815.0,30.0,24.0,42.0,32.0
94702,688800.0,815.0,34.0,35.0,35.0,34.6666666667
91701,470000.0,814.9,728.0,697.0,681.0,702.0
91384,468800.0,814.0,68.0,63.0,55.0,62.0
92691,606600.0,813.6,138.0,111.0,109.0,119.333333333
90701,443400.0,813.0,149.0,141.0,155.0,148.333333333
92845,532100.0,812.0,30.0,24.0,20.0,24.6666666667
90277,918300.0,812.0,184.0,197.0,230.0,203.666666667
94523,596100.0,811.8,116.0,128.0,142.0,128.666666667
95020,595400.0,811.666666667,50.0,54.0,57.0,53.6666666667
90623,629200.0,811.0,159.0,164.0,133.0,152.0
95135,922500.0,811.0,26.0,19.0,23.0,22.6666666667
96001,217900.0,811.0,42.0,47.0,57.0,48.6666666667
91362,719600.0,811.0,79.0,76.0,85.0,80.0
93612,166800.0,810.666666667,71.0,60.0,66.0,65.6666666667
91321,407200.0,810.6,262.0,247.0,224.0,244.333333333
95121,610000.0,810.5,106.0,100.0,94.0,100.0
91910,400100.0,810.25,297.0,258.0,244.0,266.333333333
91344,523800.0,810.25,607.0,533.0,516.0,552.0
91311,532200.0,810.166666667,363.0,352.0,301.0,338.666666667
92782,642300.0,809.5,43.0,47.0,47.0,45.6666666667
92211,325000.0,809.0,12.0,14.0,13.0,13.0
92879,363300.0,808.6,150.0,177.0,190.0,172.333333333
92251,188600.0,808.5,39.0,36.0,33.0,36.0
91040,462100.0,808.5,51.0,62.0,51.0,54.6666666667
92881,464300.0,808.2,547.0,542.0,555.0,548.0
92065,433000.0,808.0,12.0,13.0,14.0,13.0
92833,471300.0,807.5,86.0,75.0,72.0,77.6666666667
95119,720100.0,807.333333333,131.0,119.0,98.0,116.0
90815,572700.0,807.125,843.0,823.0,793.0,819.666666667
92648,797500.0,807.0,21.0,25.0,24.0,23.3333333333
92530,254000.0,806.875,277.0,303.0,239.0,273.0
90503,738500.0,806.6,158.0,168.0,163.0,163.0
91202,655700.0,806.5,45.0,48.0,43.0,45.3333333333
92604,682000.0,806.4,133.0,120.0,113.0,122.0
95765,405200.0,806.0,44.0,35.0,36.0,38.3333333333
93561,212400.0,806.0,15.0,12.0,18.0,15.0
92586,182700.0,805.5,109.0,96.0,67.0,90.6666666667
91364,766500.0,805.2,402.0,337.0,313.0,350.666666667
90034,847800.0,805.0,1228.0,1190.0,1152.0,1190.0
90814,642700.0,805.0,66.0,76.0,81.0,74.3333333333
96003,234100.0,804.5,35.0,28.0,24.0,29.0
95747,391600.0,804.333333333,267.0,241.0,202.0,236.666666667
90302,319500.0,803.666666667,1215.0,1298.0,1411.0,1308.0
92056,412800.0,803.666666667,69.0,76.0,85.0,76.6666666667
90631,469300.0,803.5,48.0,39.0,39.0,42.0
92630,597800.0,803.5,80.0,75.0,65.0,73.3333333333
91304,528800.0,803.4,175.0,145.0,149.0,156.333333333
93657,173900.0,802.5,55.0,43.0,46.0,48.0
91773,518300.0,802.25,122.0,121.0,114.0,119.0
91741,586600.0,802.0,46.0,55.0,54.0,51.6666666667
93010,525600.0,802.0,64.0,62.0,60.0,62.0
92131,671500.0,801.666666667,179.0,148.0,132.0,153.0
95139,672600.0,801.5,48.0,39.0,36.0,41.0
90712,468900.0,801.428571429,804.0,759.0,729.0,764.0
94611,942300.0,801.285714286,1095.0,1063.0,1108.0,1088.66666667
91786,402400.0,801.125,509.0,470.0,495.0,491.333333333
92807,627100.0,801.0,54.0,55.0,59.0,56.0
90808,567700.0,800.625,616.0,578.0,580.0,591.333333333
92780,574400.0,800.0,116.0,139.0,120.0,125.0
92591,377800.0,799.857142857,286.0,256.0,251.0,264.333333333
92120,506600.0,799.75,294.0,267.0,252.0,271.0
92585,280300.0,799.333333333,229.0,218.0,208.0,218.333333333
90803,791800.0,799.0,197.0,196.0,176.0,189.666666667
92234,231100.0,799.0,130.0,130.0,121.0,127.0
91730,364200.0,798.6,557.0,587.0,562.0,568.666666667
95367,233600.0,798.0,14.0,18.0,14.0,15.3333333333
92253,386400.0,798.0,93.0,101.0,107.0,100.333333333
91911,372300.0,797.857142857,210.0,179.0,143.0,177.333333333
91710,408200.0,797.833333333,184.0,157.0,176.0,172.333333333
90717,570100.0,797.333333333,405.0,368.0,339.0,370.666666667
95692,227300.0,797.0,35.0,33.0,39.0,35.6666666667
94708,997000.0,797.0,79.0,81.0,86.0,82.0
95616,578700.0,796.6,98.0,102.0,84.0,94.6666666667
92562,366100.0,796.333333333,417.0,432.0,445.0,431.333333333
91101,452600.0,796.0,172.0,168.0,150.0,163.333333333
93454,275200.0,796.0,14.0,15.0,14.0,14.3333333333
92116,461600.0,795.8,151.0,160.0,133.0,148.0
90025,751100.0,795.75,368.0,359.0,395.0,374.0
91711,597300.0,795.333333333,307.0,277.0,269.0,284.333333333
91205,508400.0,795.0,35.0,34.0,31.0,33.3333333333
90620,455700.0,794.5,132.0,116.0,122.0,123.333333333
92647,611300.0,794.0,35.0,36.0,37.0,36.0
92371,214900.0,794.0,77.0,81.0,104.0,87.3333333333
90670,403500.0,794.0,46.0,37.0,31.0,38.0
93314,355600.0,794.0,49.0,35.0,38.0,40.6666666667
94534,426900.0,793.25,590.0,832.0,805.0,742.333333333
92656,511400.0,793.0,85.0,76.0,68.0,76.3333333333
91351,399000.0,793.0,280.0,283.0,296.0,286.333333333
93312,267200.0,792.875,197.0,193.0,187.0,192.333333333
92223,259100.0,792.555555556,365.0,371.0,355.0,363.666666667
90604,443500.0,792.5,29.0,31.0,34.0,31.3333333333
92602,790000.0,792.333333333,73.0,75.0,72.0,73.3333333333
94588,789400.0,792.333333333,75.0,88.0,81.0,81.3333333333
92084,447300.0,792.0,112.0,110.0,96.0,106.0
92354,358900.0,792.0,50.0,29.0,40.0,39.6666666667
95661,379100.0,792.0,57.0,61.0,56.0,58.0
95112,570500.0,791.0,17.0,13.0,12.0,14.0
92860,467800.0,790.75,123.0,132.0,116.0,123.666666667
92123,466800.0,790.5,243.0,233.0,230.0,235.333333333
92058,386200.0,790.5,315.0,295.0,290.0,300.0
95125,955100.0,790.285714286,181.0,211.0,203.0,198.333333333
90807,515000.0,790.0,753.0,761.0,750.0,754.666666667
91942,414000.0,790.0,95.0,85.0,87.0,89.0
94598,826800.0,789.5,35.0,42.0,48.0,41.6666666667
92614,611100.0,789.333333333,58.0,72.0,63.0,64.3333333333
92124,545000.0,789.142857143,436.0,373.0,331.0,380.0
94583,778700.0,789.0,104.0,91.0,107.0,100.666666667
91360,602000.0,788.0,32.0,25.0,25.0,27.3333333333
91502,445800.0,788.0,41.0,43.0,49.0,44.3333333333
90045,815900.0,787.625,1888.0,1794.0,1687.0,1789.66666667
95391,487100.0,787.333333333,133.0,134.0,142.0,136.333333333
90240,485500.0,787.0,28.0,22.0,19.0,23.0
92107,766900.0,787.0,57.0,44.0,33.0,44.6666666667
92596,344700.0,787.0,82.0,89.0,93.0,88.0
91506,640600.0,786.666666667,104.0,81.0,101.0,95.3333333333
94546,581500.0,786.625,311.0,318.0,333.0,320.666666667
92122,589500.0,786.5,124.0,109.0,88.0,107.0
95050,762900.0,786.5,50.0,46.0,51.0,49.0
92804,446500.0,786.083333333,366.0,336.0,321.0,341.0
92629,776700.0,786.0,12.0,15.0,13.0,13.3333333333
92128,526900.0,785.666666667,128.0,115.0,126.0,123.0
95382,277100.0,785.666666667,70.0,68.0,83.0,73.6666666667
92373,419100.0,785.6,153.0,175.0,167.0,165.0
95337,324500.0,784.5,75.0,61.0,60.0,65.3333333333
95136,707200.0,784.4,163.0,159.0,166.0,162.666666667
90010,741000.0,784.0,14.0,14.0,20.0,16.0
91343,456200.0,783.571428571,179.0,161.0,183.0,174.333333333
95843,304600.0,783.4,613.0,607.0,557.0,592.333333333
90638,466100.0,783.333333333,74.0,71.0,67.0,70.6666666667
95377,414600.0,783.25,306.0,305.0,273.0,294.666666667
92119,487000.0,783.0,172.0,146.0,136.0,151.333333333
92832,431400.0,783.0,36.0,34.0,29.0,33.0
91411,571600.0,782.333333333,185.0,184.0,184.0,184.333333333
91761,357500.0,782.0,452.0,410.0,360.0,407.333333333
94619,533000.0,781.777777778,950.0,930.0,987.0,955.666666667
92139,341000.0,781.666666667,615.0,607.0,558.0,593.333333333
90504,579000.0,781.0,269.0,283.0,300.0,284.0
94510,510400.0,781.0,334.0,317.0,296.0,315.666666667
94901,878500.0,780.0,16.0,16.0,14.0,15.3333333333
92620,768300.0,780.0,43.0,53.0,66.0,54.0
95816,425100.0,779.5,138.0,168.0,153.0,153.0
92505,301400.0,779.4,207.0,226.0,197.0,210.0
95037,779500.0,779.333333333,64.0,60.0,54.0,59.3333333333
95023,404200.0,779.0,24.0,15.0,14.0,17.6666666667
94542,669000.0,779.0,102.0,98.0,90.0,96.6666666667
91792,435700.0,779.0,27.0,21.0,23.0,23.6666666667
91941,514100.0,778.9,762.0,705.0,712.0,726.333333333
95008,890500.0,778.5,95.0,116.0,119.0,110.0
91016,560300.0,778.428571429,340.0,332.0,327.0,333.0
94903,772700.0,778.333333333,55.0,57.0,46.0,52.6666666667
92707,380100.0,778.0,12.0,18.0,12.0,14.0
95118,782000.0,777.0,148.0,152.0,157.0,152.333333333
93001,494700.0,777.0,27.0,27.0,28.0,27.3333333333
91763,332800.0,776.8,140.0,146.0,129.0,138.333333333
92025,434900.0,776.75,100.0,90.0,81.0,90.3333333333
92313,295500.0,776.666666667,155.0,132.0,128.0,138.333333333
92503,292300.0,775.75,498.0,548.0,490.0,512.0
91723,436100.0,775.666666667,225.0,174.0,167.0,188.666666667
92582,234000.0,775.5,70.0,56.0,59.0,61.6666666667
92201,198700.0,775.0,95.0,88.0,91.0,91.3333333333
91340,345700.0,775.0,18.0,14.0,12.0,14.6666666667
92020,416600.0,774.25,317.0,308.0,307.0,310.666666667
91367,625800.0,774.2,540.0,514.0,547.0,533.666666667
90755,406800.0,773.0,219.0,203.0,199.0,207.0
91356,834400.0,772.75,199.0,203.0,208.0,203.333333333
92019,435900.0,772.555555556,348.0,338.0,336.0,340.666666667
90731,496200.0,772.3,538.0,521.0,527.0,528.666666667
93245,182200.0,772.25,314.0,286.0,273.0,291.0
93117,754600.0,772.0,34.0,27.0,20.0,27.0
91104,648700.0,772.0,269.0,274.0,254.0,265.666666667
95355,246900.0,771.818181818,391.0,354.0,356.0,367.0
94706,718100.0,771.333333333,174.0,107.0,112.0,131.0
90066,986400.0,771.285714286,579.0,557.0,575.0,570.333333333
91932,382600.0,771.25,111.0,99.0,97.0,102.333333333
92801,424600.0,771.142857143,197.0,191.0,198.0,195.333333333
90242,414700.0,770.833333333,188.0,197.0,198.0,194.333333333
91010,429800.0,770.4,174.0,164.0,131.0,156.333333333
92336,377900.0,770.1,1531.0,1458.0,1361.0,1450.0
93901,398700.0,770.0,64.0,56.0,44.0,54.6666666667
92626,641900.0,770.0,57.0,57.0,49.0,54.3333333333
94596,804600.0,770.0,35.0,28.0,32.0,31.6666666667
94513,452000.0,769.666666667,784.0,711.0,724.0,739.666666667
95757,378600.0,769.6,1287.0,1316.0,1329.0,1310.66666667
92374,291200.0,769.1,650.0,639.0,643.0,644.0
94945,692300.0,769.0,17.0,16.0,25.0,19.3333333333
95116,483700.0,769.0,16.0,21.0,18.0,18.3333333333
93551,302900.0,768.5,1192.0,1188.0,1035.0,1138.33333333
90802,278200.0,768.5,282.0,244.0,259.0,261.666666667
95901,161900.0,767.4,103.0,99.0,100.0,100.666666667
90501,545800.0,767.333333333,102.0,107.0,101.0,103.333333333
94132,854100.0,767.0,80.0,69.0,84.0,77.6666666667
92704,416700.0,767.0,23.0,23.0,15.0,20.3333333333
94043,909200.0,766.0,31.0,25.0,21.0,25.6666666667
92501,248200.0,765.333333333,94.0,92.0,82.0,89.3333333333
92337,302100.0,765.111111111,570.0,548.0,503.0,540.333333333
90260,430300.0,764.818181818,858.0,843.0,877.0,859.333333333
90621,467200.0,764.666666667,176.0,188.0,174.0,179.333333333
94553,460300.0,764.666666667,65.0,57.0,62.0,61.3333333333
90746,442000.0,764.25,1580.0,1482.0,1436.0,1499.33333333
92504,274700.0,763.666666667,447.0,403.0,344.0,398.0
95993,242300.0,763.666666667,61.0,58.0,63.0,60.6666666667
92057,382000.0,763.6,547.0,522.0,488.0,519.0
91406,453400.0,763.428571429,333.0,313.0,298.0,314.666666667
91752,405200.0,763.0,75.0,82.0,84.0,80.3333333333
94710,662800.0,763.0,28.0,32.0,30.0,30.0
92649,679100.0,763.0,25.0,24.0,17.0,22.0
92551,231400.0,762.25,1520.0,1512.0,1597.0,1543.0
95035,729500.0,762.2,177.0,169.0,137.0,161.0
95219,307600.0,762.2,281.0,297.0,276.0,284.666666667
91748,562900.0,762.0,33.0,30.0,24.0,29.0
92840,447800.0,762.0,22.0,17.0,29.0,22.6666666667
93906,321700.0,761.4,139.0,130.0,103.0,124.0
91401,629700.0,761.0,140.0,116.0,109.0,121.666666667
95123,683400.0,760.636363636,469.0,411.0,400.0,426.666666667
95961,169400.0,760.5,92.0,86.0,74.0,84.0
92507,280600.0,760.5,503.0,437.0,404.0,448.0
95829,301700.0,760.2,588.0,554.0,509.0,550.333333333
94585,286000.0,760.0,249.0,463.0,501.0,404.333333333
90241,488300.0,759.75,217.0,204.0,207.0,209.333333333
92570,240500.0,759.7,554.0,548.0,555.0,552.333333333
95148,723200.0,759.625,205.0,191.0,164.0,186.666666667
91945,348000.0,759.4,269.0,265.0,383.0,305.666666667
91978,414200.0,759.0,158.0,139.0,111.0,136.0
90029,659100.0,759.0,18.0,20.0,22.0,20.0
95472,653200.0,759.0,14.0,24.0,27.0,21.6666666667
91355,464500.0,758.75,198.0,207.0,186.0,197.0
91745,578900.0,758.5,36.0,30.0,35.0,33.6666666667
93274,147600.0,758.4,427.0,399.0,372.0,399.333333333
93311,266000.0,758.181818182,658.0,647.0,631.0,645.333333333
93458,253900.0,758.0,17.0,14.0,12.0,14.3333333333
93041,311800.0,758.0,24.0,23.0,18.0,21.6666666667
94703,729400.0,758.0,451.0,448.0,435.0,444.666666667
96007,174000.0,758.0,14.0,17.0,19.0,16.6666666667
95688,405900.0,757.833333333,263.0,236.0,236.0,245.0
93230,160900.0,757.785714286,408.0,404.0,408.0,406.666666667
91601,512400.0,757.6,185.0,154.0,154.0,164.333333333
95358,173400.0,757.0,50.0,49.0,45.0,48.0
95054,816100.0,756.5,83.0,75.0,73.0,77.0
95691,295400.0,755.6,263.0,253.0,247.0,254.333333333
92675,643900.0,755.5,98.0,105.0,122.0,108.333333333
92106,925700.0,755.285714286,291.0,281.0,308.0,293.333333333
90715,415400.0,755.25,272.0,264.0,271.0,269.0
95380,198100.0,755.0,17.0,21.0,24.0,20.6666666667
90806,422800.0,754.75,343.0,344.0,323.0,336.666666667
92509,285500.0,754.5,265.0,265.0,210.0,246.666666667
91303,394400.0,754.25,98.0,105.0,99.0,100.666666667
91335,422400.0,754.0,373.0,343.0,333.0,349.666666667
90502,371800.0,753.5,43.0,41.0,49.0,44.3333333333
92307,200400.0,753.428571429,539.0,479.0,494.0,504.0
91950,317600.0,753.0,42.0,48.0,50.0,46.6666666667
95655,301600.0,752.5,38.0,42.0,38.0,39.3333333333
93291,192700.0,752.428571429,133.0,123.0,119.0,125.0
94505,519100.0,752.0,24.0,21.0,16.0,20.3333333333
94538,644400.0,751.4,320.0,305.0,299.0,308.0
95819,424500.0,751.25,133.0,128.0,136.0,132.333333333
90744,372200.0,751.25,173.0,123.0,96.0,130.666666667
93536,259400.0,751.230769231,1807.0,1702.0,1715.0,1741.33333333
94949,769200.0,751.0,29.0,32.0,39.0,33.3333333333
92027,367900.0,751.0,168.0,158.0,155.0,160.333333333
93722,189900.0,750.583333333,1098.0,923.0,909.0,976.666666667
96002,209900.0,750.0,41.0,43.0,46.0,43.3333333333
95834,311500.0,750.0,567.0,468.0,454.0,496.333333333
93940,617500.0,750.0,68.0,65.0,70.0,67.6666666667
92555,296400.0,749.428571429,1208.0,1158.0,1170.0,1178.66666667
93422,425200.0,749.0,21.0,16.0,14.0,17.0
95758,293400.0,748.75,1005.0,990.0,951.0,982.0
92021,382400.0,748.142857143,311.0,329.0,332.0,324.0
93401,615200.0,748.0,17.0,21.0,20.0,19.3333333333
95831,356500.0,747.777777778,715.0,758.0,790.0,754.333333333
90250,467300.0,747.25,1811.0,1828.0,1810.0,1816.33333333
90723,321000.0,746.769230769,803.0,785.0,792.0,793.333333333
93436,254400.0,746.666666667,159.0,149.0,150.0,152.666666667
95662,330800.0,746.666666667,78.0,82.0,70.0,76.6666666667
92036,293500.0,746.0,59.0,65.0,80.0,68.0
91724,481800.0,746.0,101.0,99.0,98.0,99.3333333333
95368,242000.0,746.0,48.0,49.0,46.0,47.6666666667
90745,400900.0,746.0,1119.0,826.0,711.0,885.333333333
95304,481900.0,745.666666667,55.0,60.0,65.0,60.0
91107,764300.0,745.666666667,870.0,751.0,695.0,772.0
94709,772100.0,745.0,45.0,44.0,48.0,45.6666666667
91764,302100.0,745.0,192.0,198.0,183.0,191.0
92154,357500.0,744.9,256.0,227.0,213.0,232.0
92377,317300.0,744.833333333,1009.0,879.0,841.0,909.666666667
93003,493400.0,744.75,102.0,96.0,88.0,95.3333333333
93308,173800.0,744.666666667,69.0,61.0,47.0,59.0
92109,718700.0,744.666666667,200.0,158.0,119.0,159.0
90710,472800.0,744.5,568.0,522.0,560.0,550.0
92506,371000.0,744.5,594.0,564.0,490.0,549.333333333
91001,650900.0,744.375,494.0,466.0,466.0,475.333333333
90804,399100.0,744.2,670.0,657.0,710.0,679.0
92220,186500.0,744.0,262.0,257.0,244.0,254.333333333
95240,219500.0,744.0,22.0,26.0,24.0,24.0
93036,405300.0,743.714285714,207.0,179.0,156.0,180.666666667
91722,401500.0,743.666666667,110.0,105.0,88.0,101.0
93455,353800.0,743.0,22.0,24.0,17.0,21.0
94555,722200.0,743.0,80.0,68.0,55.0,67.6666666667
92627,665300.0,743.0,17.0,20.0,15.0,17.3333333333
95403,429600.0,743.0,19.0,17.0,15.0,17.0
92105,318500.0,741.461538462,673.0,623.0,650.0,648.666666667
95376,314800.0,741.352941176,694.0,681.0,704.0,693.0
95307,200600.0,740.666666667,71.0,64.0,60.0,65.0
95687,322200.0,740.222222222,558.0,545.0,495.0,532.666666667
93723,272600.0,740.0,78.0,65.0,63.0,68.6666666667
91977,359000.0,739.916666667,862.0,778.0,723.0,787.666666667
92102,363200.0,739.714285714,587.0,551.0,519.0,552.333333333
95336,257800.0,739.7,369.0,374.0,344.0,362.333333333
92802,447600.0,739.666666667,65.0,62.0,59.0,62.0
95624,329700.0,739.4375,1537.0,1470.0,1451.0,1486.0
94561,337400.0,739.0,459.0,518.0,560.0,512.333333333
92346,264600.0,738.769230769,657.0,634.0,591.0,627.333333333
95826,244300.0,738.5,445.0,444.0,399.0,429.333333333
90038,686200.0,738.0,53.0,53.0,45.0,50.3333333333
90028,653200.0,737.25,183.0,185.0,170.0,179.333333333
90810,349300.0,737.142857143,923.0,833.0,744.0,833.333333333
95991,189300.0,737.0,55.0,65.0,56.0,58.6666666667
93280,134500.0,736.666666667,63.0,58.0,63.0,61.3333333333
92407,234600.0,736.307692308,1091.0,1032.0,1060.0,1061.0
90713,484900.0,735.428571429,1277.0,1265.0,1179.0,1240.33333333
92335,255000.0,734.818181818,352.0,315.0,303.0,323.333333333
94501,727800.0,734.583333333,728.0,716.0,754.0,732.666666667
95621,275000.0,734.2,127.0,101.0,96.0,108.0
90292,821800.0,734.0,75.0,62.0,65.0,67.3333333333
95351,139200.0,734.0,108.0,108.0,118.0,111.333333333
95126,673800.0,734.0,104.0,98.0,97.0,99.6666666667
92557,260600.0,733.909090909,1528.0,1445.0,1276.0,1416.33333333
92571,227300.0,733.8,704.0,701.0,746.0,717.0
93033,352300.0,733.5,113.0,101.0,80.0,98.0
92101,486800.0,733.25,253.0,255.0,254.0,254.0
90716,324100.0,733.0,19.0,19.0,20.0,19.3333333333
94587,604100.0,732.875,495.0,442.0,419.0,452.0
95357,231700.0,732.666666667,111.0,101.0,84.0,98.6666666667
92114,342000.0,732.307692308,1555.0,1377.0,1293.0,1408.33333333
92324,212500.0,732.222222222,507.0,521.0,409.0,479.0
95386,180200.0,732.0,55.0,51.0,58.0,54.6666666667
93313,206900.0,731.777777778,526.0,489.0,500.0,505.0
95363,252000.0,731.5,263.0,275.0,272.0,270.0
95128,743300.0,731.5,85.0,87.0,75.0,82.3333333333
92026,412100.0,731.333333333,142.0,152.0,139.0,144.333333333
91766,326200.0,731.142857143,319.0,317.0,312.0,316.0
95667,279600.0,731.0,28.0,25.0,30.0,27.6666666667
95051,859000.0,731.0,180.0,176.0,167.0,174.333333333
93555,151700.0,730.6,149.0,152.0,147.0,149.333333333
92316,245900.0,730.4,219.0,192.0,184.0,198.333333333
92583,184500.0,730.285714286,377.0,387.0,381.0,381.666666667
91306,448200.0,730.25,99.0,105.0,104.0,102.666666667
94536,693800.0,730.090909091,432.0,429.0,436.0,432.333333333
95835,305200.0,730.0,1048.0,992.0,1025.0,1021.66666667
90303,404000.0,729.714285714,985.0,920.0,870.0,925.0
90016,431100.0,729.666666667,1428.0,1344.0,1171.0,1314.33333333
90301,321600.0,729.25,1363.0,1311.0,1322.0,1332.0
93711,291500.0,729.0,236.0,217.0,235.0,229.333333333
95648,379300.0,728.25,89.0,92.0,89.0,90.0
95131,706700.0,728.0,49.0,75.0,57.0,60.3333333333
92008,718500.0,728.0,62.0,71.0,50.0,61.0
92399,303100.0,728.0,30.0,27.0,20.0,25.6666666667
95060,757300.0,728.0,24.0,17.0,13.0,18.0
90247,390100.0,727.857142857,835.0,781.0,775.0,797.0
94580,447900.0,727.5,698.0,705.0,743.0,715.333333333
95350,193400.0,727.454545455,315.0,266.0,259.0,280.0
94608,477100.0,727.333333333,808.0,779.0,776.0,787.666666667
94579,469700.0,727.25,207.0,219.0,199.0,208.333333333
92117,513200.0,727.166666667,474.0,424.0,405.0,434.333333333
94085,732900.0,726.0,25.0,24.0,23.0,24.0
93030,420200.0,725.0,109.0,93.0,96.0,99.3333333333
94503,419400.0,725.0,115.0,149.0,180.0,148.0
94602,660100.0,724.75,520.0,460.0,406.0,462.0
93710,200200.0,724.75,286.0,268.0,229.0,261.0
92683,528200.0,724.0,22.0,21.0,22.0,21.6666666667
91405,431500.0,723.333333333,70.0,81.0,70.0,73.6666666667
95660,157400.0,722.9,494.0,547.0,543.0,528.0
95833,272900.0,722.833333333,455.0,431.0,384.0,423.333333333
94518,521800.0,722.6,147.0,139.0,133.0,139.666666667
93277,174600.0,722.5,158.0,150.0,152.0,153.333333333
94533,262000.0,722.133333333,1189.0,1509.0,1580.0,1426.0
94086,987800.0,722.0,11.0,14.0,17.0,14.0
92111,474300.0,722.0,414.0,369.0,319.0,367.333333333
91768,319900.0,721.8,114.0,116.0,103.0,111.0
90706,401700.0,721.75,646.0,600.0,602.0,616.0
95817,230400.0,721.6,200.0,210.0,215.0,208.333333333
90006,511800.0,721.5,37.0,31.0,24.0,30.6666666667
93420,573300.0,721.0,21.0,17.0,14.0,17.3333333333
94550,672600.0,720.75,111.0,82.0,75.0,89.3333333333
92376,251800.0,720.705882353,1405.0,1259.0,1154.0,1272.66666667
90805,345800.0,720.615384615,1990.0,1778.0,1758.0,1842.0
91342,404800.0,720.5,159.0,140.0,122.0,140.333333333
92308,176100.0,720.142857143,389.0,397.0,405.0,397.0
95926,255500.0,719.571428571,198.0,199.0,178.0,191.666666667
95062,677900.0,719.0,14.0,15.0,15.0,14.6666666667
91776,556900.0,718.0,49.0,58.0,67.0,58.0
91606,452000.0,718.0,39.0,38.0,31.0,36.0
92392,190900.0,717.571428571,1872.0,1946.0,1829.0,1882.33333333
90018,427700.0,717.545454545,1499.0,1472.0,1474.0,1481.66666667
92028,487100.0,717.0,38.0,32.0,26.0,32.0
91605,423200.0,717.0,41.0,39.0,44.0,41.3333333333
95492,483600.0,716.0,16.0,14.0,11.0,13.6666666667
92345,179000.0,715.954545455,989.0,1028.0,1034.0,1017.0
91762,325400.0,714.666666667,238.0,218.0,214.0,223.333333333
94560,581900.0,714.444444444,403.0,384.0,341.0,376.0
95501,216800.0,714.0,37.0,40.0,36.0,37.6666666667
90032,376600.0,713.666666667,54.0,89.0,92.0,78.3333333333
93955,375500.0,713.4,213.0,222.0,202.0,212.333333333
92545,211600.0,713.333333333,489.0,479.0,484.0,484.0
92277,93200.0,713.333333333,255.0,232.0,254.0,247.0
91103,581100.0,713.2,394.0,373.0,360.0,375.666666667
92115,397100.0,713.083333333,740.0,934.0,1112.0,928.666666667
90007,491200.0,712.923076923,1215.0,1011.0,954.0,1060.0
94803,429100.0,712.0,487.0,512.0,545.0,514.666666667
90305,398700.0,711.75,832.0,562.0,511.0,635.0
94547,457800.0,711.6,556.0,569.0,529.0,551.333333333
92311,93000.0,711.111111111,496.0,487.0,493.0,492.0
95670,235800.0,711.0,715.0,645.0,643.0,667.666666667
94521,499800.0,711.0,181.0,209.0,214.0,201.333333333
94610,867900.0,710.6,873.0,830.0,814.0,839.0
95132,746900.0,709.5,168.0,160.0,116.0,148.0
94403,960600.0,709.333333333,49.0,49.0,57.0,51.6666666667
93704,193800.0,708.8,808.0,848.0,792.0,816.0
92544,192300.0,708.333333333,211.0,216.0,237.0,221.333333333
92262,312700.0,708.25,253.0,259.0,239.0,250.333333333
93309,172800.0,707.769230769,959.0,969.0,986.0,971.333333333
95746,650400.0,707.0,12.0,23.0,20.0,18.3333333333
94601,320000.0,706.428571429,252.0,244.0,297.0,264.333333333
94044,714100.0,706.333333333,55.0,53.0,46.0,51.3333333333
90220,269200.0,706.1,1055.0,1137.0,1143.0,1111.66666667
90043,410600.0,706.071428571,2888.0,2722.0,2731.0,2780.33333333
91214,702100.0,706.0,43.0,29.0,43.0,38.3333333333
94122,980300.0,706.0,76.0,80.0,73.0,76.3333333333
94577,469000.0,705.75,904.0,915.0,861.0,893.333333333
94565,293900.0,705.6875,1744.0,1697.0,1484.0,1641.66666667
95210,162500.0,705.625,506.0,465.0,470.0,480.333333333
90221,287900.0,705.555555556,773.0,813.0,807.0,797.666666667
90024,986200.0,705.0,124.0,136.0,106.0,122.0
94605,401400.0,704.666666667,1138.0,1117.0,1072.0,1109.0
93933,415600.0,704.6,178.0,180.0,141.0,166.333333333
95620,333400.0,704.0,26.0,26.0,24.0,25.3333333333
93638,138300.0,704.0,76.0,103.0,88.0,89.0
94080,698500.0,703.75,81.0,111.0,75.0,89.0
95628,417000.0,703.5,166.0,175.0,198.0,179.666666667
94591,323100.0,703.0,1120.0,1252.0,1269.0,1213.66666667
92284,136300.0,702.5,86.0,90.0,95.0,90.3333333333
93726,148100.0,702.5,468.0,394.0,416.0,426.0
94530,675600.0,702.4,577.0,568.0,573.0,572.666666667
94545,455700.0,702.222222222,595.0,514.0,511.0,540.0
95822,194800.0,702.125,880.0,886.0,880.0,882.0
92071,396000.0,702.0,38.0,37.0,13.0,29.3333333333
95928,270100.0,702.0,36.0,31.0,29.0,32.0
95348,201300.0,702.0,219.0,201.0,194.0,204.666666667
95340,187400.0,700.9,281.0,271.0,269.0,273.666666667
95356,265900.0,700.0,39.0,57.0,63.0,53.0
92344,241700.0,700.0,137.0,154.0,148.0,146.333333333
94551,563900.0,700.0,16.0,16.0,17.0,16.3333333333
92243,159400.0,700.0,33.0,33.0,26.0,30.6666666667
90005,685100.0,699.8,319.0,288.0,278.0,295.0
92590,855000.0,699.0,105.0,106.0,112.0,107.666666667
95330,288700.0,699.0,224.0,230.0,241.0,231.666666667
94531,360800.0,698.6,1796.0,1985.0,1880.0,1887.0
95608,430500.0,698.5,572.0,573.0,582.0,575.666666667
90012,408700.0,698.0,179.0,160.0,150.0,163.0
94947,625300.0,698.0,64.0,81.0,70.0,71.6666666667
95827,224800.0,698.0,296.0,302.0,285.0,294.333333333
92394,177100.0,698.0,183.0,196.0,160.0,179.666666667
90222,257100.0,696.714285714,585.0,618.0,613.0,605.333333333
94578,437300.0,696.333333333,181.0,162.0,158.0,167.0
93637,176400.0,696.0,138.0,126.0,145.0,136.333333333
94801,236800.0,696.0,316.0,311.0,277.0,301.333333333
92252,101800.0,695.0,15.0,17.0,12.0,14.6666666667
91042,474400.0,695.0,34.0,35.0,39.0,36.0
91744,371600.0,695.0,37.0,26.0,31.0,31.3333333333
90813,321000.0,694.777777778,1320.0,1271.0,1195.0,1262.0
94103,886800.0,694.0,40.0,27.0,35.0,34.0
90062,371700.0,693.75,757.0,696.0,627.0,693.333333333
95354,164400.0,693.5,44.0,42.0,40.0,42.0
92408,195700.0,693.5,125.0,142.0,171.0,146.0
95828,203800.0,693.25,861.0,760.0,805.0,808.666666667
92805,418400.0,692.0,34.0,24.0,20.0,26.0
90262,304300.0,691.769230769,551.0,536.0,460.0,515.666666667
95838,199200.0,691.4,778.0,811.0,818.0,802.333333333
92395,171100.0,691.133333333,1302.0,1233.0,1251.0,1262.0
94806,293400.0,691.0,604.0,596.0,616.0,605.333333333
93304,127200.0,690.846153846,763.0,762.0,807.0,777.333333333
94609,667700.0,690.75,204.0,224.0,311.0,246.333333333
93307,130000.0,690.2,801.0,746.0,697.0,748.0
93306,159100.0,689.8,500.0,470.0,465.0,478.333333333
90650,375800.0,689.428571429,196.0,207.0,178.0,193.666666667
95209,244100.0,689.0,857.0,799.0,800.0,818.666666667
92404,197500.0,688.8125,1492.0,1486.0,1297.0,1425.0
94541,436400.0,688.777777778,704.0,658.0,655.0,672.333333333
94590,218200.0,688.6,452.0,567.0,524.0,514.333333333
95212,275800.0,688.428571429,594.0,594.0,570.0,586.0
95814,337500.0,688.0,17.0,13.0,17.0,15.6666666667
94589,236000.0,688.0,787.0,811.0,830.0,809.333333333
94603,255500.0,687.888888889,559.0,582.0,566.0,569.0
91331,357500.0,687.0,75.0,62.0,72.0,69.6666666667
92553,222100.0,686.25,1305.0,1276.0,1248.0,1276.33333333
94066,732000.0,686.0,18.0,13.0,12.0,14.3333333333
91352,396600.0,685.5,25.0,32.0,33.0,30.0
93065,485800.0,685.125,886.0,1018.0,926.0,943.333333333
93727,188400.0,684.5,574.0,562.0,547.0,561.0
90059,261500.0,682.846153846,1514.0,1634.0,1509.0,1552.33333333
92543,137100.0,682.0,226.0,240.0,227.0,231.0
92867,603300.0,682.0,14.0,16.0,22.0,17.3333333333
95006,413700.0,682.0,24.0,25.0,25.0,24.6666666667
92240,151000.0,681.571428571,388.0,343.0,309.0,346.666666667
95204,158400.0,681.285714286,368.0,365.0,347.0,360.0
90019,807000.0,680.5,582.0,569.0,524.0,558.333333333
93552,216300.0,680.4,1179.0,1094.0,1111.0,1128.0
95111,532700.0,678.75,89.0,95.0,92.0,92.0
92040,408900.0,677.5,34.0,26.0,26.0,28.6666666667
92806,501000.0,677.0,38.0,41.0,32.0,37.0
93543,180300.0,677.0,143.0,133.0,128.0,134.666666667
95122,499500.0,676.5,83.0,85.0,84.0,84.0
94544,443000.0,676.0,402.0,412.0,376.0,396.666666667
90248,404200.0,675.0,732.0,594.0,492.0,606.0
95610,241500.0,674.8,135.0,148.0,152.0,145.0
95818,445800.0,674.333333333,481.0,508.0,470.0,486.333333333
94928,414300.0,674.0,64.0,62.0,74.0,66.6666666667
93610,154700.0,674.0,16.0,18.0,21.0,18.3333333333
92113,303300.0,674.0,474.0,439.0,367.0,426.666666667
90008,548600.0,673.428571429,1273.0,1219.0,1200.0,1230.66666667
93705,133800.0,673.166666667,359.0,349.0,319.0,342.333333333
95207,179100.0,673.0,844.0,868.0,865.0,859.0
93728,130500.0,671.75,106.0,111.0,113.0,110.0
90037,348200.0,669.5,1170.0,1056.0,812.0,1012.66666667
93703,120400.0,669.375,305.0,301.0,265.0,290.333333333
94401,703600.0,669.0,26.0,21.0,15.0,20.6666666667
95203,142900.0,669.0,55.0,47.0,48.0,50.0
91767,331600.0,668.909090909,419.0,371.0,357.0,382.333333333
94621,231600.0,667.846153846,622.0,559.0,569.0,583.333333333
90061,289900.0,667.0,1182.0,1134.0,1012.0,1109.33333333
90003,279900.0,666.857142857,1578.0,1477.0,1463.0,1506.0
95695,263400.0,666.0,13.0,12.0,11.0,12.0
94525,377200.0,665.0,108.0,104.0,108.0,106.666666667
93706,101700.0,665.0,917.0,891.0,895.0,901.0
95966,159000.0,665.0,91.0,76.0,72.0,79.6666666667
94509,273500.0,664.6,957.0,1128.0,1108.0,1064.33333333
91106,554400.0,664.5,271.0,280.0,247.0,266.0
95206,174900.0,663.95,1597.0,1496.0,1442.0,1511.66666667
93560,159300.0,663.5,203.0,190.0,188.0,193.666666667
92405,173400.0,662.5,622.0,526.0,487.0,545.0
94564,405100.0,662.0,618.0,596.0,557.0,590.333333333
93301,162500.0,661.0,396.0,426.0,454.0,425.333333333
94606,393700.0,660.2,319.0,285.0,264.0,289.333333333
95832,170200.0,660.0,158.0,148.0,164.0,156.666666667
95824,144300.0,659.5,246.0,231.0,238.0,238.333333333
95605,173100.0,659.0,26.0,20.0,19.0,21.6666666667
93725,133900.0,658.0,164.0,165.0,125.0,151.333333333
93212,103900.0,657.5,54.0,43.0,45.0,47.3333333333
90044,300400.0,657.153846154,1764.0,1743.0,1654.0,1720.33333333
90026,652100.0,657.0,38.0,24.0,30.0,30.6666666667
94124,610100.0,655.571428571,581.0,532.0,525.0,546.0
95823,185300.0,655.235294118,1977.0,1928.0,1905.0,1936.66666667
90047,328200.0,654.6,2160.0,2067.0,1832.0,2019.66666667
93305,114600.0,654.0,132.0,138.0,142.0,137.333333333
90011,307400.0,653.647058824,817.0,667.0,623.0,702.333333333
94805,390700.0,652.666666667,331.0,342.0,299.0,324.0
94612,442700.0,651.0,589.0,507.0,514.0,536.666666667
95127,548200.0,650.5,46.0,41.0,49.0,45.3333333333
94572,380500.0,650.0,92.0,101.0,92.0,95.0
91402,356400.0,647.0,66.0,49.0,43.0,52.6666666667
92868,438600.0,644.0,16.0,12.0,14.0,14.0
90042,513700.0,643.5,43.0,25.0,32.0,33.3333333333
92121,515300.0,643.5,145.0,132.0,128.0,135.0
93535,172700.0,643.285714286,2513.0,2372.0,2403.0,2429.33333333
93534,153200.0,642.857142857,821.0,672.0,627.0,706.666666667
90001,267100.0,639.5,461.0,466.0,574.0,500.333333333
93701,94600.0,637.333333333,137.0,109.0,108.0,118.0
94112,736900.0,635.888888889,385.0,355.0,312.0,350.666666667
94015,701000.0,635.0,39.0,43.0,53.0,45.0
94607,409500.0,632.833333333,704.0,680.0,733.0,705.666666667
94520,339000.0,629.0,137.0,117.0,98.0,117.333333333
93550,180500.0,628.214285714,1370.0,1267.0,1223.0,1286.66666667
90280,332800.0,627.0,15.0,17.0,20.0,17.3333333333
94089,748000.0,627.0,11.0,21.0,17.0,16.3333333333
95422,102200.0,626.0,26.0,21.0,13.0,20.0
94804,299900.0,621.111111111,786.0,781.0,724.0,763.666666667
90056,906900.0,616.0,135.0,203.0,146.0,161.333333333
94704,790100.0,613.0,567.0,544.0,490.0,533.666666667
95215,121900.0,612.5,150.0,140.0,128.0,139.333333333
95133,609700.0,612.5,94.0,77.0,69.0,80.0
90063,318500.0,611.0,153.0,153.0,142.0,149.333333333
92225,122000.0,606.5,153.0,146.0,138.0,145.666666667
90002,254500.0,604.8,1055.0,902.0,837.0,931.333333333
94116,930600.0,602.0,138.0,139.0,138.0,138.333333333
93505,85800.0,601.25,269.0,320.0,345.0,311.333333333
94014,598200.0,601.0,82.0,74.0,65.0,73.6666666667
93702,88400.0,597.25,129.0,146.0,126.0,133.666666667
94102,783000.0,596.0,23.0,30.0,34.0,29.0
95205,106800.0,595.333333333,311.0,294.0,300.0,301.666666667
90017,497200.0,579.333333333,63.0,53.0,51.0,55.6666666667
94134,677100.0,576.0,367.0,373.0,362.0,367.333333333
93501,75300.0,528.0,69.0,73.0,83.0,75.0
95242,306700.0,519.0,14.0,14.0,12.0,13.3333333333
94109,933300.0,509.0,66.0,67.0,65.0,66.0
