Zip,zindex,aa_avg_w,aa_num11,aa_num12,aa_num13,aa_num_avg,,zindex rank,avg_w rank,,,,
90001,267100,639.5,461,466,574,500.3333333,,155,35,,,,
90002,254500,604.8,1055,902,837,931.3333333,,137,14,,pearson's correl,,0.205933308
90003,279900,666.8571429,1578,1477,1463,1506,,171,73,,spearman's correl,,0.340154109
90004,1094300,792.2,156,147,147,150,,740,545,,rho,,0
90005,685100,699.8,319,288,278,295,,612,156,,n,,796
90006,511800,721.5,37,31,24,30.66666667,,468,237,,df,,794
90007,491200,712.9230769,1215,1011,954,1060,,452,208,,sr,,0.033372472
90008,548600,673.4285714,1273,1219,1200,1230.666667,,502,84,,t,,10.19265545
90010,741000,784,14,14,20,16,,648,510,,alpha,,0.05
90011,307400,653.6470588,817,667,623,702.3333333,,204,47,,t-crit,,1.962956214
90012,408700,698,179,160,150,163,,332,149,,p-value,,5.19104E-23
90016,431100,729.6666667,1428,1344,1171,1314.333333,,373,269,,,,
90017,497200,579.3333333,63,53,51,55.66666667,,457,5,,,,
90018,427700,717.5454545,1499,1472,1474,1481.666667,,367,222,,,,
90019,807000,680.5,582,569,524,558.3333333,,681,99,,,,
90024,986200,705,124,136,106,122,,723,182,,,,
90025,751100,795.75,368,359,395,374,,652,562,,,,
90026,652100,657,38,24,30,30.66666667,,579,52,,,,
90027,1163200,727,48,43,36,42.33333333,,746,255,,,,
90028,653200,737.25,183,185,170,179.3333333,,581.5,307,,,,
90029,659100,759,18,20,22,20,,587,402.5,,,,
90032,376600,713.6666667,54,89,92,78.33333333,,281,214,,,,
90033,340200,829,25,31,26,27.33333333,,242,675.5,,,,
90034,847800,805,1228,1190,1152,1190,,694,603,,,,
90035,1059500,839,367,346,382,365,,737,710,,,,
90036,1300000,802,97,82,87,88.66666667,,765,591,,,,
90037,348200,669.5,1170,1056,812,1012.666667,,250,80,,,,
90038,686200,738,53,53,45,50.33333333,,613,308,,,,
90039,705900,861,14,11,13,12.66666667,,625,762,,,,
90041,652000,854.6666667,82,71,68,73.66666667,,578,749,,,,
90042,513700,643.5,43,25,32,33.33333333,,471,38.5,,,,
90043,410600,706.0714286,2888,2722,2731,2780.333333,,335,189,,,,
90044,300400,657.1538462,1764,1743,1654,1720.333333,,191,53,,,,
90045,815900,787.625,1888,1794,1687,1789.666667,,683,527,,,,
90046,1121600,822.8333333,390,371,383,381.3333333,,742,661,,,,
90047,328200,654.6,2160,2067,1832,2019.666667,,232,49,,,,
90048,1203500,782.5,183,169,134,162,,753,500,,,,
90049,2300200,849,589,592,581,587.3333333,,790,737,,,,
90056,906900,616,135,203,146,161.3333333,,705,20,,,,
90059,261500,682.8461538,1514,1634,1509,1552.333333,,148,105,,,,
90061,289900,667,1182,1134,1012,1109.333333,,178,74,,,,
90062,371700,693.75,757,696,627,693.3333333,,273,136,,,,
90063,318500,611,153,153,142,149.3333333,,213.5,16,,,,
90064,1083800,767,245,239,195,226.3333333,,738,438,,,,
90065,599100,827,33,32,33,32.66666667,,538,670,,,,
90066,986400,771.2857143,579,557,575,570.3333333,,724,458,,,,
90069,737800,892,24,22,25,23.66666667,,646,790,,,,
90210,4140800,797,23,19,13,18.33333333,,796,569,,,,
90211,1635800,793,21,19,16,18.66666667,,782,552,,,,
90212,1859400,805,98,97,88,94.33333333,,785,603,,,,
90220,269200,706.1,1055,1137,1143,1111.666667,,157,190,,,,
90221,287900,705.5555556,773,813,807,797.6666667,,176,183,,,,
90222,257100,696.7142857,585,618,613,605.3333333,,142,145,,,,
90230,639800,862.8571429,937,890,843,890,,565,765,,,,
90232,913100,849.5,45,52,61,52.66666667,,707,738,,,,
90240,485500,787,28,22,19,23,,443,524,,,,
90241,488300,759.75,217,204,207,209.3333333,,450,409,,,,
90242,414700,770.8333333,188,197,198,194.3333333,,343,455,,,,
90245,846600,858.3333333,75,85,103,87.66666667,,693,760,,,,
90247,390100,727.8571429,835,781,775,797,,297,261,,,,
90248,404200,675,732,594,492,606,,319.5,90,,,,
90249,415200,837.3333333,342,362,328,344,,345,706,,,,
90250,467300,747.25,1811,1828,1810,1816.333333,,423,352,,,,
90260,430300,764.8181818,858,843,877,859.3333333,,371,433,,,,
90262,304300,691.7692308,551,536,460,515.6666667,,200,130,,,,
90265,2423500,759,18,17,11,15.33333333,,792,402.5,,,,
90266,1856800,852.5,129,111,107,115.6666667,,784,746,,,,
90272,2342000,783.5,389,333,330,350.6666667,,791,507.5,,,,
90274,1632700,870.25,115,127,130,124,,781,775,,,,
90275,1158900,873.75,277,285,270,277.3333333,,745,781,,,,
90277,918300,812,184,197,230,203.6666667,,708,636.5,,,,
90278,781000,898,97,86,86,89.66666667,,670,791,,,,
90280,332800,627,15,17,20,17.33333333,,236.5,25.5,,,,
90291,1373800,839.6666667,85,88,87,86.66666667,,770,712,,,,
90292,821800,734,75,62,65,67.33333333,,686,297,,,,
90293,541700,842,165,138,140,147.6666667,,496,721,,,,
90301,321600,729.25,1363,1311,1322,1332,,220,268,,,,
90302,319500,803.6666667,1215,1298,1411,1308,,215,598.5,,,,
90303,404000,729.7142857,985,920,870,925,,318,270,,,,
90305,398700,711.75,832,562,511,635,,305.5,206,,,,
90402,3064100,947,22,18,15,18.33333333,,795,796,,,,
90403,958100,828,69,66,66,67,,718,672,,,,
90404,726000,835,23,27,35,28.33333333,,636,698,,,,
90405,1171700,758.4,363,360,358,360.3333333,,748,397.5,,,,
90501,545800,767.3333333,102,107,101,103.3333333,,499,440,,,,
90502,371800,753.5,43,41,49,44.33333333,,274,375,,,,
90503,738500,806.6,158,168,163,163,,647,611,,,,
90504,579000,781,269,283,300,284,,524,494,,,,
90505,812100,847.5,50,56,58,54.66666667,,682,732,,,,
90601,432600,823,15,15,13,14.33333333,,376,662.5,,,,
90604,443500,792.5,29,31,34,31.33333333,,390,548,,,,
90605,408100,857,22,20,22,21.33333333,,330,753.5,,,,
90620,455700,794.5,132,116,122,123.3333333,,407.5,559,,,,
90621,467200,764.6666667,176,188,174,179.3333333,,422,431.5,,,,
90623,629200,811,159,164,133,152,,560,631.5,,,,
90630,539800,852.2,214,206,173,197.6666667,,494,744,,,,
90631,469300,803.5,48,39,39,42,,428,596.5,,,,
90638,466100,783.3333333,74,71,67,70.66666667,,419,505,,,,
90650,375800,689.4285714,196,207,178,193.6666667,,280,121,,,,
90670,403500,794,46,37,31,38,,317,556.5,,,,
90701,443400,813,149,141,155,148.3333333,,389,638,,,,
90703,634800,838.25,976,998,932,968.6666667,,564,709,,,,
90706,401700,721.75,646,600,602,616,,315,239,,,,
90710,472800,744.5,568,522,560,550,,432,333.5,,,,
90712,468900,801.4285714,804,759,729,764,,426,587,,,,
90713,484900,735.4285714,1277,1265,1179,1240.333333,,442,302,,,,
90715,415400,755.25,272,264,271,269,,346,381,,,,
90716,324100,733,19,19,20,19.33333333,,226,291,,,,
90717,570100,797.3333333,405,368,339,370.6666667,,512,571,,,,
90720,797000,872,189,174,183,182,,678,778,,,,
90723,321000,746.7692308,803,785,792,793.3333333,,218.5,351,,,,
90731,496200,772.3,538,521,527,528.6666667,,455,464,,,,
90732,552500,864.6666667,110,93,92,98.33333333,,504,766,,,,
90744,372200,751.25,173,123,96,130.6666667,,276,367.5,,,,
90745,400900,746,1119,826,711,885.3333333,,310,346.5,,,,
90746,442000,764.25,1580,1482,1436,1499.333333,,386,430,,,,
90755,406800,773,219,203,199,207,,327,467,,,,
90802,278200,768.5,282,244,259,261.6666667,,168,442.5,,,,
90803,791800,799,197,196,176,189.6666667,,676,577.5,,,,
90804,399100,744.2,670,657,710,679,,308,331,,,,
90805,345800,720.6153846,1990,1778,1758,1842,,248,232,,,,
90806,422800,754.75,343,344,323,336.6666667,,357,379,,,,
90807,515000,790,753,761,750,754.6666667,,473,535.5,,,,
90808,567700,800.625,616,578,580,591.3333333,,510,583,,,,
90810,349300,737.1428571,923,833,744,833.3333333,,252,306,,,,
90813,321000,694.7777778,1320,1271,1195,1262,,218.5,138,,,,
90814,642700,805,66,76,81,74.33333333,,569,603,,,,
90815,572700,807.125,843,823,793,819.6666667,,515.5,614,,,,
91001,650900,744.375,494,466,466,475.3333333,,577,332,,,,
91007,1126100,844.5,43,65,65,57.66666667,,743,725,,,,
91010,429800,770.4,174,164,131,156.3333333,,370,453,,,,
91016,560300,778.4285714,340,332,327,333,,507,482,,,,
91024,828200,856,54,46,47,49,,689,751.5,,,,
91030,851900,833,66,70,70,68.66666667,,695,689.5,,,,
91040,462100,808.5,51,62,51,54.66666667,,416,619.5,,,,
91042,474400,695,34,35,39,36,,434,140,,,,
91101,452600,796,172,168,150,163.3333333,,404,564.5,,,,
91103,581100,713.2,394,373,360,375.6666667,,525,210,,,,
91104,648700,772,269,274,254,265.6666667,,574,461.5,,,,
91105,1021400,732,28,23,21,24,,731,284.5,,,,
91106,554400,664.5,271,280,247,266,,505,67,,,,
91107,764300,745.6666667,870,751,695,772,,657,343.5,,,,
91202,655700,806.5,45,48,43,45.33333333,,583,610,,,,
91205,508400,795,35,34,31,33.33333333,,465,560,,,,
91206,657400,847,37,36,36,36.33333333,,585,731,,,,
91214,702100,706,43,29,43,38.33333333,,622,187.5,,,,
91301,753500,848.5,37,31,41,36.33333333,,653,736,,,,
91302,1308000,827.3333333,80,93,81,84.66666667,,766,671,,,,
91303,394400,754.25,98,105,99,100.6666667,,301,377,,,,
91304,528800,803.4,175,145,149,156.3333333,,484,595,,,,
91306,448200,730.25,99,105,104,102.6666667,,401,273,,,,
91307,572700,881.5,76,52,59,62.33333333,,515.5,786,,,,
91311,532200,810.1666667,363,352,301,338.6666667,,487,624,,,,
91316,534800,870.3333333,77,68,72,72.33333333,,492,776,,,,
91320,614200,846,72,69,59,66.66666667,,552,728,,,,
91321,407200,810.6,262,247,224,244.3333333,,328,628,,,,
91324,508200,846.5,208,191,199,199.3333333,,464,730,,,,
91325,586700,837.8571429,237,221,222,226.6666667,,530,707,,,,
91326,676100,884.3333333,92,75,74,80.33333333,,601,789,,,,
91331,357500,687,75,62,72,69.66666667,,260,112,,,,
91335,422400,754,373,343,333,349.6666667,,356,376,,,,
91340,345700,775,18,14,12,14.66666667,,247,470.5,,,,
91342,404800,720.5,159,140,122,140.3333333,,321,231,,,,
91343,456200,783.5714286,179,161,183,174.3333333,,409,509,,,,
91344,523800,810.25,607,533,516,552,,480,625.5,,,,
91345,419000,868,16,19,13,16,,352,769.5,,,,
91350,456400,852.3333333,69,79,76,74.66666667,,410,745,,,,
91351,399000,793,280,283,296,286.3333333,,307,552,,,,
91352,396600,685.5,25,32,33,30,,303,109,,,,
91354,496900,858,124,118,115,119,,456,757.5,,,,
91355,464500,758.75,198,207,186,197,,418,400,,,,
91356,834400,772.75,199,203,208,203.3333333,,690,466,,,,
91360,602000,788,32,25,25,27.33333333,,539,529.5,,,,
91362,719600,811,79,76,85,80,,632,631.5,,,,
91364,766500,805.2,402,337,313,350.6666667,,659,605,,,,
91367,625800,774.2,540,514,547,533.6666667,,558,468,,,,
91377,692300,826.5,30,33,40,34.33333333,,616.5,668,,,,
91384,468800,814,68,63,55,62,,425,640,,,,
91387,446100,829,172,162,156,163.3333333,,395,675.5,,,,
91401,629700,761,140,116,109,121.6666667,,561,415,,,,
91402,356400,647,66,49,43,52.66666667,,256,41,,,,
91403,842500,834,91,78,81,83.33333333,,691,692.5,,,,
91405,431500,723.3333333,70,81,70,73.66666667,,375,248,,,,
91406,453400,763.4285714,333,313,298,314.6666667,,405,426,,,,
91411,571600,782.3333333,185,184,184,184.3333333,,514,499,,,,
91423,821000,831.6666667,292,291,271,284.6666667,,685,685,,,,
91436,1336400,846,21,17,20,19.33333333,,769,728,,,,
91501,650500,846,14,16,20,16.66666667,,576,728,,,,
91502,445800,788,41,43,49,44.33333333,,392.5,529.5,,,,
91504,646700,837,21,17,31,23,,572,704.5,,,,
91505,615100,819.5,32,40,45,39,,553,653.5,,,,
91506,640600,786.6666667,104,81,101,95.33333333,,566,522,,,,
91601,512400,757.6,185,154,154,164.3333333,,469,388,,,,
91602,680600,825.5,168,166,178,170.6666667,,607,667,,,,
91604,1017400,882,27,19,24,23.33333333,,730,787.5,,,,
91605,423200,717,41,39,44,41.33333333,,358.5,220.5,,,,
91606,452000,718,39,38,31,36,,402.5,225.5,,,,
91607,702200,877,56,49,55,53.33333333,,623,783.5,,,,
91701,470000,814.9,728,697,681,702,,430,641,,,,
91708,423500,858,36,38,41,38.33333333,,360,757.5,,,,
91709,584100,851.3,457,431,392,426.6666667,,528,741,,,,
91710,408200,797.8333333,184,157,176,172.3333333,,331,572,,,,
91711,597300,795.3333333,307,277,269,284.3333333,,535,561,,,,
91722,401500,743.6666667,110,105,88,101,,314,326,,,,
91723,436100,775.6666667,225,174,167,188.6666667,,382,473,,,,
91724,481800,746,101,99,98,99.33333333,,438,346.5,,,,
91730,364200,798.6,557,587,562,568.6666667,,267,576,,,,
91737,544700,823.4,468,449,401,439.3333333,,497,665,,,,
91739,547600,857.1111111,975,971,988,978,,500,755,,,,
91741,586600,802,46,55,54,51.66666667,,529,591,,,,
91744,371600,695,37,26,31,31.33333333,,272,140,,,,
91745,578900,758.5,36,30,35,33.66666667,,523,399,,,,
91748,562900,762,33,30,24,29,,508,418.5,,,,
91750,540200,835,62,65,59,62,,495,698,,,,
91752,405200,763,75,82,84,80.33333333,,323.5,424,,,,
91761,357500,782,452,410,360,407.3333333,,260,498,,,,
91762,325400,714.6666667,238,218,214,223.3333333,,229,217,,,,
91763,332800,776.8,140,146,129,138.3333333,,236.5,477,,,,
91764,302100,745,192,198,183,191,,195.5,341.5,,,,
91765,624600,822,298,276,288,287.3333333,,556,660,,,,
91766,326200,731.1428571,319,317,312,316,,230,279,,,,
91767,331600,668.9090909,419,371,357,382.3333333,,235,76,,,,
91768,319900,721.8,114,116,103,111,,216,240,,,,
91773,518300,802.25,122,121,114,119,,477,593,,,,
91776,556900,718,49,58,67,58,,506,225.5,,,,
91784,586900,871.3333333,91,93,87,90.33333333,,531,777,,,,
91786,402400,801.125,509,470,495,491.3333333,,316,585,,,,
91789,699700,825,170,152,143,155,,620,666,,,,
91790,446000,820.5,116,120,117,117.6666667,,394,656,,,,
91791,517900,821.5,144,137,125,135.3333333,,476,659,,,,
91792,435700,779,27,21,23,23.66666667,,379,486,,,,
91801,539300,833.5,43,31,32,35.33333333,,493,691,,,,
91902,529400,836,27,26,42,31.66666667,,485,702.5,,,,
91910,400100,810.25,297,258,244,266.3333333,,309,625.5,,,,
91911,372300,797.8571429,210,179,143,177.3333333,,277,573,,,,
91913,457300,839.7,499,475,478,484,,411,713,,,,
91914,609900,867.25,164,147,145,152,,545,768,,,,
91915,453700,830,192,180,192,188,,406,678.5,,,,
91932,382600,771.25,111,99,97,102.3333333,,293,457,,,,
91941,514100,778.9,762,705,712,726.3333333,,472,484,,,,
91942,414000,790,95,85,87,89,,339,535.5,,,,
91945,348000,759.4,269,265,383,305.6666667,,249,406,,,,
91950,317600,753,42,48,50,46.66666667,,212,373,,,,
91977,359000,739.9166667,862,778,723,787.6666667,,263,316,,,,
91978,414200,759,158,139,111,136,,340,402.5,,,,
92008,718500,728,62,71,50,61,,630,263.5,,,,
92009,736500,841.5,46,43,38,42.33333333,,644,719.5,,,,
92011,767800,833,26,21,28,25,,661,689.5,,,,
92019,435900,772.5555556,348,338,336,340.6666667,,381,465,,,,
92020,416600,774.25,317,308,307,310.6666667,,348,469,,,,
92021,382400,748.1428571,311,329,332,324,,292,356,,,,
92025,434900,776.75,100,90,81,90.33333333,,378,476,,,,
92026,412100,731.3333333,142,152,139,144.3333333,,336,280,,,,
92027,367900,751,168,158,155,160.3333333,,270,364.5,,,,
92028,487100,717,38,32,26,32,,447.5,220.5,,,,
92029,630500,831,11,15,12,12.66666667,,562,683.5,,,,
92036,293500,746,59,65,80,68,,185,346.5,,,,
92037,1282800,783.5,61,48,44,51,,763,507.5,,,,
92040,408900,677.5,34,26,26,28.66666667,,333,96,,,,
92056,412800,803.6666667,69,76,85,76.66666667,,337,598.5,,,,
92057,382000,763.6,547,522,488,519,,291,427,,,,
92058,386200,790.5,315,295,290,300,,294,538.5,,,,
92064,606400,844,120,125,118,121,,542,724,,,,
92065,433000,808,12,13,14,13,,377,617,,,,
92069,435800,873.2,178,162,164,168,,380,779,,,,
92071,396000,702,38,37,13,29.33333333,,302,165.5,,,,
92078,502000,873.25,133,133,136,134,,461,780,,,,
92081,466600,818.5,97,94,82,91,,420,650,,,,
92083,366800,835.3333333,59,64,59,60.66666667,,269,701,,,,
92084,447300,792,112,110,96,106,,397,543,,,,
92101,486800,733.25,253,255,254,254,,445,292,,,,
92102,363200,739.7142857,587,551,519,552.3333333,,265,315,,,,
92103,611200,848,161,141,174,158.6666667,,549,734,,,,
92104,478800,834.6666667,80,71,59,70,,436.5,695,,,,
92105,318500,741.4615385,673,623,650,648.6666667,,213.5,321,,,,
92106,925700,755.2857143,291,281,308,293.3333333,,711,382,,,,
92107,766900,787,57,44,33,44.66666667,,660,524,,,,
92109,718700,744.6666667,200,158,119,159,,631,335.5,,,,
92110,503000,817,123,134,133,130,,462,647,,,,
92111,474300,722,414,369,319,367.3333333,,433,241.5,,,,
92113,303300,674,474,439,367,426.6666667,,199,86,,,,
92114,342000,732.3076923,1555,1377,1293,1408.333333,,244,287,,,,
92115,397100,713.0833333,740,934,1112,928.6666667,,304,209,,,,
92116,461600,795.8,151,160,133,148,,415,563,,,,
92117,513200,727.1666667,474,424,405,434.3333333,,470,256,,,,
92118,1424100,879.5,38,36,33,35.66666667,,775,785,,,,
92119,487000,783,172,146,136,151.3333333,,446,502,,,,
92120,506600,799.75,294,267,252,271,,463,580,,,,
92121,515300,643.5,145,132,128,135,,474,38.5,,,,
92122,589500,786.5,124,109,88,107,,532,519.5,,,,
92123,466800,790.5,243,233,230,235.3333333,,421,538.5,,,,
92124,545000,789.1428571,436,373,331,380,,498,532,,,,
92126,461200,817.6666667,443,386,357,395.3333333,,414,648,,,,
92127,683300,830.6,150,127,106,127.6666667,,610,681,,,,
92128,526900,785.6666667,128,115,126,123,,482,514.5,,,,
92129,652300,823.1428571,236,221,213,223.3333333,,580,664,,,,
92130,896100,841.5,51,45,45,47,,703,719.5,,,,
92131,671500,801.6666667,179,148,132,153,,595,589,,,,
92139,341000,781.6666667,615,607,558,593.3333333,,243,496,,,,
92154,357500,744.9,256,227,213,232,,260,340,,,,
92201,198700,775,95,88,91,91.33333333,,88,470.5,,,,
92211,325000,809,12,14,13,13,,228,622,,,,
92220,186500,744,262,257,244,254.3333333,,73,329,,,,
92223,259100,792.5555556,365,371,355,363.6666667,,144,549,,,,
92225,122000,606.5,153,146,138,145.6666667,,16,15,,,,
92234,231100,799,130,130,121,127,,111,577.5,,,,
92236,174100,851,53,57,65,58.33333333,,58,740,,,,
92240,151000,681.5714286,388,343,309,346.6666667,,31,101,,,,
92243,159400,700,33,33,26,30.66666667,,40,159,,,,
92251,188600,808.5,39,36,33,36,,76,619.5,,,,
92252,101800,695,15,17,12,14.66666667,,8,140,,,,
92253,386400,798,93,101,107,100.3333333,,295,574.5,,,,
92260,321800,818.5,66,63,44,57.66666667,,222,650,,,,
92262,312700,708.25,253,259,239,250.3333333,,209,195,,,,
92264,277100,839.5,75,66,60,67,,166.5,711,,,,
92277,93200,713.3333333,255,232,254,247,,5,211.5,,,,
92284,136300,702.5,86,90,95,90.33333333,,23,171.5,,,,
92307,200400,753.4285714,539,479,494,504,,91,374,,,,
92308,176100,720.1428571,389,397,405,397,,61,230,,,,
92311,93000,711.1111111,496,487,493,492,,4,204,,,,
92313,295500,776.6666667,155,132,128,138.3333333,,188,475,,,,
92316,245900,730.4,219,192,184,198.3333333,,129,275,,,,
92324,212500,732.2222222,507,521,409,479,,99,286,,,,
92335,255000,734.8181818,352,315,303,323.3333333,,139,301,,,,
92336,377900,770.1,1531,1458,1361,1450,,285,452,,,,
92337,302100,765.1111111,570,548,503,540.3333333,,195.5,434,,,,
92344,241700,700,137,154,148,146.3333333,,124,159,,,,
92345,179000,715.9545455,989,1028,1034,1017,,64,218,,,,
92346,264600,738.7692308,657,634,591,627.3333333,,152,310,,,,
92354,358900,792,50,29,40,39.66666667,,262,543,,,,
92371,214900,794,77,81,104,87.33333333,,100,556.5,,,,
92373,419100,785.6,153,175,167,165,,353,513,,,,
92374,291200,769.1,650,639,643,644,,179,446,,,,
92376,251800,720.7058824,1405,1259,1154,1272.666667,,132,233,,,,
92377,317300,744.8333333,1009,879,841,909.6666667,,211,339,,,,
92392,190900,717.5714286,1872,1946,1829,1882.333333,,79,223,,,,
92394,177100,698,183,196,160,179.6666667,,63,149,,,,
92395,171100,691.1333333,1302,1233,1251,1262,,49,128,,,,
92399,303100,728,30,27,20,25.66666667,,198,263.5,,,,
92404,197500,688.8125,1492,1486,1297,1425,,86,119,,,,
92405,173400,662.5,622,526,487,545,,53.5,62,,,,
92407,234600,736.3076923,1091,1032,1060,1061,,118,303,,,,
92408,195700,693.5,125,142,171,146,,85,134.5,,,,
92501,248200,765.3333333,94,92,82,89.33333333,,131,435,,,,
92503,292300,775.75,498,548,490,512,,182,474,,,,
92504,274700,763.6666667,447,403,344,398,,162,428.5,,,,
92505,301400,779.4,207,226,197,210,,192,489,,,,
92506,371000,744.5,594,564,490,549.3333333,,271,333.5,,,,
92507,280600,760.5,503,437,404,448,,173,412.5,,,,
92508,401300,835,570,556,549,558.3333333,,312,698,,,,
92509,285500,754.5,265,265,210,246.6666667,,174,378,,,,
92530,254000,806.875,277,303,239,273,,135,612,,,,
92532,323300,828.2,234,261,219,238,,225,673,,,,
92543,137100,682,226,240,227,231,,24,103,,,,
92544,192300,708.3333333,211,216,237,221.3333333,,80,196,,,,
92545,211600,713.3333333,489,479,484,484,,97,211.5,,,,
92551,231400,762.25,1520,1512,1597,1543,,112,422,,,,
92553,222100,686.25,1305,1276,1248,1276.333333,,106,111,,,,
92555,296400,749.4285714,1208,1158,1170,1178.666667,,189,359,,,,
92557,260600,733.9090909,1528,1445,1276,1416.333333,,147,295,,,,
92562,366100,796.3333333,417,432,445,431.3333333,,268,566,,,,
92563,357400,829.6666667,635,618,610,621,,258,677,,,,
92567,262800,854,22,20,21,21,,150,748,,,,
92570,240500,759.7,554,548,555,552.3333333,,122,408,,,,
92571,227300,733.8,704,701,746,717,,108.5,294,,,,
92582,234000,775.5,70,56,59,61.66666667,,116,472,,,,
92583,184500,730.2857143,377,387,381,381.6666667,,71,274,,,,
92584,309800,819.125,402,415,355,390.6666667,,206,652,,,,
92585,280300,799.3333333,229,218,208,218.3333333,,172,579,,,,
92586,182700,805.5,109,96,67,90.66666667,,70,606,,,,
92590,855000,699,105,106,112,107.6666667,,697,154.5,,,,
92591,377800,799.8571429,286,256,251,264.3333333,,284,581,,,,
92592,401200,832.125,347,348,350,348.3333333,,311,686.5,,,,
92595,327000,842.8,198,208,176,194,,231,723,,,,
92596,344700,787,82,89,93,88,,246,524,,,,
92602,790000,792.3333333,73,75,72,73.33333333,,674,546.5,,,,
92604,682000,806.4,133,120,113,122,,608,609,,,,
92606,691400,870,18,17,12,15.66666667,,615,773.5,,,,
92612,659300,818.5,52,56,53,53.66666667,,588,650,,,,
92614,611100,789.3333333,58,72,63,64.33333333,,548,533,,,,
92620,768300,780,43,53,66,54,,662,491.5,,,,
92626,641900,770,57,57,49,54.33333333,,567,450,,,,
92627,665300,743,17,20,15,17.33333333,,591,323.5,,,,
92629,776700,786,12,15,13,13.33333333,,667,516.5,,,,
92630,597800,803.5,80,75,65,73.33333333,,536,596.5,,,,
92646,682100,840,23,21,13,19,,609,714.5,,,,
92647,611300,794,35,36,37,36,,550,556.5,,,,
92648,797500,807,21,25,24,23.33333333,,679,613,,,,
92649,679100,763,25,24,17,22,,606,424,,,,
92653,658300,835,24,19,24,22.33333333,,586,698,,,,
92656,511400,793,85,76,68,76.33333333,,467,552,,,,
92660,1380600,781,16,18,17,17,,771,494,,,,
92663,1221300,830,31,33,30,31.33333333,,755,678.5,,,,
92672,765100,850,35,28,23,28.66666667,,658,739,,,,
92675,643900,755.5,98,105,122,108.3333333,,570,383,,,,
92683,528200,724,22,21,22,21.66666667,,483,249,,,,
92688,573500,868.3333333,56,53,54,54.33333333,,518,771,,,,
92691,606600,813.6,138,111,109,119.3333333,,543,639,,,,
92692,634400,841,17,15,18,16.66666667,,563,717.5,,,,
92694,732200,869,16,18,18,17.33333333,,641,772,,,,
92701,372000,865,25,28,20,24.33333333,,275,767,,,,
92704,416700,767,23,23,15,20.33333333,,349,438,,,,
92705,792900,860,24,31,27,27.33333333,,677,761,,,,
92707,380100,778,12,18,12,14,,289,480,,,,
92708,666300,837,20,26,34,26.66666667,,592,704.5,,,,
92780,574400,800,116,139,120,125,,520,582,,,,
92782,642300,809.5,43,47,47,45.66666667,,568,623,,,,
92801,424600,771.1428571,197,191,198,195.3333333,,362.5,456,,,,
92802,447600,739.6666667,65,62,59,62,,398,313,,,,
92804,446500,786.0833333,366,336,321,341,,396,518,,,,
92805,418400,692,34,24,20,26,,351,131,,,,
92806,501000,677,38,41,32,37,,460,94.5,,,,
92807,627100,801,54,55,59,56,,559,584,,,,
92808,648200,875,16,22,26,21.33333333,,573,782,,,,
92821,576900,838,40,49,47,45.33333333,,521,708,,,,
92831,534000,855.5,37,50,49,45.33333333,,491,750,,,,
92832,431400,783,36,34,29,33,,374,502,,,,
92833,471300,807.5,86,75,72,77.66666667,,431,616,,,,
92840,447800,762,22,17,29,22.66666667,,399,418.5,,,,
92845,532100,812,30,24,20,24.66666667,,486,636.5,,,,
92860,467800,790.75,123,132,116,123.6666667,,424,540,,,,
92861,1167100,783,24,20,21,21.66666667,,747,502,,,,
92865,548700,823,11,13,17,13.66666667,,503,662.5,,,,
92867,603300,682,14,16,22,17.33333333,,540,103,,,,
92868,438600,644,16,12,14,14,,385,40,,,,
92869,614000,841,40,38,39,39,,551,717.5,,,,
92870,568400,836,121,114,110,115,,511,702.5,,,,
92879,363300,808.6,150,177,190,172.3333333,,266,621,,,,
92880,489900,832.7142857,901,838,839,859.3333333,,451,688,,,,
92881,464300,808.2,547,542,555,548,,417,618,,,,
92882,407800,819.8,389,404,378,390.3333333,,329,655,,,,
92883,423200,858,133,140,144,139,,358.5,757.5,,,,
92886,678300,853,33,32,29,31.33333333,,604,747,,,,
92887,773900,848,12,11,13,12,,666,734,,,,
93001,494700,777,27,27,28,27.33333333,,454,478.5,,,,
93003,493400,744.75,102,96,88,95.33333333,,453,337,,,,
93010,525600,802,64,62,60,62,,481,591,,,,
93012,517700,819.5,44,48,42,44.66666667,,475,653.5,,,,
93021,573700,834.5,39,38,31,36,,519,694,,,,
93030,420200,725,109,93,96,99.33333333,,355,252.5,,,,
93033,352300,733.5,113,101,80,98,,253,293,,,,
93035,487600,816.5,55,53,52,53.33333333,,449,645,,,,
93036,405300,743.7142857,207,179,156,180.6666667,,325,327,,,,
93041,311800,758,24,23,18,21.66666667,,208,393,,,,
93063,478800,821,14,15,13,14,,436.5,657.5,,,,
93065,485800,685.125,886,1018,926,943.3333333,,444,108,,,,
93066,967300,840,15,20,20,18.33333333,,720,714.5,,,,
93103,1029900,700,31,25,17,24.33333333,,734,159,,,,
93110,1025200,702,21,17,16,18,,733,165.5,,,,
93117,754600,772,34,27,20,27,,654,461.5,,,,
93212,103900,657.5,54,43,45,47.33333333,,10,54,,,,
93230,160900,757.7857143,408,404,408,406.6666667,,41,389,,,,
93245,182200,772.25,314,286,273,291,,69,463,,,,
93274,147600,758.4,427,399,372,399.3333333,,29,397.5,,,,
93277,174600,722.5,158,150,152,153.3333333,,59,244,,,,
93280,134500,736.6666667,63,58,63,61.33333333,,22,304,,,,
93291,192700,752.4285714,133,123,119,125,,81,371,,,,
93301,162500,661,396,426,454,425.3333333,,43.5,60,,,,
93304,127200,690.8461538,763,762,807,777.3333333,,17,126,,,,
93305,114600,654,132,138,142,137.3333333,,13,48,,,,
93306,159100,689.8,500,470,465,478.3333333,,38,122,,,,
93307,130000,690.2,801,746,697,748,,18,124,,,,
93308,173800,744.6666667,69,61,47,59,,55,335.5,,,,
93309,172800,707.7692308,959,969,986,971.3333333,,51,194,,,,
93311,266000,758.1818182,658,647,631,645.3333333,,154,396,,,,
93312,267200,792.875,197,193,187,192.3333333,,156,550,,,,
93313,206900,731.7777778,526,489,500,505,,95,283,,,,
93314,355600,794,49,35,38,40.66666667,,255,556.5,,,,
93401,615200,748,17,21,20,19.33333333,,554,354.5,,,,
93420,573300,721,21,17,14,17.33333333,,517,235.5,,,,
93422,425200,749,21,16,14,17,,365,358,,,,
93436,254400,746.6666667,159,149,150,152.6666667,,136,349.5,,,,
93454,275200,796,14,15,14,14.33333333,,164,564.5,,,,
93455,353800,743,22,24,17,21,,254,323.5,,,,
93458,253900,758,17,14,12,14.33333333,,134,393,,,,
93501,75300,528,69,73,83,75,,1,3,,,,
93505,85800,601.25,269,320,345,311.3333333,,2,12,,,,
93534,153200,642.8571429,821,672,627,706.6666667,,33,36,,,,
93535,172700,643.2857143,2513,2372,2403,2429.333333,,50,37,,,,
93536,259400,751.2307692,1807,1702,1715,1741.333333,,145.5,366,,,,
93543,180300,677,143,133,128,134.6666667,,67,94.5,,,,
93550,180500,628.2142857,1370,1267,1223,1286.666667,,68,27,,,,
93551,302900,768.5,1192,1188,1035,1138.333333,,197,442.5,,,,
93552,216300,680.4,1179,1094,1111,1128,,101,98,,,,
93555,151700,730.6,149,152,147,149.3333333,,32,276,,,,
93560,159300,663.5,203,190,188,193.6666667,,39,63,,,,
93561,212400,806,15,12,18,15,,98,607.5,,,,
93610,154700,674,16,18,21,18.33333333,,34,86,,,,
93611,259400,832.125,265,255,256,258.6666667,,145.5,686.5,,,,
93612,166800,810.6666667,71,60,66,65.66666667,,46,629,,,,
93619,373500,925.5,42,27,31,33.33333333,,278,792,,,,
93637,176400,696,138,126,145,136.3333333,,62,142.5,,,,
93638,138300,704,76,103,88,89,,25,177.5,,,,
93650,107400,815,30,24,42,32,,12,643,,,,
93657,173900,802.5,55,43,46,48,,56,594,,,,
93701,94600,637.3333333,137,109,108,118,,6,34,,,,
93702,88400,597.25,129,146,126,133.6666667,,3,10,,,,
93703,120400,669.375,305,301,265,290.3333333,,14,79,,,,
93704,193800,708.8,808,848,792,816,,83,197,,,,
93705,133800,673.1666667,359,349,319,342.3333333,,20,83,,,,
93706,101700,665,917,891,895,901,,7,70,,,,
93710,200200,724.75,286,268,229,261,,90,250.5,,,,
93711,291500,729,236,217,235,229.3333333,,181,267,,,,
93720,278300,862.625,232,230,234,232,,169,764,,,,
93722,189900,750.5833333,1098,923,909,976.6666667,,78,363,,,,
93723,272600,740,78,65,63,68.66666667,,159,317,,,,
93725,133900,658,164,165,125,151.3333333,,21,55,,,,
93726,148100,702.5,468,394,416,426,,30,171.5,,,,
93727,188400,684.5,574,562,547,561,,75,107,,,,
93728,130500,671.75,106,111,113,110,,19,81,,,,
93730,377600,862,81,92,88,87,,283,763,,,,
93901,398700,770,64,56,44,54.66666667,,305.5,450,,,,
93906,321700,761.4,139,130,103,124,,221,416,,,,
93933,415600,704.6,178,180,141,166.3333333,,347,179,,,,
93940,617500,750,68,65,70,67.66666667,,555,361,,,,
93955,375500,713.4,213,222,202,212.3333333,,279,213,,,,
94002,1210400,770.5,70,60,68,66,,754,454,,,,
94014,598200,601,82,74,65,73.66666667,,537,11,,,,
94015,701000,635,39,43,53,45,,621,31,,,,
94022,2764000,758,23,21,17,20.33333333,,794,393,,,,
94025,1641100,684,161,150,141,150.6666667,,783,106,,,,
94030,1189600,856,13,12,13,12.66666667,,750,751.5,,,,
94040,1508700,744,32,22,21,25,,777,329,,,,
94043,909200,766,31,25,21,25.66666667,,706,436,,,,
94044,714100,706.3333333,55,53,46,51.33333333,,628,191,,,,
94061,1051900,870,13,12,11,12,,736,773.5,,,,
94062,1613400,703,86,86,76,82.66666667,,779,173.5,,,,
94066,732000,686,18,13,12,14.33333333,,640,110,,,,
94080,698500,703.75,81,111,75,89,,619,176,,,,
94085,732900,726,25,24,23,24,,642,254,,,,
94086,987800,722,11,14,17,14,,725,241.5,,,,
94087,1385900,744.8,129,132,115,125.3333333,,773,338,,,,
94089,748000,627,11,21,17,16.33333333,,651,25.5,,,,
94102,783000,596,23,30,34,29,,672,9,,,,
94103,886800,694,40,27,35,34,,701,137,,,,
94107,1007000,625,177,154,151,160.6666667,,729,23,,,,
94109,933300,509,66,67,65,66,,714,1,,,,
94110,1110000,593.25,202,169,154,175,,741,7,,,,
94112,736900,635.8888889,385,355,312,350.6666667,,645,32,,,,
94114,1504000,689.8571429,385,363,346,364.6666667,,776,123,,,,
94115,1285300,693.1666667,398,380,374,384,,764,132,,,,
94116,930600,602,138,139,138,138.3333333,,713,13,,,,
94117,1312000,633.5,131,127,110,122.6666667,,767,30,,,,
94118,1618400,664,46,45,42,44.33333333,,780,65.5,,,,
94121,1198300,623,130,135,135,133.3333333,,752,22,,,,
94122,980300,706,76,80,73,76.33333333,,721,187.5,,,,
94123,2103500,721,137,138,127,134,,789,235.5,,,,
94124,610100,655.5714286,581,532,525,546,,547,51,,,,
94127,1259100,697.6666667,104,113,130,115.6666667,,758,146,,,,
94131,1235800,676.2,173,140,146,153,,757,92,,,,
94132,854100,767,80,69,84,77.66666667,,696,438,,,,
94133,1173000,584,67,65,42,58,,749,6,,,,
94134,677100,576,367,373,362,367.3333333,,602,4,,,,
94301,2720900,650,45,38,43,42,,793,42.5,,,,
94303,1384300,704.8,189,218,185,197.3333333,,772,181,,,,
94306,1905500,700.5,56,33,39,42.66666667,,786,162,,,,
94401,703600,669,26,21,15,20.66666667,,624,77.5,,,,
94402,1392400,748,21,23,19,21,,774,354.5,,,,
94403,960600,709.3333333,49,49,57,51.66666667,,719,198.5,,,,
94404,1046800,664,17,14,17,16,,735,65.5,,,,
94501,727800,734.5833333,728,716,754,732.6666667,,637,300,,,,
94502,733400,926,21,21,21,21,,643,793,,,,
94503,419400,725,115,149,180,148,,354,252.5,,,,
94505,519100,752,24,21,16,20.33333333,,478,370,,,,
94506,1147500,868,24,17,11,17.33333333,,744,769.5,,,,
94509,273500,664.6,957,1128,1108,1064.333333,,161,68,,,,
94510,510400,781,334,317,296,315.6666667,,466,494,,,,
94513,452000,769.6666667,784,711,724,739.6666667,,402.5,448,,,,
94517,678500,857,11,14,16,13.66666667,,605,753.5,,,,
94518,521800,722.6,147,139,133,139.6666667,,479,245,,,,
94519,414900,943,15,11,12,12.66666667,,344,794,,,,
94520,339000,629,137,117,98,117.3333333,,241,28,,,,
94521,499800,711,181,209,214,201.3333333,,459,202.5,,,,
94523,596100,811.8,116,128,142,128.6666667,,534,635,,,,
94525,377200,665,108,104,108,106.6666667,,282,70,,,,
94526,990400,882,22,25,19,22,,726,787.5,,,,
94530,675600,702.4,577,568,573,572.6666667,,600,170,,,,
94531,360800,698.6,1796,1985,1880,1887,,264,153,,,,
94533,262000,722.1333333,1189,1509,1580,1426,,149,243,,,,
94534,426900,793.25,590,832,805,742.3333333,,366,554,,,,
94536,693800,730.0909091,432,429,436,432.3333333,,618,272,,,,
94538,644400,751.4,320,305,299,308,,571,369,,,,
94541,436400,688.7777778,704,658,655,672.3333333,,383,118,,,,
94542,669000,779,102,98,90,96.66666667,,594,486,,,,
94544,443000,676,402,412,376,396.6666667,,388,91,,,,
94545,455700,702.2222222,595,514,511,540,,407.5,169,,,,
94546,581500,786.625,311,318,333,320.6666667,,526,521,,,,
94547,457800,711.6,556,569,529,551.3333333,,412,205,,,,
94549,1226400,786,12,11,13,12,,756,516.5,,,,
94550,672600,720.75,111,82,75,89.33333333,,597.5,234,,,,
94551,563900,700,16,16,17,16.33333333,,509,159,,,,
94552,823300,852,128,153,149,143.3333333,,687,742.5,,,,
94553,460300,764.6666667,65,57,62,61.33333333,,413,431.5,,,,
94555,722200,743,80,68,55,67.66666667,,634,323.5,,,,
94560,581900,714.4444444,403,384,341,376,,527,216,,,,
94561,337400,739,459,518,560,512.3333333,,239,311,,,,
94563,1274300,877,20,16,20,18.66666667,,761,783.5,,,,
94564,405100,662,618,596,557,590.3333333,,322,61,,,,
94565,293900,705.6875,1744,1697,1484,1641.666667,,186,185,,,,
94566,919800,826.6666667,85,91,78,84.66666667,,709,669,,,,
94568,672000,821,202,225,225,217.3333333,,596,657.5,,,,
94572,380500,650,92,101,92,95,,290,42.5,,,,
94577,469000,705.75,904,915,861,893.3333333,,427,186,,,,
94578,437300,696.3333333,181,162,158,167,,384,144,,,,
94579,469700,727.25,207,219,199,208.3333333,,429,257,,,,
94580,447900,727.5,698,705,743,715.3333333,,400,260,,,,
94582,944400,816.6,192,182,168,180.6666667,,716,646,,,,
94583,778700,789,104,91,107,100.6666667,,668,531,,,,
94585,286000,760,249,463,501,404.3333333,,175,410,,,,
94587,604100,732.875,495,442,419,452,,541,290,,,,
94588,789400,792.3333333,75,88,81,81.33333333,,673,546.5,,,,
94589,236000,688,787,811,830,809.3333333,,120,114.5,,,,
94590,218200,688.6,452,567,524,514.3333333,,104,117,,,,
94591,323100,703,1120,1252,1269,1213.666667,,224,173.5,,,,
94596,804600,770,35,28,32,31.66666667,,680,450,,,,
94597,657200,834,45,57,44,48.66666667,,584,692.5,,,,
94598,826800,789.5,35,42,48,41.66666667,,688,534,,,,
94601,320000,706.4285714,252,244,297,264.3333333,,217,192,,,,
94602,660100,724.75,520,460,406,462,,589,250.5,,,,
94603,255500,687.8888889,559,582,566,569,,140.5,113,,,,
94605,401400,704.6666667,1138,1117,1072,1109,,313,180,,,,
94606,393700,660.2,319,285,264,289.3333333,,300,59,,,,
94607,409500,632.8333333,704,680,733,705.6666667,,334,29,,,,
94608,477100,727.3333333,808,779,776,787.6666667,,435,258,,,,
94609,667700,690.75,204,224,311,246.3333333,,593,125,,,,
94610,867900,710.6,873,830,814,839,,699,201,,,,
94611,942300,801.2857143,1095,1063,1108,1088.666667,,715,586,,,,
94612,442700,651,589,507,514,536.6666667,,387,45,,,,
94618,1021600,759.3333333,403,372,346,373.6666667,,732,405,,,,
94619,533000,781.7777778,950,930,987,955.6666667,,490,497,,,,
94621,231600,667.8461538,622,559,569,583.3333333,,113,75,,,,
94702,688800,815,34,35,35,34.66666667,,614,643,,,,
94703,729400,758,451,448,435,444.6666667,,638,393,,,,
94704,790100,613,567,544,490,533.6666667,,675,19,,,,
94705,1263400,718,283,256,269,269.3333333,,759,225.5,,,,
94706,718100,771.3333333,174,107,112,131,,629,459,,,,
94707,1003600,761.5,75,74,75,74.66666667,,728,417,,,,
94708,997000,797,79,81,86,82,,727,569,,,,
94709,772100,745,45,44,48,45.66666667,,664,341.5,,,,
94710,662800,763,28,32,30,30,,590,424,,,,
94801,236800,696,316,311,277,301.3333333,,121,142.5,,,,
94803,429100,712,487,512,545,514.6666667,,368,207,,,,
94804,299900,621.1111111,786,781,724,763.6666667,,190,21,,,,
94805,390700,652.6666667,331,342,299,324,,298,46,,,,
94806,293400,691,604,596,616,605.3333333,,183.5,127,,,,
94901,878500,780,16,16,14,15.33333333,,700,491.5,,,,
94903,772700,778.3333333,55,57,46,52.66666667,,665,481,,,,
94928,414300,674,64,62,74,66.66666667,,341,86,,,,
94939,1331000,718,22,19,15,18.66666667,,768,225.5,,,,
94941,1273300,637,42,38,40,40,,760,33,,,,
94945,692300,769,17,16,25,19.33333333,,616.5,444.5,,,,
94947,625300,698,64,81,70,71.66666667,,557,149,,,,
94949,769200,751,29,32,39,33.33333333,,663,364.5,,,,
94965,1087800,709.3333333,87,84,80,83.66666667,,739,198.5,,,,
95006,413700,682,24,25,25,24.66666667,,338,103,,,,
95008,890500,778.5,95,116,119,110,,702,483,,,,
95014,1549900,732.3333333,77,70,72,73,,778,288,,,,
95020,595400,811.6666667,50,54,57,53.66666667,,533,634,,,,
95023,404200,779,24,15,14,17.66666667,,319.5,486,,,,
95030,2063400,815,23,20,28,23.66666667,,787,643,,,,
95035,729500,762.2,177,169,137,161,,639,420.5,,,,
95037,779500,779.3333333,64,60,54,59.33333333,,669,488,,,,
95050,762900,786.5,50,46,51,49,,656,519.5,,,,
95051,859000,731,180,176,167,174.3333333,,698,277.5,,,,
95054,816100,756.5,83,75,73,77,,684,385,,,,
95060,757300,728,24,17,13,18,,655,263.5,,,,
95062,677900,719,14,15,15,14.66666667,,603,228,,,,
95070,2073100,698,37,28,35,33.33333333,,788,149,,,,
95111,532700,678.75,89,95,92,92,,489,97,,,,
95112,570500,791,17,13,12,14,,513,541,,,,
95116,483700,769,16,21,18,18.33333333,,441,444.5,,,,
95117,845300,852,18,23,20,20.33333333,,692,742.5,,,,
95118,782000,777,148,152,157,152.3333333,,671,478.5,,,,
95119,720100,807.3333333,131,119,98,116,,633,615,,,,
95120,1195000,787.6666667,66,70,68,68,,751,528,,,,
95121,610000,810.5,106,100,94,100,,546,627,,,,
95122,499500,676.5,83,85,84,84,,458,93,,,,
95123,683400,760.6363636,469,411,400,426.6666667,,611,414,,,,
95124,896300,830.4,96,104,99,99.66666667,,704,680,,,,
95125,955100,790.2857143,181,211,203,198.3333333,,717,537,,,,
95126,673800,734,104,98,97,99.66666667,,599,297,,,,
95127,548200,650.5,46,41,49,45.33333333,,501,44,,,,
95128,743300,731.5,85,87,75,82.33333333,,649,281.5,,,,
95129,1277400,757,14,14,14,14,,762,386.5,,,,
95130,980700,828.6666667,59,64,51,58,,722,674,,,,
95131,706700,728,49,75,57,60.33333333,,626,263.5,,,,
95132,746900,709.5,168,160,116,148,,650,200,,,,
95133,609700,612.5,94,77,69,80,,544,17.5,,,,
95135,922500,811,26,19,23,22.66666667,,710,631.5,,,,
95136,707200,784.4,163,159,166,162.6666667,,627,511,,,,
95138,927000,946,13,16,16,15,,712,795,,,,
95139,672600,801.5,48,39,36,41,,597.5,588,,,,
95148,723200,759.625,205,191,164,186.6666667,,635,407,,,,
95203,142900,669,55,47,48,50,,27,77.5,,,,
95204,158400,681.2857143,368,365,347,360,,36,100,,,,
95205,106800,595.3333333,311,294,300,301.6666667,,11,8,,,,
95206,174900,663.95,1597,1496,1442,1511.666667,,60,64,,,,
95207,179100,673,844,868,865,859,,65,82,,,,
95209,244100,689,857,799,800,818.6666667,,127,120,,,,
95210,162500,705.625,506,465,470,480.3333333,,43.5,184,,,,
95212,275800,688.4285714,594,594,570,586,,165,116,,,,
95215,121900,612.5,150,140,128,139.3333333,,15,17.5,,,,
95219,307600,762.2,281,297,276,284.6666667,,205,420.5,,,,
95240,219500,744,22,26,24,24,,105,329,,,,
95242,306700,519,14,14,12,13.33333333,,203,2,,,,
95304,481900,745.6666667,55,60,65,60,,439,343.5,,,,
95307,200600,740.6666667,71,64,60,65,,92,319,,,,
95330,288700,699,224,230,241,231.6666667,,177,154.5,,,,
95336,257800,739.7,369,374,344,362.3333333,,143,314,,,,
95337,324500,784.5,75,61,60,65.33333333,,227,512,,,,
95340,187400,700.9,281,271,269,273.6666667,,74,163,,,,
95348,201300,702,219,201,194,204.6666667,,93,165.5,,,,
95350,193400,727.4545455,315,266,259,280,,82,259,,,,
95351,139200,734,108,108,118,111.3333333,,26,297,,,,
95354,164400,693.5,44,42,40,42,,45,134.5,,,,
95355,246900,771.8181818,391,354,356,367,,130,460,,,,
95356,265900,700,39,57,63,53,,153,159,,,,
95357,231700,732.6666667,111,101,84,98.66666667,,114,289,,,,
95358,173400,757,50,49,45,48,,53.5,386.5,,,,
95363,252000,731.5,263,275,272,270,,133,281.5,,,,
95367,233600,798,14,18,14,15.33333333,,115,574.5,,,,
95368,242000,746,48,49,46,47.66666667,,125,346.5,,,,
95376,314800,741.3529412,694,681,704,693,,210,320,,,,
95377,414600,783.25,306,305,273,294.6666667,,342,504,,,,
95380,198100,755,17,21,24,20.66666667,,87,380,,,,
95382,277100,785.6666667,70,68,83,73.66666667,,166.5,514.5,,,,
95386,180200,732,55,51,58,54.66666667,,66,284.5,,,,
95391,487100,787.3333333,133,134,142,136.3333333,,447.5,526,,,,
95403,429600,743,19,17,15,17,,369,323.5,,,,
95405,445700,842.3333333,51,48,41,46.66666667,,391,722,,,,
95407,387700,840.5,40,38,33,37,,296,716,,,,
95422,102200,626,26,21,13,20,,9,24,,,,
95472,653200,759,14,24,27,21.66666667,,581.5,402.5,,,,
95492,483600,716,16,14,11,13.66666667,,440,219,,,,
95501,216800,714,37,40,36,37.66666667,,102,215,,,,
95605,173100,659,26,20,19,21.66666667,,52,56,,,,
95608,430500,698.5,572,573,582,575.6666667,,372,152,,,,
95610,241500,674.8,135,148,152,145,,123,89,,,,
95616,578700,796.6,98,102,84,94.66666667,,522,567,,,,
95620,333400,704,26,26,24,25.33333333,,238,177.5,,,,
95621,275000,734.2,127,101,96,108,,163,299,,,,
95624,329700,739.4375,1537,1470,1451,1486,,233,312,,,,
95628,417000,703.5,166,175,198,179.6666667,,350,175,,,,
95630,424600,845.4,114,132,125,123.6666667,,362.5,726,,,,
95632,254700,831,45,40,34,39.66666667,,138,683.5,,,,
95648,379300,728.25,89,92,89,90,,288,266,,,,
95655,301600,752.5,38,42,38,39.33333333,,193,372,,,,
95660,157400,722.9,494,547,543,528,,35,247,,,,
95661,379100,792,57,61,56,58,,287,543,,,,
95662,330800,746.6666667,78,82,70,76.66666667,,234,349.5,,,,
95667,279600,731,28,25,30,27.66666667,,170,277.5,,,,
95670,235800,711,715,645,643,667.6666667,,119,202.5,,,,
95677,348700,835,17,14,11,14,,251,698,,,,
95678,291300,830.6666667,109,114,108,110.3333333,,180,682,,,,
95687,322200,740.2222222,558,545,495,532.6666667,,223,318,,,,
95688,405900,757.8333333,263,236,236,245,,326,390,,,,
95691,295400,755.6,263,253,247,254.3333333,,187,384,,,,
95692,227300,797,35,33,39,35.66666667,,108.5,569,,,,
95695,263400,666,13,12,11,12,,151,72,,,,
95742,343900,848,27,29,24,26.66666667,,245,734,,,,
95746,650400,707,12,23,20,18.33333333,,575,193,,,,
95747,391600,804.3333333,267,241,202,236.6666667,,299,600,,,,
95757,378600,769.6,1287,1316,1329,1310.666667,,286,447,,,,
95758,293400,748.75,1005,990,951,982,,183.5,357,,,,
95762,532600,858,54,55,50,53,,488,757.5,,,,
95765,405200,806,44,35,36,38.33333333,,323.5,607.5,,,,
95814,337500,688,17,13,17,15.66666667,,240,114.5,,,,
95816,425100,779.5,138,168,153,153,,364,490,,,,
95817,230400,721.6,200,210,215,208.3333333,,110,238,,,,
95818,445800,674.3333333,481,508,470,486.3333333,,392.5,88,,,,
95819,424500,751.25,133,128,136,132.3333333,,361,367.5,,,,
95822,194800,702.125,880,886,880,882,,84,168,,,,
95823,185300,655.2352941,1977,1928,1905,1936.666667,,72,50,,,,
95824,144300,659.5,246,231,238,238.3333333,,28,57,,,,
95826,244300,738.5,445,444,399,429.3333333,,128,309,,,,
95827,224800,698,296,302,285,294.3333333,,107,149,,,,
95828,203800,693.25,861,760,805,808.6666667,,94,133,,,,
95829,301700,760.2,588,554,509,550.3333333,,194,411,,,,
95831,356500,747.7777778,715,758,790,754.3333333,,257,353,,,,
95832,170200,660,158,148,164,156.6666667,,48,58,,,,
95833,272900,722.8333333,455,431,384,423.3333333,,160,246,,,,
95834,311500,750,567,468,454,496.3333333,,207,361,,,,
95835,305200,730,1048,992,1025,1021.666667,,202,271,,,,
95838,199200,691.4,778,811,818,802.3333333,,89,129,,,,
95843,304600,783.4,613,607,557,592.3333333,,201,506,,,,
95901,161900,767.4,103,99,100,100.6666667,,42,441,,,,
95926,255500,719.5714286,198,199,178,191.6666667,,140.5,229,,,,
95928,270100,702,36,31,29,32,,158,165.5,,,,
95961,169400,760.5,92,86,74,84,,47,412.5,,,,
95966,159000,665,91,76,72,79.66666667,,37,70,,,,
95991,189300,737,55,65,56,58.66666667,,77,305,,,,
95993,242300,763.6666667,61,58,63,60.66666667,,126,428.5,,,,
96001,217900,811,42,47,57,48.66666667,,103,631.5,,,,
96002,209900,750,41,43,46,43.33333333,,96,361,,,,
96003,234100,804.5,35,28,24,29,,117,601,,,,
96007,174000,758,14,17,19,16.66666667,,57,393,,,,
