Zip,zindex,avg_w,num11,num12,num13,num_avg
95135,922500.0,961.333333333,2201.0,2275.0,2320.0,2265.33333333
92603,990900.0,959.75,2163.0,2236.0,2236.0,2211.66666667
92130,896100.0,949.833333333,8166.0,8275.0,8380.0,8273.66666667
94502,733400.0,947.0,709.0,689.0,746.0,714.666666667
94555,722200.0,944.666666667,1790.0,1885.0,1958.0,1877.66666667
94552,823300.0,942.25,2057.0,2107.0,2089.0,2084.33333333
92620,768300.0,940.625,5134.0,5435.0,5777.0,5448.66666667
90720,797000.0,939.75,6690.0,6678.0,6822.0,6730.0
94582,944400.0,938.111111111,6041.0,6559.0,7022.0,6540.66666667
90403,958100.0,935.666666667,2076.0,2029.0,2024.0,2043.0
92694,732200.0,933.0,3020.0,3125.0,3281.0,3142.0
93924,886700.0,932.0,248.0,251.0,252.0,250.333333333
93619,373500.0,931.5,2033.0,1919.0,1951.0,1967.66666667
95033,925200.0,931.0,491.0,513.0,508.0,504.0
92602,790000.0,928.25,3215.0,3501.0,3975.0,3563.66666667
91030,851900.0,927.2,3335.0,3427.0,3482.0,3414.66666667
92604,682000.0,927.125,5714.0,5891.0,6025.0,5876.66666667
93730,377600.0,927.0,2767.0,3012.0,3174.0,2984.33333333
92127,683300.0,927.0,5176.0,5656.0,5820.0,5550.66666667
92782,642300.0,926.0,2431.0,2443.0,2296.0,2390.0
92618,723800.0,926.0,561.0,617.0,597.0,591.666666667
96146,507900.0,925.0,44.0,37.0,51.0,44.0
92009,736500.0,924.7,6181.0,6186.0,6084.0,6150.33333333
92007,860900.0,924.0,526.0,526.0,520.0,524.0
95138,927000.0,923.5,974.0,943.0,932.0,949.666666667
92679,771500.0,923.333333333,1616.0,1573.0,1505.0,1564.66666667
92612,659300.0,922.666666667,2849.0,2878.0,2827.0,2851.33333333
90069,737800.0,922.0,168.0,197.0,233.0,199.333333333
92887,773900.0,920.5,1630.0,1569.0,1529.0,1576.0
91326,676100.0,920.0,1205.0,1200.0,1153.0,1186.0
94588,789400.0,919.666666667,4585.0,4600.0,4595.0,4593.33333333
93720,278300.0,919.6,6120.0,6133.0,6084.0,6112.33333333
95762,532600.0,918.444444444,5666.0,5647.0,5745.0,5686.0
94595,476400.0,918.0,322.0,356.0,356.0,344.666666667
90740,809300.0,918.0,447.0,472.0,491.0,470.0
94702,688800.0,917.0,198.0,201.0,203.0,200.666666667
92808,648200.0,916.666666667,2132.0,2181.0,2165.0,2159.33333333
94583,778700.0,916.333333333,5871.0,5840.0,6042.0,5917.66666667
92614,611100.0,915.8,2245.0,2283.0,2372.0,2300.0
92129,652300.0,915.083333333,8176.0,8153.0,8284.0,8204.33333333
91208,817600.0,915.0,929.0,984.0,1029.0,980.666666667
95683,423300.0,915.0,354.0,352.0,341.0,349.0
91784,586900.0,914.0,2044.0,2023.0,1979.0,2015.33333333
90278,781000.0,912.2,1614.0,1697.0,1727.0,1679.33333333
92210,701500.0,912.0,516.0,501.0,502.0,506.333333333
91708,423500.0,912.0,625.0,701.0,719.0,681.666666667
91789,699700.0,911.9,7624.0,7542.0,7465.0,7543.66666667
94960,992700.0,911.666666667,1377.0,1046.0,1112.0,1178.33333333
92107,766900.0,911.5,1565.0,1538.0,1548.0,1550.33333333
92011,767800.0,911.0,959.0,1020.0,1067.0,1015.33333333
92835,663700.0,909.0,1916.0,1951.0,2017.0,1961.33333333
91024,828200.0,908.0,796.0,817.0,862.0,825.0
94598,826800.0,907.714285714,3583.0,3604.0,3683.0,3623.33333333
94708,997000.0,907.5,627.0,649.0,657.0,644.333333333
95746,650400.0,907.4,2995.0,2977.0,2859.0,2943.66666667
92688,573500.0,907.0,8082.0,7943.0,7727.0,7917.33333333
92131,671500.0,905.714285714,5312.0,5187.0,5244.0,5247.66666667
91775,753000.0,905.25,1249.0,1323.0,1333.0,1301.66666667
92128,526900.0,905.0,4672.0,4644.0,4722.0,4679.33333333
91354,496900.0,904.2,3768.0,3839.0,3944.0,3850.33333333
90505,812100.0,903.0,4653.0,4698.0,4700.0,4683.66666667
94706,718100.0,902.8,2717.0,2720.0,2758.0,2731.66666667
90630,539800.0,902.625,6448.0,6503.0,6558.0,6503.0
94930,742200.0,902.5,825.0,849.0,866.0,846.666666667
92648,797500.0,902.25,4170.0,4265.0,4313.0,4249.33333333
94517,678500.0,902.0,1176.0,1229.0,1175.0,1193.33333333
95130,980700.0,901.5,2044.0,2093.0,2104.0,2080.33333333
95742,343900.0,901.0,444.0,540.0,589.0,524.333333333
90803,791800.0,900.4,2001.0,2012.0,2016.0,2009.66666667
94611,942300.0,900.363636364,5030.0,5105.0,5321.0,5152.0
91307,572700.0,899.25,1216.0,1236.0,1231.0,1227.66666667
90245,846600.0,899.0,2392.0,2427.0,2522.0,2447.0
91750,540200.0,898.333333333,2278.0,2259.0,2295.0,2277.33333333
94596,804600.0,898.333333333,1584.0,1653.0,1626.0,1621.0
91914,609900.0,898.0,3248.0,3244.0,3427.0,3306.33333333
94597,657200.0,897.0,1416.0,1437.0,1458.0,1437.0
91607,702200.0,897.0,618.0,648.0,671.0,645.666666667
93430,746900.0,897.0,160.0,172.0,173.0,168.333333333
93463,664300.0,897.0,526.0,515.0,523.0,521.333333333
92845,532100.0,897.0,3521.0,3506.0,3523.0,3516.66666667
92646,682100.0,896.6,5927.0,5976.0,6115.0,6006.0
95677,348700.0,896.333333333,2290.0,2273.0,2291.0,2284.66666667
92886,678300.0,896.3,5198.0,5203.0,5109.0,5170.0
95650,473700.0,895.833333333,2846.0,2930.0,2902.0,2892.66666667
95124,896300.0,895.5,5399.0,5615.0,5778.0,5597.33333333
91765,624600.0,895.0,7060.0,7014.0,6933.0,7002.33333333
94132,854100.0,894.5,2056.0,2121.0,2188.0,2121.66666667
91301,753500.0,894.333333333,3516.0,3605.0,3596.0,3572.33333333
91739,547600.0,893.777777778,7723.0,8000.0,8151.0,7958.0
91780,654900.0,893.333333333,4027.0,4049.0,4131.0,4069.0
93908,704800.0,893.2,1098.0,1100.0,1091.0,1096.33333333
90603,480800.0,893.0,865.0,905.0,983.0,917.666666667
92122,589500.0,892.8,3635.0,3606.0,3529.0,3590.0
92549,229500.0,892.0,226.0,193.0,202.0,207.0
92029,630500.0,892.0,414.0,406.0,388.0,402.666666667
90503,738500.0,891.25,5305.0,5312.0,5364.0,5327.0
93111,832700.0,891.0,1080.0,1077.0,1063.0,1073.33333333
92807,627100.0,890.5,5536.0,5485.0,5536.0,5519.0
95693,527800.0,890.0,322.0,301.0,306.0,309.666666667
91362,719600.0,889.0,5074.0,5070.0,5081.0,5075.0
95452,847500.0,889.0,99.0,91.0,113.0,101.0
91709,584100.0,888.785714286,10712.0,10594.0,10476.0,10594.0
95409,536500.0,888.5,1573.0,1603.0,1567.0,1581.0
91403,842500.0,887.5,742.0,757.0,781.0,760.0
94566,919800.0,886.555555556,6639.0,6691.0,6617.0,6649.0
95658,520100.0,886.5,464.0,480.0,468.0,470.666666667
95066,703100.0,886.333333333,1549.0,1531.0,1488.0,1522.66666667
90024,986200.0,886.333333333,1404.0,1384.0,1252.0,1346.66666667
95616,578700.0,886.076923077,5433.0,5458.0,5490.0,5460.33333333
92883,423200.0,886.0,2220.0,2452.0,2631.0,2434.33333333
92656,511400.0,885.25,6481.0,6379.0,6453.0,6437.66666667
91361,866800.0,884.666666667,770.0,794.0,755.0,773.0
92536,308800.0,884.0,179.0,188.0,166.0,177.666666667
91214,702100.0,883.454545455,6691.0,6540.0,6484.0,6571.66666667
93950,713000.0,883.2,1440.0,1531.0,1630.0,1533.66666667
95630,424600.0,882.1875,8283.0,8592.0,8646.0,8507.0
92673,806300.0,882.166666667,5060.0,5092.0,5202.0,5118.0
95618,536700.0,882.0,713.0,685.0,612.0,670.0
94526,990400.0,881.8,6746.0,6798.0,6865.0,6803.0
94949,769200.0,881.666666667,882.0,941.0,959.0,927.333333333
92677,727400.0,881.625,4048.0,3898.0,3883.0,3943.0
90404,726000.0,881.5,564.0,571.0,563.0,566.0
91942,414000.0,880.5,1930.0,1742.0,1784.0,1818.66666667
91741,586600.0,879.833333333,4688.0,4820.0,4832.0,4780.0
92692,634400.0,878.333333333,4774.0,4676.0,4501.0,4650.33333333
92120,506600.0,877.833333333,4014.0,4073.0,4051.0,4046.0
91423,821000.0,877.666666667,2696.0,2856.0,2846.0,2799.33333333
95663,509500.0,877.0,174.0,178.0,172.0,174.666666667
92354,358900.0,877.0,630.0,468.0,473.0,523.666666667
92649,679100.0,876.75,3771.0,3696.0,3649.0,3705.33333333
95747,391600.0,876.75,8213.0,8014.0,7849.0,8025.33333333
94116,930600.0,876.166666667,3661.0,3618.0,3696.0,3658.33333333
93012,517700.0,876.0,4069.0,4251.0,4325.0,4215.0
95661,379100.0,875.777777778,4249.0,4176.0,4285.0,4236.66666667
95682,360100.0,875.625,3090.0,3053.0,3119.0,3087.33333333
95065,661100.0,875.0,246.0,278.0,279.0,267.666666667
93602,243400.0,875.0,63.0,57.0,68.0,62.6666666667
95462,349900.0,875.0,67.0,63.0,63.0,64.3333333333
91316,534800.0,875.0,679.0,717.0,763.0,719.666666667
95391,487100.0,875.0,1249.0,1371.0,1543.0,1387.66666667
90293,541700.0,875.0,372.0,360.0,356.0,362.666666667
91501,650500.0,875.0,891.0,903.0,869.0,887.666666667
93650,107400.0,875.0,637.0,631.0,642.0,636.666666667
90623,629200.0,874.6,3952.0,3910.0,3842.0,3901.33333333
92126,461200.0,874.555555556,6382.0,6341.0,6330.0,6351.0
95405,445700.0,874.25,1309.0,1347.0,1339.0,1331.66666667
92119,487000.0,874.2,2053.0,1964.0,1945.0,1987.33333333
91737,544700.0,874.0,4172.0,4140.0,4162.0,4158.0
94709,772100.0,874.0,274.0,268.0,250.0,264.0
92508,401300.0,874.0,5767.0,5724.0,6008.0,5833.0
91916,354200.0,872.0,111.0,108.0,114.0,111.0
91203,411500.0,872.0,388.0,363.0,373.0,374.666666667
94710,662800.0,872.0,274.0,304.0,301.0,293.0
95765,405200.0,871.785714286,6357.0,6573.0,6719.0,6549.66666667
92591,377800.0,871.0,6047.0,5871.0,5766.0,5894.66666667
95709,267200.0,870.0,329.0,272.0,262.0,287.666666667
95465,830700.0,870.0,151.0,150.0,142.0,147.666666667
90732,552500.0,869.5,1243.0,1228.0,1260.0,1243.66666667
91701,470000.0,869.4,7840.0,7872.0,7829.0,7847.0
92260,321800.0,869.4,3933.0,4029.0,4085.0,4015.66666667
91377,692300.0,869.142857143,3079.0,3223.0,3485.0,3262.33333333
95421,440200.0,867.0,50.0,40.0,40.0,43.3333333333
91355,464500.0,866.7,5290.0,5406.0,5563.0,5419.66666667
95672,382100.0,866.666666667,1323.0,1305.0,1225.0,1284.33333333
92397,242000.0,866.0,209.0,185.0,190.0,194.666666667
94534,426900.0,865.888888889,5788.0,5853.0,5799.0,5813.33333333
91356,834400.0,865.5,2891.0,2869.0,2773.0,2844.33333333
94505,519100.0,865.5,717.0,693.0,687.0,699.0
94043,909200.0,865.4,1327.0,1371.0,1332.0,1343.33333333
93222,181900.0,865.0,47.0,44.0,61.0,50.6666666667
91201,645700.0,865.0,921.0,1069.0,1137.0,1042.33333333
93449,694100.0,865.0,760.0,784.0,806.0,783.333333333
95636,149400.0,865.0,21.0,17.0,20.0,19.3333333333
92653,658300.0,864.5,2578.0,2525.0,2457.0,2520.0
92563,357400.0,864.384615385,9791.0,9936.0,10120.0,9949.0
94568,672000.0,864.25,3610.0,3818.0,4012.0,3813.33333333
92708,666300.0,864.214285714,9496.0,9626.0,9677.0,9599.66666667
93427,491500.0,864.0,501.0,487.0,483.0,490.333333333
92592,401200.0,863.647058824,12563.0,12424.0,12635.0,12540.6666667
91504,646700.0,863.333333333,2171.0,2127.0,2120.0,2139.33333333
92532,323300.0,863.2,3297.0,4131.0,4221.0,3883.0
95816,425100.0,863.0,1566.0,1642.0,1565.0,1591.0
94952,629400.0,862.2,620.0,600.0,641.0,620.333333333
91324,508200.0,861.75,3276.0,3361.0,3367.0,3334.66666667
93401,615200.0,861.25,1748.0,1801.0,1757.0,1768.66666667
91913,457300.0,859.909090909,8547.0,8589.0,8977.0,8704.33333333
92596,344700.0,859.8,2255.0,2360.0,2473.0,2362.66666667
91360,602000.0,859.636363636,4937.0,4989.0,4870.0,4932.0
90814,642700.0,859.5,698.0,739.0,764.0,733.666666667
91387,446100.0,859.0,2135.0,2064.0,2026.0,2075.0
92624,747800.0,858.0,327.0,330.0,336.0,331.0
91915,453700.0,857.75,3375.0,3660.0,3907.0,3647.33333333
92103,611200.0,857.4,1708.0,1866.0,2015.0,1863.0
92630,597800.0,856.5,6061.0,6207.0,6127.0,6131.66666667
95446,338300.0,856.0,226.0,212.0,196.0,211.333333333
95329,193700.0,856.0,121.0,111.0,111.0,114.333333333
92655,448100.0,856.0,1204.0,1194.0,1163.0,1187.0
91902,529400.0,856.0,644.0,636.0,645.0,641.666666667
92064,606400.0,855.545454545,6900.0,6796.0,6923.0,6873.0
90815,572700.0,855.25,7654.0,7694.0,7388.0,7578.66666667
90620,455700.0,854.625,3290.0,3265.0,3319.0,3291.33333333
90249,415200.0,854.0,829.0,883.0,863.0,858.333333333
92821,576900.0,853.888888889,4413.0,4402.0,4392.0,4402.33333333
92844,435900.0,853.875,4104.0,4314.0,4303.0,4240.33333333
90277,918300.0,853.833333333,3533.0,3647.0,3729.0,3636.33333333
92024,803000.0,853.2,4761.0,4638.0,4703.0,4700.66666667
96027,170100.0,853.0,270.0,275.0,272.0,272.333333333
95942,277100.0,853.0,56.0,66.0,69.0,63.6666666667
92833,471300.0,852.666666667,6455.0,6369.0,6422.0,6415.33333333
95132,746900.0,852.0,6372.0,6381.0,6353.0,6368.66666667
90703,634800.0,851.833333333,9799.0,9931.0,9994.0,9908.0
90504,579000.0,851.75,4395.0,4359.0,4220.0,4324.66666667
95949,335100.0,851.0,2039.0,1904.0,1756.0,1899.66666667
91901,487200.0,850.8,1519.0,1440.0,1365.0,1441.33333333
92672,765100.0,850.8,2644.0,2567.0,2594.0,2601.66666667
93460,755800.0,850.666666667,1021.0,1035.0,1063.0,1039.66666667
90232,913100.0,850.5,629.0,686.0,701.0,672.0
90808,567700.0,850.125,5105.0,4889.0,5032.0,5008.66666667
92211,325000.0,850.0,488.0,543.0,562.0,531.0
91321,407200.0,850.0,6609.0,6658.0,6629.0,6632.0
92071,396000.0,849.727272727,6529.0,6507.0,6461.0,6499.0
92880,489900.0,849.714285714,8240.0,7850.0,7935.0,8008.33333333
94954,500000.0,849.666666667,1840.0,1836.0,1831.0,1835.66666667
95223,244700.0,849.0,133.0,121.0,98.0,117.333333333
92359,224900.0,849.0,291.0,268.0,269.0,276.0
90638,466100.0,848.9,5147.0,5142.0,5192.0,5160.33333333
95121,610000.0,848.7,5547.0,5342.0,5191.0,5360.0
95010,655600.0,848.0,649.0,634.0,664.0,649.0
90041,652000.0,847.888888889,4798.0,4395.0,4467.0,4553.33333333
91790,446000.0,847.6,4302.0,4454.0,4643.0,4466.33333333
93117,754600.0,847.3,4196.0,4124.0,4105.0,4141.66666667
92584,309800.0,847.111111111,6614.0,6828.0,6752.0,6731.33333333
93643,227800.0,847.0,118.0,110.0,181.0,136.333333333
95247,324200.0,847.0,158.0,139.0,129.0,142.0
93612,166800.0,847.0,2895.0,2976.0,3062.0,2977.66666667
93312,267200.0,846.9375,9677.0,9821.0,10087.0,9861.66666667
92008,718500.0,846.545454545,5703.0,5718.0,5723.0,5714.66666667
92124,545000.0,846.25,4657.0,4430.0,4302.0,4463.0
95119,720100.0,846.0,1522.0,1478.0,1453.0,1484.33333333
93611,259400.0,845.947368421,12670.0,12768.0,12807.0,12748.3333333
95662,330800.0,845.454545455,4981.0,5018.0,4941.0,4980.0
94044,714100.0,844.857142857,3121.0,3161.0,3163.0,3148.33333333
94703,729400.0,844.75,1762.0,1883.0,1860.0,1835.0
90039,705900.0,844.2,1235.0,1224.0,1163.0,1207.33333333
93636,266000.0,843.75,1318.0,1369.0,1342.0,1343.0
95757,378600.0,843.7,8758.0,9031.0,9184.0,8991.0
91320,614200.0,843.555555556,5578.0,5562.0,5485.0,5541.66666667
92647,611300.0,843.428571429,6508.0,6534.0,6640.0,6560.66666667
92586,182700.0,842.5,1320.0,1327.0,1209.0,1285.33333333
94005,675800.0,842.5,327.0,325.0,300.0,317.333333333
91325,586700.0,842.125,4951.0,4877.0,4879.0,4902.33333333
95355,246900.0,841.8125,9807.0,9693.0,9742.0,9747.33333333
95148,723200.0,841.636363636,7583.0,7498.0,7563.0,7548.0
92110,503000.0,841.0,985.0,936.0,938.0,953.0
96114,178500.0,841.0,291.0,265.0,268.0,274.666666667
92270,482600.0,841.0,319.0,301.0,287.0,302.333333333
90240,485500.0,841.0,2843.0,2739.0,2744.0,2775.33333333
95436,390500.0,841.0,338.0,289.0,272.0,299.666666667
91711,597300.0,840.818181818,5328.0,5236.0,5157.0,5240.33333333
94945,692300.0,840.666666667,1172.0,1154.0,1180.0,1168.66666667
95035,729500.0,840.538461538,7306.0,7342.0,7354.0,7334.0
91748,562900.0,839.285714286,4624.0,4552.0,4449.0,4541.66666667
94536,693800.0,839.2,8205.0,8344.0,8447.0,8332.0
94523,596100.0,838.9,5110.0,5160.0,5103.0,5124.33333333
96161,500600.0,838.875,1879.0,1810.0,1889.0,1859.33333333
94550,672600.0,838.666666667,6251.0,6151.0,5967.0,6123.0
94510,510400.0,838.571428571,3710.0,3671.0,3635.0,3672.0
95379,164600.0,838.333333333,758.0,701.0,718.0,725.666666667
91040,462100.0,838.333333333,1789.0,1772.0,1749.0,1770.0
95366,339300.0,838.166666667,2241.0,2312.0,2237.0,2263.33333333
91745,578900.0,838.133333333,7336.0,7214.0,7229.0,7259.66666667
94108,845500.0,838.0,426.0,420.0,419.0,421.666666667
90807,515000.0,837.75,2957.0,3050.0,3015.0,3007.33333333
94551,563900.0,837.5,2629.0,2662.0,2681.0,2657.33333333
90701,443400.0,837.25,1769.0,1741.0,1799.0,1769.66666667
91755,545500.0,837.0,1608.0,1607.0,1553.0,1589.33333333
92104,478800.0,837.0,811.0,786.0,841.0,812.666666667
93063,478800.0,836.909090909,6661.0,6593.0,6355.0,6536.33333333
92691,606600.0,836.4375,10584.0,10219.0,10057.0,10286.6666667
90025,751100.0,836.4,2708.0,2524.0,2698.0,2643.33333333
91803,548300.0,835.25,2114.0,2128.0,2084.0,2108.66666667
95377,414600.0,834.8,3761.0,3896.0,3932.0,3863.0
92606,691400.0,834.75,1357.0,1346.0,1359.0,1354.0
95829,301700.0,834.6,4283.0,4380.0,4299.0,4320.66666667
93004,479800.0,834.25,1270.0,1265.0,1244.0,1259.66666667
93527,174800.0,834.0,130.0,113.0,108.0,117.0
93271,265300.0,834.0,110.0,98.0,98.0,102.0
95073,657000.0,833.75,1370.0,1411.0,1431.0,1404.0
91791,517900.0,833.666666667,4572.0,4482.0,4313.0,4455.66666667
95006,413700.0,833.5,1371.0,1551.0,1650.0,1524.0
94501,727800.0,833.4375,6522.0,6621.0,6636.0,6593.0
95758,293400.0,833.25,5903.0,5897.0,5929.0,5909.66666667
94546,581500.0,833.181818182,5144.0,5167.0,5272.0,5194.33333333
92705,792900.0,833.142857143,8580.0,8651.0,8709.0,8646.66666667
92256,112600.0,833.0,162.0,145.0,133.0,146.666666667
91770,490600.0,832.428571429,7159.0,6927.0,6811.0,6965.66666667
94947,625300.0,832.375,2810.0,2997.0,3015.0,2940.66666667
92595,327000.0,832.285714286,3515.0,4305.0,4187.0,4002.33333333
92869,614000.0,832.2,5407.0,5378.0,5372.0,5385.66666667
95503,230600.0,832.181818182,1819.0,1849.0,1864.0,1844.0
93465,555700.0,832.166666667,1664.0,1594.0,1701.0,1653.0
93426,388700.0,832.0,52.0,49.0,55.0,52.0
91367,625800.0,831.166666667,6534.0,6346.0,6363.0,6414.33333333
91730,364200.0,831.0,5460.0,5425.0,5256.0,5380.33333333
91205,508400.0,831.0,3535.0,3551.0,3563.0,3549.66666667
96055,133300.0,831.0,528.0,542.0,562.0,544.0
94015,701000.0,830.666666667,4472.0,4576.0,4576.0,4541.33333333
91202,655700.0,830.666666667,3102.0,3099.0,2988.0,3063.0
92870,568400.0,830.647058824,9296.0,9164.0,9261.0,9240.33333333
92562,366100.0,830.6,8972.0,9105.0,9023.0,9033.33333333
95054,816100.0,830.333333333,1139.0,1165.0,1181.0,1161.66666667
95372,206100.0,830.0,382.0,352.0,348.0,360.666666667
95008,890500.0,830.0,3079.0,3144.0,3057.0,3093.33333333
92881,464300.0,830.0,7718.0,7853.0,7942.0,7837.66666667
95570,353200.0,830.0,158.0,167.0,170.0,165.0
96022,190200.0,829.666666667,2031.0,2057.0,2126.0,2071.33333333
95722,407200.0,829.5,195.0,179.0,172.0,182.0
95521,276100.0,829.2,1732.0,1753.0,1780.0,1755.0
91384,468800.0,829.2,2687.0,2847.0,2815.0,2783.0
91773,518300.0,829.090909091,5020.0,4853.0,4861.0,4911.33333333
95228,328200.0,829.0,167.0,159.0,168.0,164.666666667
92587,345300.0,829.0,377.0,353.0,358.0,362.666666667
92106,925700.0,828.9,4395.0,4325.0,4421.0,4380.33333333
90012,408700.0,828.833333333,2699.0,2829.0,2867.0,2798.33333333
91910,400100.0,828.75,10721.0,10380.0,10522.0,10541.0
93402,420900.0,828.666666667,852.0,872.0,887.0,870.333333333
92078,502000.0,828.555555556,5314.0,5630.0,6120.0,5688.0
92203,294400.0,828.5,1215.0,1372.0,1383.0,1323.33333333
92626,641900.0,827.916666667,5323.0,5466.0,5501.0,5430.0
95472,653200.0,827.636363636,2743.0,2883.0,3027.0,2884.33333333
92683,528200.0,827.411764706,9399.0,9455.0,9461.0,9438.33333333
90230,639800.0,827.333333333,5028.0,4956.0,4840.0,4941.33333333
95519,264500.0,827.0,1313.0,1319.0,1346.0,1326.0
95219,307600.0,826.8,2633.0,2654.0,2677.0,2654.66666667
93311,266000.0,826.727272727,7717.0,7917.0,8114.0,7916.0
92109,718700.0,826.571428571,2644.0,2498.0,2355.0,2499.0
94122,980300.0,826.571428571,2736.0,2867.0,2866.0,2823.0
91941,514100.0,826.5,5368.0,5524.0,5446.0,5446.0
90670,403500.0,826.0,3982.0,3879.0,3780.0,3880.33333333
92391,156700.0,826.0,297.0,291.0,291.0,293.0
93442,510500.0,826.0,874.0,887.0,892.0,884.333333333
95051,859000.0,826.0,5856.0,5841.0,5882.0,5859.66666667
94019,904400.0,825.4,2157.0,2133.0,2187.0,2159.0
90045,815900.0,825.333333333,3385.0,3355.0,3217.0,3319.0
91304,528800.0,825.2,2835.0,2724.0,2561.0,2706.66666667
95460,537600.0,825.0,348.0,359.0,365.0,357.333333333
93238,194600.0,825.0,65.0,40.0,40.0,48.3333333333
91502,445800.0,825.0,1999.0,1997.0,1891.0,1962.33333333
93667,238900.0,825.0,397.0,376.0,354.0,375.666666667
90717,570100.0,825.0,2765.0,2669.0,2560.0,2664.66666667
95624,329700.0,824.444444444,13072.0,13056.0,13038.0,13055.3333333
95713,285700.0,824.0,839.0,803.0,768.0,803.333333333
96073,313300.0,824.0,1512.0,1454.0,1497.0,1487.66666667
93060,361100.0,824.0,557.0,576.0,580.0,571.0
95018,473700.0,823.5,1542.0,1617.0,1547.0,1568.66666667
92249,160800.0,823.0,846.0,846.0,879.0,857.0
94574,965100.0,823.0,996.0,1005.0,985.0,995.333333333
94086,987800.0,823.0,1353.0,1370.0,1362.0,1361.66666667
92373,419100.0,822.75,3219.0,3236.0,3163.0,3206.0
93433,381900.0,822.333333333,965.0,911.0,881.0,919.0
95726,217800.0,822.0,506.0,495.0,516.0,505.666666667
95222,256700.0,822.0,398.0,399.0,430.0,409.0
93614,225900.0,821.0,716.0,734.0,701.0,717.0
93405,598800.0,820.875,1810.0,1899.0,1968.0,1892.33333333
91344,523800.0,820.692307692,11762.0,11261.0,11057.0,11360.0
93066,967300.0,820.5,676.0,672.0,674.0,674.0
91364,766500.0,820.428571429,3440.0,3288.0,3342.0,3356.66666667
95118,782000.0,820.111111111,5152.0,5442.0,5455.0,5349.66666667
91390,548800.0,820.0,160.0,135.0,113.0,136.0
94619,533000.0,819.888888889,2929.0,2930.0,3051.0,2970.0
95819,424500.0,819.75,1359.0,1411.0,1381.0,1383.66666667
94066,732000.0,819.166666667,3315.0,3301.0,3349.0,3321.66666667
92139,341000.0,819.142857143,3887.0,3814.0,3739.0,3813.33333333
91505,615100.0,818.166666667,2440.0,2506.0,2540.0,2495.33333333
95667,279600.0,818.0,4836.0,4747.0,4904.0,4829.0
91101,452600.0,818.0,871.0,900.0,871.0,880.666666667
93711,291500.0,817.5,1986.0,2056.0,2157.0,2066.33333333
92860,467800.0,817.444444444,4984.0,4811.0,4893.0,4896.0
91345,419000.0,817.0,452.0,458.0,485.0,465.0
94923,738100.0,817.0,19.0,24.0,14.0,19.0
93265,220400.0,817.0,252.0,231.0,245.0,242.666666667
90712,468900.0,816.375,3576.0,3452.0,3362.0,3463.33333333
94109,933300.0,816.333333333,2011.0,1959.0,1824.0,1931.33333333
95648,379300.0,816.181818182,6184.0,6241.0,6251.0,6225.33333333
92123,466800.0,816.0,1653.0,1572.0,1582.0,1602.33333333
95245,192700.0,816.0,66.0,77.0,66.0,69.6666666667
96097,132300.0,815.5,999.0,1015.0,1239.0,1084.33333333
91935,602900.0,815.25,867.0,771.0,750.0,796.0
92252,101800.0,815.0,485.0,464.0,399.0,449.333333333
95110,517500.0,815.0,963.0,1009.0,1070.0,1014.0
95666,181100.0,815.0,142.0,141.0,131.0,138.0
90604,443500.0,814.923076923,7551.0,7473.0,7405.0,7476.33333333
92019,435900.0,814.909090909,7729.0,7738.0,7608.0,7691.66666667
92832,431400.0,814.6,3180.0,3135.0,3139.0,3151.33333333
94903,772700.0,814.142857143,2765.0,2684.0,2670.0,2706.33333333
91351,399000.0,814.111111111,6421.0,6265.0,6171.0,6285.66666667
96057,141100.0,814.0,60.0,57.0,54.0,57.0
93601,279900.0,814.0,227.0,243.0,210.0,226.666666667
91724,481800.0,813.8,3581.0,3518.0,3383.0,3494.0
93420,573300.0,813.714285714,3837.0,3793.0,3721.0,3783.66666667
93314,355600.0,813.6,3220.0,3113.0,3014.0,3115.66666667
93551,302900.0,813.181818182,7970.0,8161.0,7323.0,7818.0
95640,227400.0,813.0,291.0,293.0,306.0,296.666666667
90602,448600.0,813.0,598.0,575.0,568.0,580.333333333
90755,406800.0,813.0,1319.0,1305.0,1419.0,1347.66666667
94401,703600.0,812.75,1704.0,1808.0,1837.0,1783.0
95448,584400.0,812.4,1602.0,1521.0,1413.0,1512.0
94587,604100.0,812.375,5895.0,5938.0,5932.0,5921.66666667
93021,573700.0,812.333333333,5283.0,5150.0,4992.0,5141.66666667
93428,619500.0,812.333333333,533.0,556.0,568.0,552.333333333
91754,546500.0,812.285714286,3561.0,3566.0,3618.0,3581.66666667
92315,296800.0,811.333333333,914.0,880.0,918.0,904.0
95356,265900.0,811.333333333,1396.0,1982.0,2054.0,1810.66666667
95383,213000.0,811.0,188.0,186.0,196.0,190.0
90631,469300.0,810.785714286,8091.0,7926.0,7780.0,7932.33333333
92116,461600.0,810.6,830.0,856.0,838.0,841.333333333
95831,356500.0,810.6,4233.0,4293.0,4471.0,4332.33333333
94585,286000.0,810.5,1916.0,1947.0,2037.0,1966.66666667
95003,728300.0,810.333333333,2856.0,2857.0,2851.0,2854.66666667
91786,402400.0,810.2,5846.0,5736.0,5729.0,5770.33333333
95938,394100.0,809.0,777.0,754.0,740.0,757.0
92567,262800.0,808.75,1484.0,1520.0,1576.0,1526.66666667
95692,227300.0,808.333333333,1103.0,1103.0,1104.0,1103.33333333
95136,707200.0,807.6,2215.0,2205.0,2259.0,2226.33333333
94403,960600.0,807.5,3360.0,3420.0,3483.0,3421.0
95928,270100.0,807.5,2084.0,2095.0,2150.0,2109.66666667
96067,230200.0,807.25,861.0,847.0,835.0,847.666666667
92352,332000.0,807.25,2272.0,2202.0,2152.0,2208.66666667
96143,362100.0,807.0,115.0,117.0,175.0,135.666666667
92223,259100.0,806.7,6097.0,6177.0,6391.0,6221.66666667
93536,259400.0,806.692307692,10412.0,10425.0,10234.0,10357.0
95678,291300.0,806.636363636,4724.0,4666.0,4603.0,4664.33333333
93940,617500.0,806.6,2109.0,1938.0,1971.0,2006.0
92831,534000.0,806.5,4394.0,4553.0,4711.0,4552.66666667
93023,612300.0,806.444444444,2275.0,2298.0,2246.0,2273.0
95614,303700.0,806.0,348.0,311.0,185.0,281.333333333
95461,232100.0,806.0,1230.0,1214.0,1200.0,1214.66666667
92057,382000.0,806.0,8119.0,8421.0,8609.0,8383.0
90302,319500.0,805.833333333,2177.0,2242.0,2378.0,2265.66666667
95252,245600.0,805.666666667,1265.0,1270.0,1206.0,1247.0
95834,311500.0,805.5,2766.0,2790.0,2801.0,2785.66666667
92371,214900.0,805.25,1673.0,1763.0,1716.0,1717.33333333
91350,456400.0,805.1,4991.0,4946.0,4767.0,4901.33333333
94542,669000.0,805.0,462.0,464.0,475.0,467.0
95562,181100.0,805.0,223.0,220.0,224.0,222.333333333
94037,931200.0,805.0,264.0,261.0,232.0,252.333333333
92285,70400.0,805.0,114.0,95.0,105.0,104.666666667
92843,439000.0,804.909090909,6280.0,6216.0,6187.0,6227.66666667
94901,878500.0,804.777777778,2925.0,3093.0,3252.0,3090.0
90065,599100.0,804.75,4600.0,4530.0,4386.0,4505.33333333
95357,231700.0,804.75,2383.0,2262.0,2148.0,2264.33333333
95631,277400.0,804.666666667,514.0,462.0,420.0,465.333333333
90713,484900.0,804.571428571,8368.0,8121.0,7777.0,8088.66666667
95634,224900.0,804.0,450.0,393.0,289.0,377.333333333
92277,93200.0,803.714285714,2578.0,2549.0,2486.0,2537.66666667
94561,337400.0,803.555555556,5624.0,5744.0,5876.0,5748.0
95826,244300.0,802.875,2727.0,2683.0,2727.0,2712.33333333
96150,342100.0,802.5,2641.0,2546.0,2566.0,2584.33333333
92882,407800.0,802.357142857,11235.0,10942.0,10631.0,10936.0
92504,274700.0,802.333333333,6145.0,6036.0,6116.0,6099.0
94503,419400.0,802.0,1818.0,2196.0,2407.0,2140.33333333
90034,847800.0,801.777777778,5551.0,5485.0,5328.0,5454.66666667
91776,556900.0,801.571428571,5510.0,5677.0,5618.0,5601.66666667
92056,412800.0,801.545454545,4159.0,4296.0,4352.0,4269.0
95139,672600.0,801.5,985.0,950.0,918.0,951.0
95020,595400.0,801.4,8015.0,7932.0,8168.0,8038.33333333
92081,466600.0,801.333333333,2803.0,2731.0,2716.0,2750.0
92313,295500.0,801.0,1850.0,1832.0,1841.0,1841.0
95337,324500.0,801.0,1999.0,1966.0,1964.0,1976.33333333
93003,493400.0,801.0,7404.0,7405.0,7281.0,7363.33333333
93245,182200.0,800.692307692,5153.0,5076.0,5058.0,5095.66666667
91723,436100.0,799.666666667,5229.0,5087.0,4864.0,5060.0
93451,296000.0,799.5,306.0,331.0,325.0,320.666666667
92036,293500.0,799.25,1728.0,1800.0,1927.0,1818.33333333
90015,571300.0,799.0,1943.0,1915.0,1945.0,1934.33333333
94513,452000.0,798.9375,9728.0,9840.0,10000.0,9856.0
95687,322200.0,798.777777778,5129.0,5448.0,5362.0,5313.0
92117,513200.0,798.642857143,5717.0,5472.0,5404.0,5531.0
94538,644400.0,798.125,7225.0,7222.0,7484.0,7310.33333333
90601,432600.0,797.714285714,4603.0,4450.0,4404.0,4485.66666667
95835,305200.0,797.571428571,5021.0,4977.0,5066.0,5021.33333333
93035,487600.0,797.5,1837.0,2021.0,2193.0,2017.0
94599,760400.0,797.0,106.0,91.0,89.0,95.3333333333
94571,276100.0,797.0,794.0,795.0,761.0,783.333333333
95328,138800.0,797.0,524.0,537.0,559.0,540.0
93654,170100.0,796.7,4076.0,4138.0,4208.0,4140.66666667
93422,425200.0,796.666666667,3210.0,3171.0,3079.0,3153.33333333
90621,467200.0,796.666666667,3640.0,3668.0,3600.0,3636.0
90806,422800.0,796.5,2026.0,2119.0,2135.0,2093.33333333
94080,698500.0,796.25,5838.0,5906.0,5912.0,5885.33333333
92307,200400.0,796.0,4676.0,4545.0,4316.0,4512.33333333
93555,151700.0,795.9,3627.0,3595.0,3592.0,3604.66666667
91206,657400.0,795.8,3109.0,3107.0,3056.0,3090.66666667
95843,304600.0,795.692307692,6001.0,6004.0,6104.0,6036.33333333
91945,348000.0,795.6,1627.0,1652.0,2303.0,1860.66666667
96145,546300.0,795.5,704.0,719.0,609.0,677.333333333
95404,554600.0,795.5,559.0,561.0,607.0,575.666666667
92866,532300.0,795.5,782.0,741.0,715.0,746.0
93446,386800.0,795.428571429,1776.0,1845.0,1770.0,1797.0
93444,473600.0,795.333333333,1564.0,1469.0,1424.0,1485.66666667
91606,452000.0,794.2,3543.0,3322.0,2986.0,3283.66666667
93065,485800.0,794.038461538,14547.0,15477.0,14181.0,14735.0
90066,986400.0,793.923076923,5186.0,4998.0,4893.0,5025.66666667
93631,223500.0,793.875,2962.0,2999.0,3044.0,3001.66666667
95382,277100.0,793.666666667,4818.0,4850.0,4853.0,4840.33333333
92336,377900.0,793.619047619,13788.0,13631.0,13324.0,13581.0
95953,163000.0,793.6,1308.0,1326.0,1315.0,1316.33333333
91016,560300.0,793.5,4217.0,4254.0,4245.0,4238.66666667
95453,217500.0,793.333333333,1053.0,1019.0,997.0,1023.0
90650,375800.0,793.090909091,11441.0,11061.0,10847.0,11116.3333333
94089,748000.0,793.0,302.0,305.0,307.0,304.666666667
93610,154700.0,793.0,2437.0,2382.0,2459.0,2426.0
92675,643900.0,792.666666667,5028.0,5224.0,5594.0,5282.0
91104,648700.0,792.5,2466.0,2532.0,2526.0,2508.0
90242,414700.0,792.5,5636.0,5542.0,5475.0,5551.0
91761,357500.0,792.454545455,6627.0,6509.0,6410.0,6515.33333333
92251,188600.0,792.2,2681.0,2709.0,2767.0,2719.0
95236,330600.0,792.0,791.0,761.0,794.0,782.0
95125,955100.0,791.769230769,5915.0,5934.0,6019.0,5956.0
90715,415400.0,791.6,2403.0,2394.0,2380.0,2392.33333333
95304,481900.0,791.6,1264.0,1302.0,1369.0,1311.66666667
92374,291200.0,791.545454545,9562.0,9648.0,9440.0,9550.0
93723,272600.0,791.5,1152.0,1146.0,1175.0,1157.66666667
92065,433000.0,791.3,4475.0,4345.0,4155.0,4325.0
91950,317600.0,791.0,6413.0,6654.0,6759.0,6608.66666667
93553,219200.0,791.0,253.0,253.0,258.0,254.666666667
96052,160800.0,791.0,32.0,35.0,34.0,33.6666666667
93644,211100.0,790.8,1108.0,1078.0,1048.0,1078.0
92840,447800.0,790.769230769,6655.0,6594.0,6584.0,6611.0
94547,457800.0,790.2,2264.0,2284.0,2204.0,2250.66666667
93625,204200.0,790.0,1519.0,1513.0,1588.0,1540.0
92058,386200.0,790.0,3375.0,3422.0,3501.0,3432.66666667
90501,545800.0,790.0,3271.0,3318.0,3428.0,3339.0
91311,532200.0,789.857142857,4803.0,4660.0,4448.0,4637.0
93710,200200.0,789.8,2432.0,2212.0,2128.0,2257.33333333
90029,659100.0,789.75,2666.0,2662.0,2643.0,2657.0
93656,131700.0,789.25,1139.0,1139.0,1191.0,1156.33333333
96021,132100.0,788.625,2223.0,2211.0,2222.0,2218.66666667
95326,265800.0,788.6,1746.0,1755.0,1753.0,1751.33333333
96088,185500.0,788.5,144.0,149.0,153.0,148.666666667
95212,275800.0,788.444444444,5239.0,5267.0,5318.0,5274.66666667
94530,675600.0,787.8,2198.0,2297.0,2390.0,2295.0
92585,280300.0,787.8,3978.0,4006.0,4089.0,4024.33333333
95407,387700.0,787.75,3114.0,3227.0,3081.0,3140.66666667
95632,254700.0,787.666666667,4530.0,4495.0,4470.0,4498.33333333
92399,303100.0,787.666666667,6201.0,6351.0,6299.0,6283.66666667
92372,206700.0,787.0,261.0,283.0,272.0,272.0
91801,539300.0,786.777777778,6740.0,6707.0,6537.0,6661.33333333
93630,173300.0,786.6,3154.0,2754.0,2819.0,2909.0
92501,248200.0,786.0,1022.0,1076.0,1103.0,1067.0
92868,438600.0,786.0,1346.0,1348.0,1276.0,1323.33333333
92701,372000.0,785.769230769,8476.0,8695.0,8816.0,8662.33333333
95368,242000.0,785.75,2057.0,1997.0,1924.0,1992.66666667
90270,371400.0,785.6,2695.0,2713.0,2673.0,2693.66666667
90606,382400.0,785.5,3749.0,3769.0,3677.0,3731.66666667
92262,312700.0,785.5,3109.0,3140.0,3096.0,3115.0
93001,494700.0,785.5,4141.0,4293.0,4468.0,4300.66666667
93514,335000.0,785.2,1474.0,1473.0,1454.0,1467.0
95945,285400.0,785.1,3356.0,3226.0,3272.0,3284.66666667
95037,779500.0,785.090909091,5623.0,5438.0,5405.0,5488.66666667
95969,195000.0,785.0,2411.0,2373.0,2368.0,2384.0
91001,650900.0,784.875,2000.0,1983.0,2087.0,2023.33333333
95401,387500.0,784.8,1427.0,1467.0,1505.0,1466.33333333
94515,569800.0,784.5,570.0,577.0,591.0,579.333333333
90723,321000.0,784.5,10085.0,10053.0,10111.0,10083.0
92505,301400.0,784.4,6127.0,6451.0,6086.0,6221.33333333
95117,845300.0,784.25,1073.0,1105.0,1128.0,1102.0
95004,499200.0,784.0,335.0,319.0,299.0,317.666666667
94610,867900.0,783.8,2788.0,2765.0,2753.0,2768.66666667
95324,238100.0,783.666666667,1503.0,1532.0,1535.0,1523.33333333
95688,405900.0,783.444444444,4502.0,4566.0,4603.0,4557.0
95316,236400.0,783.285714286,1198.0,1172.0,1130.0,1166.66666667
95348,201300.0,783.25,3301.0,3330.0,3361.0,3330.66666667
91335,422400.0,783.052631579,9510.0,9100.0,8940.0,9183.33333333
95623,266900.0,783.0,775.0,716.0,757.0,749.333333333
96002,209900.0,782.909090909,3571.0,3537.0,3622.0,3576.66666667
92154,357500.0,782.625,10437.0,10226.0,10022.0,10228.3333333
90802,278200.0,782.25,2045.0,2075.0,2196.0,2105.33333333
93722,189900.0,782.076923077,9353.0,8503.0,8583.0,8813.0
92530,254000.0,781.909090909,4924.0,6262.0,6196.0,5794.0
92040,408900.0,781.75,4348.0,4301.0,4527.0,4392.0
95388,127000.0,781.6,1343.0,1320.0,1362.0,1341.66666667
91306,448200.0,781.571428571,3259.0,3327.0,3216.0,3267.33333333
95959,368800.0,781.142857143,1292.0,1295.0,1201.0,1262.66666667
92557,260600.0,781.090909091,7595.0,7496.0,7267.0,7452.66666667
90704,576600.0,781.0,464.0,462.0,469.0,465.0
91978,414200.0,781.0,1901.0,1952.0,1933.0,1928.66666667
93277,174600.0,780.875,7717.0,7645.0,7681.0,7681.0
92801,424600.0,780.727272727,7333.0,7147.0,7169.0,7216.33333333
92706,494100.0,780.714285714,4010.0,4185.0,4310.0,4168.33333333
92865,548700.0,780.666666667,965.0,924.0,910.0,933.0
91710,408200.0,780.6,10567.0,10262.0,10049.0,10292.6666667
90804,399100.0,780.6,5093.0,5045.0,5060.0,5066.0
92555,296400.0,780.571428571,6148.0,6068.0,6017.0,6077.66666667
92780,574400.0,780.538461538,6752.0,6811.0,6788.0,6783.66666667
93313,206900.0,780.5,5836.0,5977.0,6100.0,5971.0
92841,464200.0,780.5,5474.0,5365.0,5320.0,5386.33333333
91731,402300.0,780.333333333,3671.0,3614.0,3588.0,3624.33333333
93013,773600.0,780.0,1631.0,1613.0,1603.0,1615.66666667
96013,121900.0,780.0,374.0,375.0,401.0,383.333333333
95046,862700.0,780.0,367.0,349.0,305.0,340.333333333
95973,280800.0,780.0,96.0,103.0,91.0,96.6666666667
96093,166700.0,780.0,553.0,521.0,498.0,524.0
95386,180200.0,779.833333333,2787.0,2742.0,2787.0,2772.0
93622,126700.0,779.25,1490.0,1557.0,1608.0,1551.66666667
95982,181800.0,779.0,832.0,789.0,755.0,792.0
94020,883000.0,779.0,95.0,75.0,47.0,72.3333333333
91506,640600.0,778.833333333,4301.0,4120.0,4257.0,4226.0
92020,416600.0,778.4375,5419.0,5579.0,5775.0,5591.0
92173,327700.0,778.166666667,3121.0,3069.0,3214.0,3134.66666667
91733,395300.0,778.125,4128.0,4072.0,3976.0,4058.66666667
91911,372300.0,777.956521739,9897.0,9897.0,9641.0,9811.66666667
92551,231400.0,777.222222222,7402.0,7418.0,7341.0,7387.0
95608,430500.0,776.9375,7730.0,7907.0,8308.0,7981.66666667
95621,275000.0,776.857142857,2651.0,2399.0,2276.0,2442.0
95437,335900.0,776.5,1336.0,1279.0,1278.0,1297.66666667
92503,292300.0,776.5,11376.0,11663.0,11360.0,11466.3333333
94558,494300.0,776.285714286,9260.0,8882.0,8899.0,9013.66666667
90744,372200.0,775.9,8009.0,7452.0,6523.0,7328.0
91744,371600.0,775.769230769,11685.0,11456.0,11038.0,11393.0
95403,429600.0,775.75,1704.0,1718.0,1717.0,1713.0
94602,660100.0,775.75,1439.0,1388.0,1323.0,1383.33333333
90746,442000.0,775.75,2452.0,2342.0,2332.0,2375.33333333
93960,252200.0,775.625,3369.0,3393.0,3444.0,3402.0
95376,314800.0,775.444444444,10347.0,10193.0,10137.0,10225.6666667
90247,390100.0,775.142857143,3959.0,3970.0,3942.0,3957.0
92879,363300.0,775.125,4142.0,4110.0,4171.0,4141.0
94103,886800.0,775.0,627.0,635.0,625.0,629.0
95365,96900.0,775.0,549.0,550.0,531.0,543.333333333
95338,224400.0,774.8,942.0,895.0,1005.0,947.333333333
92571,227300.0,774.7,6463.0,6882.0,6894.0,6746.33333333
91343,456200.0,774.666666667,8071.0,7934.0,8133.0,8046.0
91752,405200.0,774.25,2916.0,2895.0,2825.0,2878.66666667
94545,455700.0,774.0,4808.0,4739.0,4833.0,4793.33333333
95128,743300.0,774.0,2300.0,2376.0,2358.0,2344.66666667
95926,255500.0,774.0,7462.0,7630.0,7575.0,7555.66666667
94803,429100.0,774.0,2104.0,2185.0,2285.0,2191.33333333
93704,193800.0,773.636363636,7901.0,7893.0,7826.0,7873.33333333
95603,340900.0,772.75,3048.0,3092.0,2953.0,3031.0
92377,317300.0,772.666666667,4876.0,4832.0,4835.0,4847.66666667
91740,447100.0,772.666666667,1386.0,1423.0,1421.0,1410.0
95050,762900.0,772.5,2100.0,2095.0,2050.0,2081.66666667
94580,447900.0,772.5,5784.0,5818.0,5952.0,5851.33333333
96064,152700.0,772.2,265.0,232.0,256.0,251.0
93657,173900.0,772.2,6366.0,6359.0,6399.0,6374.66666667
91792,435700.0,772.0,1105.0,1093.0,1046.0,1081.33333333
91406,453400.0,771.923076923,6719.0,6652.0,6764.0,6711.66666667
90660,370700.0,771.214285714,7535.0,7365.0,7182.0,7360.66666667
95638,455200.0,771.0,314.0,312.0,307.0,311.0
95133,609700.0,770.333333333,3934.0,3845.0,3803.0,3860.66666667
92802,447600.0,770.333333333,3995.0,3944.0,3910.0,3949.66666667
92804,446500.0,770.210526316,12959.0,12500.0,12288.0,12582.3333333
93561,212400.0,770.166666667,3150.0,3091.0,3044.0,3095.0
91706,361100.0,770.15,11107.0,10841.0,10583.0,10843.6666667
95111,532700.0,770.0,6176.0,6285.0,6270.0,6243.66666667
94608,477100.0,770.0,1721.0,1806.0,1864.0,1797.0
90241,488300.0,769.857142857,8726.0,8669.0,8794.0,8729.66666667
90710,472800.0,769.75,3368.0,3245.0,3164.0,3259.0
93455,353800.0,769.5,5718.0,6064.0,6136.0,5972.66666667
92069,435800.0,769.363636364,6990.0,7008.0,7047.0,7015.0
94591,323100.0,769.25,3979.0,4503.0,4450.0,4310.66666667
90731,496200.0,769.076923077,7118.0,6777.0,6775.0,6890.0
95123,683400.0,769.0,7769.0,7635.0,7578.0,7660.66666667
95690,291400.0,769.0,107.0,103.0,108.0,106.0
93445,338300.0,769.0,303.0,310.0,288.0,300.333333333
92545,211600.0,768.833333333,5097.0,5055.0,5117.0,5089.66666667
95350,193400.0,768.666666667,7376.0,7138.0,7029.0,7181.0
91602,680600.0,768.666666667,1925.0,1914.0,1895.0,1911.33333333
90745,400900.0,768.545454545,8256.0,7410.0,6454.0,7373.33333333
92704,416700.0,768.35,15231.0,15146.0,15312.0,15229.6666667
90502,371800.0,768.0,760.0,732.0,747.0,746.333333333
96001,217900.0,767.941176471,4383.0,4349.0,4448.0,4393.33333333
94928,414300.0,767.9,4344.0,4175.0,4144.0,4221.0
92227,147200.0,767.888888889,4045.0,4065.0,4044.0,4051.33333333
92346,264600.0,767.571428571,5882.0,5764.0,5679.0,5775.0
92805,418400.0,767.4,8031.0,7835.0,7742.0,7869.33333333
95818,445800.0,767.142857143,3397.0,3530.0,3481.0,3469.33333333
95358,173400.0,767.083333333,3611.0,3527.0,3689.0,3609.0
92201,198700.0,766.944444444,10081.0,10062.0,10147.0,10096.6666667
92025,434900.0,766.818181818,6981.0,6733.0,6937.0,6883.66666667
92509,285500.0,766.736842105,11340.0,11255.0,11264.0,11286.3333333
93510,486100.0,766.666666667,1029.0,926.0,858.0,937.666666667
92102,363200.0,766.647058824,4916.0,5033.0,5099.0,5016.0
92028,487100.0,766.636363636,5165.0,4960.0,4792.0,4972.33333333
94531,360800.0,766.3,6462.0,6360.0,6174.0,6332.0
91605,423200.0,766.125,3997.0,4028.0,3964.0,3996.33333333
90010,741000.0,766.0,952.0,1068.0,1124.0,1048.0
92276,158500.0,766.0,397.0,381.0,376.0,384.666666667
90006,511800.0,766.0,3919.0,3749.0,3563.0,3743.66666667
92392,190900.0,765.882352941,10057.0,10556.0,10078.0,10230.3333333
95642,257600.0,765.333333333,1576.0,1548.0,1478.0,1534.0
92629,776700.0,765.25,2345.0,2373.0,2303.0,2340.33333333
95327,193300.0,765.0,268.0,232.0,250.0,250.0
94085,732900.0,765.0,1444.0,1403.0,1404.0,1417.0
90040,331600.0,765.0,1031.0,1033.0,1058.0,1040.66666667
94560,581900.0,765.0,5755.0,5758.0,5580.0,5697.66666667
92114,342000.0,764.923076923,6129.0,5918.0,5865.0,5970.66666667
91762,325400.0,764.833333333,9897.0,9618.0,9559.0,9691.33333333
95307,200600.0,764.8125,7304.0,7094.0,7044.0,7147.33333333
95991,189300.0,764.769230769,5101.0,5104.0,5136.0,5113.66666667
90250,467300.0,764.75,8122.0,8443.0,8445.0,8336.66666667
94521,499800.0,764.6,5575.0,5604.0,5596.0,5591.66666667
95209,244100.0,764.384615385,5896.0,5802.0,5858.0,5852.0
91042,474400.0,764.2,2148.0,1934.0,1814.0,1965.33333333
92544,192300.0,764.111111111,4997.0,4769.0,4784.0,4850.0
92061,480700.0,764.0,174.0,167.0,198.0,179.666666667
93267,116300.0,763.75,1397.0,1395.0,1410.0,1400.66666667
95354,164400.0,763.0,1919.0,1919.0,1905.0,1914.33333333
92021,382400.0,762.909090909,4711.0,4578.0,4368.0,4552.33333333
95993,242300.0,762.666666667,4551.0,4530.0,4566.0,4549.0
92026,412100.0,762.666666667,6790.0,6784.0,6979.0,6851.0
92337,302100.0,762.545454545,6705.0,7118.0,7100.0,6974.33333333
95122,499500.0,762.421052632,8526.0,8609.0,8331.0,8488.66666667
93240,127900.0,762.333333333,820.0,820.0,759.0,799.666666667
94553,460300.0,762.222222222,3214.0,3195.0,3159.0,3189.33333333
90022,336600.0,762.153846154,7790.0,7754.0,7896.0,7813.33333333
90292,821800.0,762.0,349.0,322.0,321.0,330.666666667
90260,430300.0,761.846153846,7285.0,7454.0,7566.0,7435.0
95694,311000.0,761.666666667,935.0,927.0,1122.0,994.666666667
92335,255000.0,761.176470588,11648.0,11308.0,11254.0,11403.3333333
95237,265300.0,761.0,215.0,287.0,343.0,281.666666667
94931,437000.0,761.0,302.0,291.0,329.0,307.333333333
92583,184500.0,760.888888889,5594.0,5633.0,5805.0,5677.33333333
95776,285500.0,760.5,1814.0,1683.0,1645.0,1714.0
94525,377200.0,760.0,681.0,653.0,665.0,666.333333333
94577,469000.0,760.0,5501.0,5434.0,5404.0,5446.33333333
95695,263400.0,759.923076923,5625.0,5412.0,5378.0,5471.66666667
93274,147600.0,759.791666667,11447.0,11721.0,11881.0,11683.0
95127,548200.0,759.4,6616.0,6543.0,6856.0,6671.66666667
95961,169400.0,759.272727273,3758.0,3659.0,3695.0,3704.0
92627,665300.0,759.111111111,3341.0,3510.0,3453.0,3434.66666667
92083,366800.0,758.769230769,5094.0,5043.0,5171.0,5102.66666667
95210,162500.0,758.625,3801.0,3676.0,3654.0,3710.33333333
92806,501000.0,758.5,5578.0,5710.0,5694.0,5660.66666667
90680,397700.0,758.5,661.0,656.0,673.0,663.333333333
95442,795000.0,758.0,164.0,140.0,152.0,152.0
91768,319900.0,758.0,4524.0,4489.0,4055.0,4356.0
96094,147000.0,758.0,437.0,432.0,416.0,428.333333333
92407,234600.0,757.733333333,8221.0,8136.0,8228.0,8195.0
90023,316700.0,757.692307692,7834.0,7538.0,7285.0,7552.33333333
91010,429800.0,757.625,2928.0,2818.0,2702.0,2816.0
91977,359000.0,757.615384615,6087.0,5878.0,5670.0,5878.33333333
92253,386400.0,757.571428571,4667.0,4545.0,4558.0,4590.0
93010,525600.0,756.5,3419.0,3531.0,3515.0,3488.33333333
95045,471600.0,756.0,579.0,565.0,543.0,562.333333333
93306,159100.0,756.0,11971.0,12283.0,12581.0,12278.3333333
93022,498000.0,756.0,248.0,217.0,217.0,227.333333333
95112,570500.0,755.833333333,2700.0,2657.0,2692.0,2683.0
92311,93000.0,755.6,3596.0,3597.0,3480.0,3557.66666667
90042,513700.0,755.538461538,5682.0,5216.0,5018.0,5305.33333333
91722,401500.0,755.444444444,4633.0,4469.0,4223.0,4441.66666667
92234,231100.0,755.333333333,7061.0,7054.0,6761.0,6958.66666667
93640,117200.0,755.25,1837.0,1919.0,1973.0,1909.66666667
91763,332800.0,755.090909091,6755.0,6746.0,6800.0,6767.0
92707,380100.0,754.909090909,7322.0,7156.0,7237.0,7238.33333333
90038,686200.0,754.75,2154.0,2056.0,1920.0,2043.33333333
95116,483700.0,754.538461538,3977.0,4148.0,4257.0,4127.33333333
95627,205300.0,754.5,682.0,651.0,635.0,656.0
96003,234100.0,754.272727273,2454.0,2584.0,2572.0,2536.66666667
94579,469700.0,754.0,1807.0,1866.0,1805.0,1826.0
91331,357500.0,753.666666667,9734.0,9477.0,9308.0,9506.33333333
94601,320000.0,753.294117647,3590.0,3655.0,3946.0,3730.33333333
91342,404800.0,753.222222222,9219.0,8511.0,7866.0,8532.0
91702,366600.0,752.928571429,6067.0,5734.0,5609.0,5803.33333333
93662,156300.0,752.727272727,4548.0,4554.0,4548.0,4550.0
94589,236000.0,752.6,3939.0,4156.0,4168.0,4087.66666667
90706,401700.0,752.5,5219.0,5118.0,5002.0,5113.0
92507,280600.0,752.285714286,4552.0,4453.0,4403.0,4469.33333333
93646,116000.0,752.2,1799.0,1817.0,1879.0,1831.66666667
92243,159400.0,752.2,8576.0,8513.0,8743.0,8610.66666667
92111,474300.0,752.125,4200.0,4031.0,3962.0,4064.33333333
95207,179100.0,752.0,6659.0,6619.0,6913.0,6730.33333333
93901,398700.0,751.375,4455.0,4538.0,4740.0,4577.66666667
93308,173800.0,751.25,5264.0,5037.0,5006.0,5102.33333333
95320,252200.0,751.2,1960.0,1903.0,1872.0,1911.66666667
90605,408100.0,750.9,5541.0,5690.0,5769.0,5666.66666667
95425,400200.0,750.666666667,1008.0,1004.0,1009.0,1007.0
93230,160900.0,750.333333333,8027.0,8115.0,8358.0,8166.66666667
93215,147100.0,750.266666667,7150.0,7567.0,7695.0,7470.66666667
93609,138100.0,749.666666667,1089.0,1062.0,1087.0,1079.33333333
95336,257800.0,749.615384615,8209.0,8130.0,8021.0,8120.0
92345,179000.0,749.538461538,14000.0,13908.0,14209.0,14039.0
92250,143600.0,749.5,1181.0,1131.0,1130.0,1147.33333333
95901,161900.0,749.466666667,3532.0,3505.0,3559.0,3532.0
92082,503200.0,749.375,2825.0,2766.0,2720.0,2770.33333333
90255,334400.0,749.133333333,12599.0,12013.0,10095.0,11569.0
95361,258000.0,749.090909091,3160.0,3224.0,3118.0,3167.33333333
92115,397100.0,749.076923077,4718.0,4851.0,5512.0,5027.0
90303,404000.0,749.0,3117.0,2945.0,2868.0,2976.66666667
91764,302100.0,748.909090909,4866.0,5054.0,5090.0,5003.33333333
93725,133900.0,748.4,3429.0,3358.0,3372.0,3386.33333333
95060,757300.0,748.375,2487.0,2464.0,2495.0,2482.0
90007,491200.0,748.263157895,10121.0,9813.0,9641.0,9858.33333333
95814,337500.0,748.0,148.0,146.0,143.0,145.666666667
94564,405100.0,747.5,2921.0,2766.0,2702.0,2796.33333333
95321,209900.0,747.5,256.0,259.0,241.0,252.0
90805,345800.0,747.076923077,10028.0,9590.0,9622.0,9746.66666667
93453,459600.0,747.0,212.0,223.0,221.0,218.666666667
94014,598200.0,747.0,2941.0,2993.0,2991.0,2975.0
96134,77700.0,747.0,338.0,355.0,343.0,345.333333333
95451,204600.0,747.0,1196.0,1167.0,1149.0,1170.66666667
94572,380500.0,747.0,459.0,454.0,457.0,456.666666667
95023,404200.0,746.823529412,7002.0,6976.0,7057.0,7011.66666667
96019,150900.0,746.75,1367.0,1383.0,1224.0,1324.66666667
92543,137100.0,746.714285714,3723.0,3869.0,3686.0,3759.33333333
95242,306700.0,746.7,5140.0,5158.0,5155.0,5151.0
95833,272900.0,746.666666667,2714.0,2646.0,2637.0,2665.66666667
94063,691300.0,746.0,1774.0,1775.0,1750.0,1766.33333333
93202,121500.0,746.0,689.0,698.0,692.0,693.0
92316,245900.0,746.0,6064.0,5875.0,5595.0,5844.66666667
92027,367900.0,745.833333333,7212.0,7055.0,7242.0,7169.66666667
91732,414100.0,745.777777778,10280.0,10201.0,9994.0,10158.3333333
95330,288700.0,745.0,2730.0,2804.0,2898.0,2810.66666667
93436,254400.0,744.583333333,5341.0,5198.0,5270.0,5269.66666667
95822,194800.0,744.5,4483.0,4438.0,4447.0,4456.0
93309,172800.0,744.357142857,6702.0,6738.0,6723.0,6721.0
92105,318500.0,744.214285714,5506.0,5442.0,5575.0,5507.66666667
90032,376600.0,744.153846154,6279.0,5978.0,5761.0,6006.0
95458,118300.0,744.0,158.0,128.0,163.0,149.666666667
92570,240500.0,743.8,8275.0,8463.0,8632.0,8456.66666667
90220,269200.0,743.5,5810.0,5797.0,5716.0,5774.33333333
95660,157400.0,743.5,3588.0,3860.0,3972.0,3806.66666667
91932,382600.0,743.5,2781.0,2653.0,2761.0,2731.66666667
92703,387800.0,742.363636364,4998.0,4973.0,4785.0,4918.66666667
94112,736900.0,742.166666667,3921.0,3964.0,3895.0,3926.66666667
96007,174000.0,742.1,1957.0,1853.0,1972.0,1927.33333333
90031,404900.0,742.0,4866.0,4739.0,4303.0,4636.0
95062,677900.0,741.909090909,2938.0,2862.0,2886.0,2895.33333333
90018,427700.0,741.666666667,4998.0,4989.0,4922.0,4969.66666667
91204,424600.0,741.5,513.0,576.0,573.0,554.0
95628,417000.0,741.333333333,4998.0,5097.0,5026.0,5040.33333333
91103,581100.0,741.2,2118.0,2020.0,1931.0,2023.0
92395,171100.0,741.2,7714.0,7572.0,7582.0,7622.66666667
90280,332800.0,741.095238095,15765.0,15390.0,14510.0,15221.6666667
90716,324100.0,741.0,1018.0,987.0,960.0,988.333333333
94518,521800.0,740.4,2368.0,2465.0,2425.0,2419.33333333
96080,145500.0,739.733333333,3259.0,3129.0,3091.0,3159.66666667
95670,235800.0,739.615384615,5272.0,5011.0,4987.0,5090.0
91107,764300.0,739.454545455,6216.0,5891.0,5843.0,5983.33333333
90019,807000.0,739.428571429,4709.0,4396.0,4156.0,4420.33333333
93727,188400.0,739.357142857,7405.0,7355.0,7456.0,7405.33333333
90813,321000.0,739.333333333,7410.0,7352.0,7261.0,7341.0
95126,673800.0,739.25,3065.0,3145.0,3244.0,3151.33333333
93210,136300.0,739.25,2155.0,2180.0,2183.0,2172.66666667
94565,293900.0,739.235294118,8922.0,9226.0,8709.0,8952.33333333
92590,855000.0,738.666666667,3397.0,3930.0,3907.0,3744.66666667
93041,311800.0,738.5,1678.0,1706.0,1711.0,1698.33333333
90810,349300.0,738.25,6014.0,5834.0,5677.0,5841.66666667
93257,143500.0,738.233333333,12484.0,12999.0,13198.0,12893.6666667
91340,345700.0,738.2,7339.0,7014.0,6560.0,6971.0
95490,228600.0,737.666666667,1259.0,1184.0,1179.0,1207.33333333
93454,275200.0,737.454545455,7675.0,7730.0,8033.0,7812.66666667
95567,264200.0,737.0,179.0,173.0,164.0,172.0
93955,375500.0,736.777777778,3387.0,3309.0,3313.0,3336.33333333
91601,512400.0,736.166666667,3973.0,3791.0,3609.0,3791.0
90262,304300.0,735.941176471,11179.0,10563.0,10565.0,10769.0
92506,371000.0,735.6,7599.0,7623.0,7517.0,7579.66666667
92539,179800.0,735.5,631.0,597.0,548.0,592.0
94134,677100.0,735.428571429,2338.0,2567.0,2646.0,2517.0
96130,115800.0,735.0,1659.0,1612.0,1676.0,1649.0
93705,133800.0,734.857142857,2473.0,2421.0,2408.0,2434.0
90301,321600.0,734.5,4579.0,4368.0,4358.0,4435.0
93036,405300.0,734.363636364,7998.0,8125.0,8103.0,8075.33333333
94578,437300.0,734.333333333,879.0,860.0,904.0,881.0
92284,136300.0,734.0,2634.0,2434.0,2481.0,2516.33333333
93933,415600.0,733.666666667,1987.0,1990.0,1877.0,1951.33333333
95824,144300.0,733.0,2704.0,2660.0,2626.0,2663.33333333
93637,176400.0,732.928571429,7846.0,7924.0,7970.0,7913.33333333
93543,180300.0,732.75,2173.0,2014.0,2017.0,2068.0
93101,794600.0,732.5,1461.0,1478.0,1424.0,1454.33333333
95966,159000.0,732.454545455,4045.0,3908.0,3774.0,3909.0
93552,216300.0,732.1,7591.0,7378.0,7067.0,7345.33333333
92308,176100.0,732.0,4871.0,5095.0,5425.0,5130.33333333
95204,158400.0,731.75,3196.0,3175.0,3092.0,3154.33333333
95610,241500.0,731.333333333,2276.0,2386.0,2384.0,2348.66666667
90005,685100.0,731.333333333,5667.0,5840.0,5837.0,5781.33333333
95817,230400.0,731.0,808.0,848.0,915.0,857.0
93242,121700.0,731.0,493.0,483.0,483.0,486.333333333
94704,790100.0,730.0,2470.0,2390.0,2334.0,2398.0
93304,127200.0,729.642857143,6182.0,6228.0,6508.0,6306.0
91402,356400.0,729.6,5694.0,5308.0,5035.0,5345.66666667
90001,267100.0,729.583333333,7585.0,7617.0,7125.0,7442.33333333
90011,307400.0,729.321428571,15993.0,14365.0,13876.0,14744.6666667
95340,187400.0,729.176470588,6555.0,6381.0,6158.0,6364.66666667
95827,224800.0,729.0,2063.0,1953.0,1911.0,1975.66666667
92254,114000.0,729.0,1214.0,1314.0,1302.0,1276.66666667
92376,251800.0,728.9,11223.0,11140.0,11282.0,11215.0
94590,218200.0,728.8,1539.0,1798.0,1650.0,1662.33333333
92004,229600.0,728.666666667,347.0,352.0,303.0,334.0
95492,483600.0,727.875,3940.0,3923.0,3904.0,3922.33333333
94606,393700.0,727.857142857,1984.0,1937.0,1852.0,1924.33333333
94533,262000.0,727.764705882,8686.0,8780.0,9418.0,8961.33333333
93307,130000.0,727.476190476,12519.0,12698.0,12768.0,12661.6666667
95965,154100.0,727.0,1280.0,1283.0,1247.0,1270.0
92394,177100.0,727.0,733.0,679.0,676.0,696.0
94607,409500.0,726.8,1694.0,1813.0,2242.0,1916.33333333
90201,337700.0,726.736842105,17117.0,16724.0,16572.0,16804.3333333
95363,252000.0,726.0,3977.0,3992.0,3976.0,3981.66666667
95691,295400.0,726.0,4111.0,4223.0,4169.0,4167.66666667
90221,287900.0,725.6,6201.0,6517.0,6660.0,6459.33333333
93212,103900.0,725.5,2277.0,2226.0,2233.0,2245.33333333
90222,257100.0,725.5,2837.0,2729.0,2680.0,2748.66666667
94603,255500.0,725.363636364,2907.0,2939.0,3046.0,2964.0
95828,203800.0,725.1,5412.0,5241.0,5187.0,5280.0
90059,261500.0,725.076923077,4379.0,4610.0,4616.0,4535.0
92220,186500.0,724.5,2946.0,2892.0,2758.0,2865.33333333
92867,603300.0,724.4,2961.0,2841.0,2841.0,2881.0
93286,134200.0,724.25,1623.0,1618.0,1643.0,1628.0
95351,139200.0,724.076923077,6580.0,6481.0,6569.0,6543.33333333
93906,321700.0,724.055555556,8641.0,9046.0,9208.0,8965.0
95240,219500.0,723.538461538,4268.0,4378.0,4357.0,4334.33333333
92101,486800.0,723.181818182,2683.0,2908.0,3029.0,2873.33333333
95470,367300.0,723.0,391.0,409.0,372.0,390.666666667
93033,352300.0,722.888888889,11811.0,11746.0,11934.0,11830.3333333
92240,151000.0,722.571428571,4799.0,4185.0,4166.0,4383.33333333
92324,212500.0,722.466666667,9164.0,9186.0,8243.0,8864.33333333
93905,275300.0,722.357142857,8168.0,8498.0,8813.0,8493.0
93648,123000.0,722.333333333,2121.0,2114.0,2160.0,2131.66666667
90305,398700.0,722.25,1243.0,1022.0,995.0,1086.66666667
91303,394400.0,722.166666667,2768.0,2753.0,2785.0,2768.66666667
95838,199200.0,721.909090909,4193.0,4341.0,4469.0,4334.33333333
93458,253900.0,721.8,5071.0,5285.0,5526.0,5294.0
92408,195700.0,721.75,963.0,1069.0,1318.0,1116.66666667
95954,160600.0,721.666666667,591.0,559.0,533.0,561.0
91106,554400.0,721.5,1227.0,1209.0,1193.0,1209.66666667
91906,227300.0,721.0,265.0,277.0,270.0,270.666666667
95370,217900.0,720.5,2072.0,1932.0,1947.0,1983.66666667
93907,385200.0,720.25,1863.0,1908.0,1927.0,1899.33333333
95605,173100.0,720.0,957.0,920.0,1004.0,960.333333333
94509,273500.0,720.0,6241.0,6130.0,6269.0,6213.33333333
91766,326200.0,719.666666667,8353.0,8349.0,8701.0,8467.66666667
90037,348200.0,719.666666667,6385.0,5929.0,4694.0,5669.33333333
96025,128900.0,719.5,164.0,152.0,133.0,149.666666667
90016,431100.0,719.4,3634.0,3598.0,3444.0,3558.66666667
93268,106300.0,719.375,2104.0,2117.0,2057.0,2092.66666667
91405,431500.0,718.833333333,3703.0,3660.0,3449.0,3604.0
90043,410600.0,718.571428571,4667.0,4760.0,4755.0,4727.33333333
90062,371700.0,718.0,2095.0,1937.0,1793.0,1941.66666667
93030,420200.0,718.0,7796.0,7576.0,7650.0,7674.0
93726,148100.0,717.714285714,5525.0,5359.0,5486.0,5456.66666667
95367,233600.0,717.666666667,2089.0,2185.0,2247.0,2173.66666667
93280,134500.0,716.777777778,3806.0,3895.0,3962.0,3887.66666667
92404,197500.0,716.3125,9204.0,9206.0,8227.0,8879.0
94806,293400.0,716.142857143,4596.0,4660.0,4778.0,4678.0
95832,170200.0,716.0,739.0,734.0,823.0,765.333333333
95131,706700.0,715.6,1989.0,2236.0,2167.0,2130.66666667
92356,112300.0,715.0,622.0,440.0,445.0,502.333333333
92264,277100.0,715.0,893.0,862.0,869.0,874.666666667
92236,174100.0,714.5,5073.0,5145.0,5373.0,5197.0
93618,152500.0,713.916666667,4666.0,4722.0,4905.0,4764.33333333
94612,442700.0,713.0,1318.0,1296.0,1291.0,1301.66666667
92084,447300.0,712.888888889,4799.0,4923.0,4880.0,4867.33333333
94559,469800.0,712.8,1243.0,1253.0,1271.0,1255.66666667
91401,629700.0,712.625,3502.0,3395.0,3465.0,3454.0
91352,396600.0,712.181818182,7569.0,7075.0,6897.0,7180.33333333
93291,192700.0,712.055555556,7428.0,7679.0,7626.0,7577.66666667
95215,121900.0,712.0,3887.0,3830.0,3715.0,3810.66666667
91411,571600.0,711.6,4439.0,4351.0,4377.0,4389.0
92113,303300.0,711.538461538,5084.0,5286.0,5093.0,5154.33333333
95987,177400.0,711.5,830.0,863.0,881.0,858.0
93647,128700.0,711.0,2343.0,2361.0,2429.0,2377.66666667
95620,333400.0,710.666666667,2619.0,2578.0,2523.0,2573.33333333
95476,591300.0,710.5,3256.0,3237.0,3236.0,3243.0
94605,401400.0,710.4,2270.0,2258.0,2140.0,2222.66666667
90026,652100.0,710.235294118,6428.0,6116.0,6034.0,6192.66666667
93701,94600.0,710.166666667,2170.0,2191.0,2077.0,2146.0
93203,124900.0,710.0,4140.0,4095.0,3978.0,4071.0
90003,279900.0,709.333333333,10267.0,9133.0,8949.0,9449.66666667
95916,171300.0,709.0,48.0,37.0,45.0,43.3333333333
93305,114600.0,708.714285714,2874.0,2992.0,3109.0,2991.66666667
93270,175700.0,707.5,648.0,635.0,651.0,644.666666667
93241,85800.0,707.5,1429.0,1404.0,1457.0,1430.0
90028,653200.0,706.5,4171.0,3884.0,3516.0,3857.0
94621,231600.0,706.307692308,2963.0,2914.0,3098.0,2991.66666667
92314,200600.0,705.5,608.0,604.0,571.0,594.333333333
95823,185300.0,705.470588235,8538.0,8429.0,8519.0,8495.33333333
95076,421400.0,703.961538462,10478.0,10686.0,10985.0,10716.3333333
95482,284700.0,703.428571429,3998.0,3988.0,3998.0,3994.66666667
94805,390700.0,703.0,1260.0,1336.0,1312.0,1302.66666667
91746,374500.0,702.875,3316.0,3091.0,3085.0,3164.0
92405,173400.0,702.75,4448.0,4365.0,4079.0,4297.33333333
94801,236800.0,702.571428571,1874.0,1929.0,1907.0,1903.33333333
93702,88400.0,702.5,5802.0,5654.0,5662.0,5706.0
95380,198100.0,701.777777778,4597.0,4579.0,4673.0,4616.33333333
93015,340300.0,701.666666667,1145.0,1162.0,1104.0,1137.0
90044,300400.0,701.538461538,7317.0,7176.0,6678.0,7057.0
90061,289900.0,700.4,3891.0,3866.0,3567.0,3774.66666667
93505,85800.0,699.5,1204.0,1229.0,1238.0,1223.66666667
90640,422000.0,699.333333333,11329.0,10690.0,10330.0,10783.0
95203,142900.0,699.25,1138.0,1103.0,1149.0,1130.0
93292,179400.0,698.846153846,4557.0,4492.0,4476.0,4508.33333333
95501,216800.0,698.5,2260.0,2066.0,2014.0,2113.33333333
94124,610100.0,698.0,1295.0,1199.0,1139.0,1211.0
92553,222100.0,697.315789474,9571.0,9497.0,9398.0,9488.66666667
91767,331600.0,697.285714286,5044.0,4883.0,4899.0,4942.0
90248,404200.0,696.0,2450.0,2064.0,1930.0,2148.0
93235,95400.0,696.0,410.0,420.0,403.0,411.0
94520,339000.0,695.4,2371.0,2379.0,2299.0,2349.66666667
95655,301600.0,695.333333333,386.0,482.0,494.0,454.0
93434,205600.0,695.0,825.0,842.0,795.0,820.666666667
96137,313500.0,693.0,236.0,222.0,215.0,224.333333333
93638,138300.0,692.1875,6028.0,6152.0,6264.0,6148.0
93728,130500.0,691.6,1487.0,1547.0,1537.0,1523.66666667
93535,172700.0,691.5,9215.0,8675.0,8755.0,8881.66666667
93513,181000.0,691.0,117.0,119.0,124.0,120.0
94541,436400.0,690.833333333,4429.0,4457.0,4576.0,4487.33333333
93301,162500.0,689.75,3887.0,3891.0,4061.0,3946.33333333
93263,135600.0,689.285714286,3580.0,3566.0,3587.0,3577.66666667
92231,174300.0,688.090909091,5853.0,5808.0,5951.0,5870.66666667
93256,109900.0,687.0,684.0,747.0,774.0,735.0
93660,118100.0,686.0,551.0,579.0,581.0,570.333333333
93234,125400.0,686.0,813.0,835.0,854.0,834.0
95540,244000.0,685.857142857,1534.0,1473.0,1485.0,1497.33333333
93219,116000.0,685.5,1434.0,1389.0,1409.0,1410.66666667
93927,198000.0,685.333333333,2559.0,2659.0,2824.0,2680.66666667
93706,101700.0,684.291666667,7385.0,7517.0,7649.0,7517.0
92325,165100.0,683.5,407.0,347.0,333.0,362.333333333
91962,305100.0,682.0,277.0,290.0,268.0,278.333333333
95685,275600.0,681.2,799.0,794.0,798.0,797.0
90047,328200.0,680.636363636,4073.0,3952.0,3762.0,3929.0
94804,299900.0,680.222222222,3498.0,3535.0,3477.0,3503.33333333
90033,340200.0,680.111111111,7663.0,7231.0,6690.0,7194.66666667
95249,177700.0,679.6,1211.0,1199.0,1264.0,1224.66666667
95255,148900.0,678.0,65.0,59.0,52.0,58.6666666667
95422,102200.0,676.666666667,759.0,774.0,806.0,779.666666667
93550,180500.0,675.571428571,8484.0,8319.0,8103.0,8302.0
90063,318500.0,675.4375,7327.0,7250.0,7064.0,7213.66666667
90008,548600.0,671.857142857,2219.0,2158.0,2126.0,2167.66666667
94609,667700.0,670.8,634.0,655.0,775.0,688.0
94544,443000.0,670.583333333,4147.0,4119.0,4130.0,4132.0
92582,234000.0,670.0,938.0,885.0,873.0,898.666666667
95206,174900.0,669.48,11159.0,10940.0,11052.0,11050.3333333
93703,120400.0,669.2,4475.0,4483.0,4401.0,4453.0
93250,129100.0,666.8,2267.0,2273.0,2313.0,2284.33333333
93534,153200.0,664.25,3557.0,2744.0,2471.0,2924.0
90017,497200.0,662.888888889,4136.0,3882.0,3811.0,3943.0
92121,515300.0,662.0,1016.0,1129.0,1115.0,1086.66666667
90002,254500.0,659.090909091,4971.0,4470.0,4328.0,4589.66666667
92344,241700.0,656.0,1635.0,1720.0,1715.0,1690.0
93223,114600.0,655.5,1427.0,1470.0,1323.0,1406.66666667
92225,122000.0,652.0,1995.0,1982.0,1969.0,1982.0
93204,102700.0,647.25,1488.0,1579.0,1609.0,1558.66666667
93926,255300.0,645.5,1629.0,1643.0,1738.0,1670.0
95205,106800.0,644.0,3489.0,3532.0,3689.0,3570.0
93560,159300.0,643.166666667,2091.0,1998.0,1979.0,2022.66666667
93501,75300.0,641.0,513.0,493.0,477.0,494.333333333
93247,136200.0,637.2,2272.0,1877.0,1931.0,2026.66666667
94519,414900.0,635.0,785.0,814.0,815.0,804.666666667
95602,376900.0,628.5,115.0,85.0,97.0,99.0
95619,242000.0,622.0,48.0,36.0,41.0,41.6666666667
94102,783000.0,617.0,231.0,267.0,272.0,256.666666667
90056,906900.0,614.0,180.0,214.0,151.0,181.666666667
95423,150500.0,576.5,169.0,168.0,142.0,159.666666667
