Zip,zindex,wh_avg_w,wh_num11,wh_num12,wh_num13,wh_num_avg
94702,688800.0,982.0,71.0,78.0,85.0,78.0
94609,667700.0,979.0,58.0,79.0,107.0,81.3333333333
94703,729400.0,965.666666667,498.0,534.0,552.0,528.0
94710,662800.0,965.0,85.0,117.0,122.0,108.0
94708,997000.0,964.5,336.0,373.0,367.0,358.666666667
94606,393700.0,963.0,14.0,17.0,25.0,18.6666666667
90249,415200.0,959.0,27.0,23.0,19.0,23.0
90069,737800.0,957.0,73.0,103.0,125.0,100.333333333
94709,772100.0,955.0,81.0,91.0,89.0,87.0
93924,886700.0,951.0,169.0,179.0,175.0,174.333333333
90026,652100.0,950.0,27.0,19.0,17.0,21.0
90403,958100.0,948.666666667,1342.0,1337.0,1338.0,1339.0
90293,541700.0,948.0,84.0,82.0,75.0,80.3333333333
94552,823300.0,948.0,587.0,564.0,589.0,580.0
94502,733400.0,947.0,225.0,203.0,210.0,212.666666667
94611,942300.0,945.9,2182.0,2313.0,2384.0,2293.0
92603,990900.0,945.75,857.0,954.0,941.0,917.333333333
93111,832700.0,944.75,561.0,525.0,488.0,524.666666667
90720,797000.0,944.75,3888.0,3750.0,3685.0,3774.33333333
92007,860900.0,944.5,404.0,406.0,401.0,403.666666667
93619,373500.0,942.75,1109.0,1106.0,1097.0,1104.0
95135,922500.0,942.0,260.0,230.0,226.0,238.666666667
92107,766900.0,942.0,875.0,859.0,885.0,873.0
93101,794600.0,941.0,272.0,250.0,223.0,248.333333333
92130,896100.0,940.25,5236.0,5140.0,5031.0,5135.66666667
91030,851900.0,940.2,1145.0,1114.0,1104.0,1121.0
92210,701500.0,940.0,294.0,263.0,246.0,267.666666667
90404,726000.0,939.0,137.0,153.0,160.0,150.0
91345,419000.0,938.0,44.0,37.0,41.0,40.6666666667
92104,478800.0,936.0,67.0,73.0,106.0,82.0
92694,732200.0,936.0,2114.0,2205.0,2325.0,2214.66666667
90024,986200.0,935.333333333,657.0,637.0,608.0,634.0
92009,736500.0,935.1,4478.0,4514.0,4447.0,4479.66666667
91024,828200.0,933.0,381.0,424.0,470.0,425.0
95033,925200.0,933.0,408.0,419.0,394.0,407.0
93720,278300.0,932.8,3067.0,2971.0,2841.0,2959.66666667
95138,927000.0,932.5,323.0,303.0,281.0,302.333333333
92602,790000.0,932.25,1062.0,1173.0,1294.0,1176.33333333
94132,854100.0,932.0,388.0,318.0,291.0,332.333333333
94901,878500.0,931.333333333,942.0,1004.0,1024.0,990.0
92705,792900.0,931.222222222,2854.0,2795.0,2646.0,2765.0
93648,123000.0,931.0,104.0,89.0,87.0,93.3333333333
90803,791800.0,930.2,1073.0,1104.0,1121.0,1099.33333333
90740,809300.0,930.0,297.0,317.0,328.0,314.0
92706,494100.0,930.0,45.0,40.0,48.0,44.3333333333
91326,676100.0,929.666666667,659.0,498.0,457.0,538.0
93730,377600.0,929.666666667,1565.0,1674.0,1715.0,1651.33333333
90807,515000.0,929.333333333,435.0,430.0,428.0,431.0
90230,639800.0,929.285714286,1126.0,1145.0,1148.0,1139.66666667
95130,980700.0,928.5,735.0,732.0,712.0,726.333333333
92782,642300.0,928.0,1026.0,1019.0,956.0,1000.33333333
92122,589500.0,927.8,1507.0,1511.0,1464.0,1494.0
94949,769200.0,927.666666667,403.0,416.0,401.0,406.666666667
94063,691300.0,927.5,151.0,167.0,178.0,165.333333333
92679,771500.0,926.666666667,1199.0,1147.0,1089.0,1145.0
94706,718100.0,926.2,1098.0,1029.0,1025.0,1050.66666667
96146,507900.0,926.0,44.0,35.0,47.0,42.0
95683,423300.0,926.0,252.0,258.0,248.0,252.666666667
94595,476400.0,925.0,226.0,247.0,238.0,237.0
90278,781000.0,924.2,802.0,859.0,869.0,843.333333333
93463,664300.0,924.0,311.0,286.0,285.0,294.0
91784,586900.0,923.666666667,1010.0,1004.0,983.0,999.0
92069,435800.0,923.571428571,2195.0,2127.0,2114.0,2145.33333333
92887,773900.0,923.5,1106.0,1044.0,983.0,1044.33333333
92701,372000.0,923.5,680.0,743.0,792.0,738.333333333
91914,609900.0,923.25,671.0,681.0,716.0,689.333333333
94122,980300.0,923.2,441.0,275.0,296.0,337.333333333
92011,767800.0,923.0,638.0,664.0,681.0,661.0
90814,642700.0,923.0,174.0,181.0,176.0,177.0
94526,990400.0,922.888888889,5111.0,5211.0,5223.0,5181.66666667
92620,768300.0,922.75,1659.0,1742.0,1702.0,1701.0
90277,918300.0,922.6,1930.0,1975.0,1991.0,1965.33333333
92236,174100.0,922.0,145.0,146.0,165.0,152.0
92835,663700.0,921.75,736.0,735.0,781.0,750.666666667
92127,683300.0,921.25,2784.0,2929.0,2904.0,2872.33333333
91101,452600.0,921.0,108.0,110.0,104.0,107.333333333
90005,685100.0,921.0,136.0,133.0,113.0,127.333333333
94960,992700.0,920.666666667,1153.0,883.0,911.0,982.333333333
95762,532600.0,920.333333333,4136.0,4039.0,3890.0,4021.66666667
91307,572700.0,920.25,661.0,530.0,522.0,571.0
91750,540200.0,920.0,886.0,893.0,863.0,880.666666667
94930,742200.0,919.5,696.0,704.0,722.0,707.333333333
92688,573500.0,918.2,5490.0,5293.0,5078.0,5287.0
91708,423500.0,918.0,163.0,179.0,187.0,176.333333333
95693,527800.0,918.0,202.0,190.0,193.0,195.0
92604,682000.0,917.625,2178.0,2256.0,2253.0,2229.0
94103,886800.0,917.5,35.0,31.0,32.0,32.6666666667
92129,652300.0,917.416666667,4191.0,4031.0,3939.0,4053.66666667
92618,723800.0,917.0,221.0,227.0,206.0,218.0
94598,826800.0,916.571428571,2390.0,2282.0,2244.0,2305.33333333
94801,236800.0,916.0,22.0,28.0,40.0,30.0
92808,648200.0,915.666666667,1148.0,1198.0,1205.0,1183.66666667
94903,772700.0,915.5,1470.0,1389.0,1368.0,1409.0
92131,671500.0,915.285714286,2727.0,2569.0,2568.0,2621.33333333
95124,896300.0,915.2,3030.0,3122.0,3137.0,3096.33333333
95618,536700.0,915.0,417.0,392.0,317.0,375.333333333
92102,363200.0,915.0,255.0,231.0,227.0,237.666666667
91362,719600.0,914.857142857,3231.0,3166.0,3126.0,3174.33333333
95616,578700.0,913.307692308,3304.0,3294.0,3207.0,3268.33333333
91739,547600.0,913.111111111,2073.0,2096.0,2079.0,2082.66666667
91208,817600.0,913.0,601.0,607.0,608.0,605.333333333
94597,657200.0,912.0,953.0,937.0,921.0,937.0
95742,343900.0,912.0,155.0,211.0,254.0,206.666666667
92103,611200.0,911.6,525.0,535.0,568.0,542.666666667
94583,778700.0,911.555555556,3124.0,3022.0,3034.0,3060.0
95065,661100.0,911.5,149.0,167.0,154.0,156.666666667
90603,480800.0,911.333333333,271.0,246.0,260.0,259.0
95816,425100.0,911.0,556.0,547.0,528.0,543.666666667
90065,599100.0,911.0,270.0,309.0,328.0,302.333333333
94596,804600.0,910.666666667,1062.0,1107.0,1095.0,1088.0
93117,754600.0,910.6,1754.0,1685.0,1616.0,1685.0
90041,652000.0,910.5,488.0,432.0,444.0,454.666666667
93650,107400.0,910.5,131.0,127.0,131.0,129.666666667
90245,846600.0,910.5,1232.0,1321.0,1340.0,1297.66666667
92110,503000.0,910.0,343.0,292.0,306.0,313.666666667
95409,536500.0,909.666666667,1055.0,1045.0,981.0,1027.0
94089,748000.0,909.0,28.0,31.0,37.0,32.0
92648,797500.0,909.0,2589.0,2563.0,2613.0,2588.33333333
94582,944400.0,908.666666667,1388.0,1375.0,1388.0,1383.66666667
91104,648700.0,908.333333333,374.0,393.0,425.0,397.333333333
92264,277100.0,908.0,167.0,169.0,166.0,167.333333333
92883,423200.0,907.75,979.0,1172.0,1175.0,1108.66666667
91354,496900.0,907.4,2065.0,2005.0,2068.0,2046.0
92614,611100.0,907.0,830.0,903.0,924.0,885.666666667
92029,630500.0,907.0,276.0,266.0,231.0,257.666666667
93430,746900.0,907.0,131.0,145.0,142.0,139.333333333
94517,678500.0,907.0,896.0,893.0,869.0,886.0
92128,526900.0,906.666666667,2594.0,2505.0,2532.0,2543.66666667
94019,904400.0,906.6,951.0,942.0,949.0,947.333333333
92677,727400.0,906.375,2707.0,2542.0,2495.0,2581.33333333
92673,806300.0,906.333333333,3423.0,3469.0,3564.0,3485.33333333
90045,815900.0,906.125,522.0,487.0,424.0,477.666666667
93427,491500.0,906.0,311.0,222.0,216.0,249.666666667
96143,362100.0,906.0,61.0,58.0,83.0,67.3333333333
95746,650400.0,906.0,2306.0,2252.0,2110.0,2222.66666667
91913,457300.0,905.6,1246.0,1181.0,1168.0,1198.33333333
91607,702200.0,905.5,288.0,291.0,300.0,293.0
91316,534800.0,905.333333333,263.0,284.0,316.0,287.666666667
91740,447100.0,905.25,451.0,448.0,434.0,444.333333333
92612,659300.0,905.0,973.0,1013.0,976.0,987.333333333
91902,529400.0,905.0,128.0,122.0,118.0,122.666666667
91321,407200.0,904.444444444,2413.0,2309.0,2183.0,2301.66666667
92260,321800.0,904.4,1815.0,1857.0,1841.0,1837.66666667
91423,821000.0,904.333333333,1358.0,1429.0,1455.0,1414.0
92373,419100.0,904.285714286,1394.0,1351.0,1273.0,1339.33333333
92211,325000.0,904.0,181.0,200.0,202.0,194.333333333
91775,753000.0,904.0,158.0,155.0,151.0,154.666666667
92119,487000.0,903.2,963.0,932.0,914.0,936.333333333
92653,658300.0,903.0,1306.0,1263.0,1160.0,1243.0
91403,842500.0,903.0,453.0,429.0,450.0,444.0
94588,789400.0,902.833333333,2304.0,2249.0,2113.0,2222.0
92646,682100.0,902.6,3882.0,3862.0,3899.0,3881.0
92630,597800.0,902.125,3051.0,2938.0,2756.0,2915.0
91942,414000.0,901.75,1007.0,922.0,933.0,954.0
95405,445700.0,901.5,809.0,823.0,807.0,813.0
92120,506600.0,901.333333333,1751.0,1790.0,1735.0,1758.66666667
94704,790100.0,901.0,852.0,796.0,895.0,847.666666667
94037,931200.0,901.0,137.0,127.0,116.0,126.666666667
91505,615100.0,901.0,991.0,1023.0,992.0,1002.0
94043,909200.0,900.75,295.0,292.0,304.0,297.0
92886,678300.0,900.7,3252.0,3137.0,3007.0,3132.0
92692,634400.0,900.5,2995.0,2868.0,2721.0,2861.33333333
94534,426900.0,900.333333333,1158.0,1618.0,1619.0,1465.0
91773,518300.0,900.0,1823.0,1756.0,1740.0,1773.0
92536,308800.0,900.0,100.0,100.0,87.0,95.6666666667
91356,834400.0,900.0,1573.0,1492.0,1439.0,1501.33333333
95452,847500.0,900.0,86.0,76.0,85.0,82.3333333333
95677,348700.0,899.833333333,1545.0,1558.0,1565.0,1556.0
90808,567700.0,899.75,1648.0,1608.0,1632.0,1629.33333333
91709,584100.0,899.571428571,3233.0,3091.0,2919.0,3081.0
91324,508200.0,899.333333333,976.0,948.0,934.0,952.666666667
94401,703600.0,899.25,344.0,367.0,388.0,366.333333333
91791,517900.0,899.142857143,373.0,331.0,293.0,332.333333333
91301,753500.0,898.666666667,2787.0,2855.0,2793.0,2811.66666667
90815,572700.0,898.375,2555.0,2506.0,2377.0,2479.33333333
93449,694100.0,898.0,487.0,494.0,508.0,496.333333333
95650,473700.0,897.666666667,2364.0,2418.0,2390.0,2390.66666667
92807,627100.0,897.5,3087.0,2940.0,2894.0,2973.66666667
92008,718500.0,897.4,3151.0,3152.0,3175.0,3159.33333333
92549,229500.0,897.0,149.0,126.0,125.0,133.333333333
92821,576900.0,896.75,1903.0,1826.0,1749.0,1826.0
92649,679100.0,896.5,2173.0,2057.0,1980.0,2070.0
93908,704800.0,896.5,728.0,736.0,713.0,725.666666667
96161,500600.0,896.285714286,1212.0,1160.0,1164.0,1178.66666667
93013,773600.0,895.2,350.0,338.0,348.0,345.333333333
92587,345300.0,895.0,88.0,89.0,89.0,88.6666666667
93401,615200.0,894.5,1192.0,1230.0,1155.0,1192.33333333
92109,718700.0,894.428571429,680.0,698.0,702.0,693.333333333
95066,703100.0,894.0,1200.0,1131.0,1090.0,1140.33333333
92845,532100.0,893.666666667,1871.0,1767.0,1695.0,1777.66666667
90732,552500.0,893.5,339.0,305.0,301.0,315.0
92591,377800.0,893.428571429,2619.0,2462.0,2440.0,2507.0
92672,765100.0,893.4,1591.0,1562.0,1563.0,1572.0
92024,803000.0,893.111111111,3325.0,3194.0,3196.0,3238.33333333
94619,533000.0,893.0,224.0,207.0,182.0,204.333333333
90505,812100.0,893.0,2056.0,2046.0,1960.0,2020.66666667
92656,511400.0,892.75,3932.0,3824.0,3761.0,3839.0
90034,847800.0,892.428571429,1069.0,1015.0,940.0,1008.0
91737,544700.0,892.4,1748.0,1698.0,1712.0,1719.33333333
93012,517700.0,892.333333333,2111.0,2160.0,2180.0,2150.33333333
91741,586600.0,892.333333333,2460.0,2446.0,2368.0,2424.66666667
93950,713000.0,892.0,931.0,967.0,1026.0,974.666666667
95020,595400.0,891.5,1720.0,1695.0,1688.0,1701.0
92870,568400.0,891.428571429,3327.0,3159.0,3028.0,3171.33333333
91701,470000.0,891.2,3126.0,3053.0,2889.0,3022.66666667
95658,520100.0,891.0,379.0,399.0,383.0,387.0
91201,645700.0,890.666666667,616.0,730.0,786.0,710.666666667
93625,204200.0,890.5,152.0,150.0,168.0,156.666666667
93004,479800.0,890.25,572.0,577.0,559.0,569.333333333
93460,755800.0,890.0,562.0,569.0,569.0,566.666666667
95010,655600.0,890.0,386.0,367.0,374.0,375.666666667
90232,913100.0,890.0,146.0,168.0,177.0,163.666666667
95119,720100.0,890.0,389.0,339.0,338.0,355.333333333
93657,173900.0,889.888888889,903.0,901.0,827.0,877.0
94566,919800.0,889.777777778,3860.0,3802.0,3628.0,3763.33333333
92126,461200.0,889.444444444,1126.0,1093.0,1038.0,1085.66666667
90016,431100.0,889.0,35.0,25.0,17.0,25.6666666667
92116,461600.0,889.0,20.0,25.0,24.0,23.0
91361,866800.0,889.0,591.0,611.0,587.0,596.333333333
91387,446100.0,888.75,907.0,841.0,895.0,881.0
92243,159400.0,888.125,491.0,465.0,439.0,465.0
94555,722200.0,888.0,216.0,208.0,203.0,209.0
90503,738500.0,888.0,1612.0,1536.0,1479.0,1542.33333333
91768,319900.0,888.0,47.0,47.0,46.0,46.6666666667
91711,597300.0,887.222222222,2207.0,2139.0,1891.0,2079.0
91915,453700.0,887.0,610.0,677.0,726.0,671.0
92508,401300.0,887.0,2770.0,2610.0,2676.0,2685.33333333
92832,431400.0,887.0,663.0,666.0,703.0,677.333333333
92270,482600.0,887.0,91.0,94.0,87.0,90.6666666667
94947,625300.0,886.142857143,1621.0,1686.0,1716.0,1674.33333333
95709,267200.0,886.0,247.0,200.0,170.0,205.666666667
95661,379100.0,885.888888889,2915.0,2840.0,2831.0,2862.0
90630,539800.0,885.875,1905.0,1821.0,1680.0,1802.0
92251,188600.0,885.75,500.0,495.0,464.0,486.333333333
91754,546500.0,885.666666667,99.0,77.0,66.0,80.6666666667
90703,634800.0,885.625,810.0,813.0,786.0,803.0
91355,464500.0,885.5,2976.0,2976.0,2933.0,2961.66666667
94574,965100.0,885.5,463.0,485.0,462.0,470.0
90066,986400.0,885.444444444,918.0,933.0,870.0,907.0
91765,624600.0,885.181818182,1040.0,972.0,879.0,963.666666667
95747,391600.0,885.083333333,5281.0,5132.0,4982.0,5131.66666667
94501,727800.0,885.066666667,2009.0,2011.0,1997.0,2005.66666667
92624,747800.0,885.0,201.0,208.0,208.0,205.666666667
94952,629400.0,884.4,417.0,409.0,407.0,411.0
92627,665300.0,884.25,748.0,756.0,756.0,753.333333333
92359,224900.0,884.0,102.0,88.0,80.0,90.0
92626,641900.0,884.0,1650.0,1632.0,1633.0,1638.33333333
94945,692300.0,884.0,713.0,700.0,681.0,698.0
94403,960600.0,883.875,1088.0,1053.0,1067.0,1069.33333333
95682,360100.0,883.375,2442.0,2383.0,2392.0,2405.66666667
94602,660100.0,883.333333333,119.0,163.0,184.0,155.333333333
91360,602000.0,882.727272727,3203.0,3087.0,2911.0,3067.0
95630,424600.0,882.4375,5858.0,5926.0,5840.0,5874.66666667
90039,705900.0,882.333333333,194.0,179.0,200.0,191.0
91910,400100.0,882.214285714,1255.0,1177.0,1041.0,1157.66666667
91016,560300.0,882.0,1035.0,996.0,982.0,1004.33333333
92532,323300.0,881.6,1602.0,1911.0,1931.0,1814.66666667
92203,294400.0,881.5,227.0,264.0,272.0,254.333333333
95672,382100.0,881.333333333,982.0,974.0,916.0,957.333333333
95121,610000.0,881.0,219.0,180.0,193.0,197.333333333
96145,546300.0,881.0,389.0,393.0,336.0,372.666666667
93066,967300.0,881.0,246.0,216.0,217.0,226.333333333
95125,955100.0,880.454545455,1690.0,1748.0,1797.0,1745.0
93060,361100.0,880.333333333,73.0,83.0,80.0,78.6666666667
90620,455700.0,880.25,568.0,542.0,512.0,540.666666667
95148,723200.0,880.222222222,428.0,393.0,350.0,390.333333333
91325,586700.0,880.125,1136.0,994.0,938.0,1022.66666667
91789,699700.0,880.1,653.0,641.0,567.0,620.333333333
91916,354200.0,880.0,79.0,64.0,81.0,74.6666666667
94954,500000.0,879.666666667,1095.0,1034.0,1009.0,1046.0
92880,489900.0,879.571428571,1688.0,1741.0,1618.0,1682.33333333
90701,443400.0,879.5,150.0,145.0,139.0,144.666666667
95008,890500.0,879.4,1047.0,1041.0,940.0,1009.33333333
92563,357400.0,879.307692308,3998.0,4113.0,4179.0,4096.66666667
94530,675600.0,879.2,474.0,505.0,519.0,499.333333333
95118,782000.0,879.125,2141.0,2233.0,2159.0,2177.66666667
90025,751100.0,879.0,695.0,663.0,745.0,701.0
95442,795000.0,879.0,52.0,42.0,47.0,47.0
92592,401200.0,878.941176471,6511.0,6317.0,6407.0,6411.66666667
93021,573700.0,878.818181818,2700.0,2502.0,2347.0,2516.33333333
94515,569800.0,878.5,130.0,112.0,112.0,118.0
91214,702100.0,878.272727273,3865.0,3763.0,3670.0,3766.0
95462,349900.0,878.0,54.0,53.0,52.0,53.0
91364,766500.0,878.0,1729.0,1666.0,1724.0,1706.33333333
92596,344700.0,877.2,1039.0,1105.0,1124.0,1089.33333333
92397,242000.0,877.0,180.0,147.0,158.0,161.666666667
91203,411500.0,877.0,220.0,217.0,212.0,216.333333333
94505,519100.0,877.0,499.0,486.0,469.0,484.666666667
91343,456200.0,876.571428571,461.0,458.0,447.0,455.333333333
94542,669000.0,876.0,95.0,82.0,66.0,81.0
93602,243400.0,876.0,57.0,54.0,66.0,59.0
94551,563900.0,875.833333333,1216.0,1118.0,1122.0,1152.0
92562,366100.0,875.444444444,4686.0,4691.0,4608.0,4661.66666667
92882,407800.0,875.416666667,3343.0,3262.0,2937.0,3180.66666667
92780,574400.0,875.142857143,763.0,740.0,718.0,740.333333333
90623,629200.0,875.0,909.0,870.0,805.0,861.333333333
91501,650500.0,875.0,593.0,622.0,576.0,597.0
94599,760400.0,875.0,34.0,31.0,31.0,32.0
95663,509500.0,875.0,149.0,154.0,144.0,149.0
91320,614200.0,875.0,3617.0,3598.0,3497.0,3570.66666667
90755,406800.0,875.0,21.0,20.0,18.0,19.6666666667
94568,672000.0,874.75,1541.0,1563.0,1582.0,1562.0
95051,859000.0,874.545454545,1441.0,1386.0,1366.0,1397.66666667
91384,468800.0,874.5,1152.0,1117.0,1071.0,1113.33333333
92124,545000.0,874.375,1691.0,1574.0,1510.0,1591.66666667
95765,405200.0,874.142857143,4424.0,4568.0,4598.0,4530.0
93643,227800.0,874.0,79.0,67.0,110.0,85.3333333333
95636,149400.0,874.0,17.0,16.0,15.0,16.0
93711,291500.0,874.0,865.0,878.0,862.0,868.333333333
90604,443500.0,873.8,1242.0,1182.0,1055.0,1159.66666667
90638,466100.0,873.777777778,1242.0,1190.0,1169.0,1200.33333333
92078,502000.0,873.625,2794.0,2979.0,3225.0,2999.33333333
91790,446000.0,873.555555556,296.0,277.0,270.0,281.0
91411,571600.0,873.333333333,556.0,511.0,505.0,524.0
94116,930600.0,873.166666667,481.0,330.0,339.0,383.333333333
92869,614000.0,873.125,1762.0,1709.0,1676.0,1715.66666667
95391,487100.0,873.0,283.0,332.0,396.0,337.0
95758,293400.0,872.75,1564.0,1526.0,1495.0,1528.33333333
92106,925700.0,872.4,1936.0,1887.0,1891.0,1904.66666667
95446,338300.0,872.0,165.0,155.0,132.0,150.666666667
90704,576600.0,872.0,131.0,121.0,121.0,124.333333333
91311,532200.0,871.833333333,1152.0,1062.0,1065.0,1093.0
93631,223500.0,871.571428571,1001.0,1015.0,1028.0,1014.66666667
92064,606400.0,871.272727273,4408.0,4223.0,4217.0,4282.66666667
95465,830700.0,871.0,112.0,115.0,101.0,109.333333333
92354,358900.0,871.0,106.0,73.0,62.0,80.3333333333
92056,412800.0,870.5,1898.0,1888.0,1919.0,1901.66666667
95436,390500.0,870.0,245.0,203.0,188.0,212.0
91901,487200.0,869.6,1116.0,1033.0,994.0,1047.66666667
92691,606600.0,869.4375,5983.0,5664.0,5473.0,5706.66666667
90631,469300.0,869.333333333,1611.0,1556.0,1438.0,1535.0
95247,324200.0,869.0,135.0,117.0,103.0,118.333333333
95073,657000.0,868.75,804.0,797.0,804.0,801.666666667
92584,309800.0,868.333333333,2822.0,2857.0,2795.0,2824.66666667
95046,862700.0,868.0,88.0,75.0,57.0,73.3333333333
94086,987800.0,868.0,233.0,220.0,241.0,231.333333333
95421,440200.0,868.0,34.0,29.0,26.0,29.6666666667
94066,732000.0,867.7,693.0,691.0,686.0,690.0
92833,471300.0,867.666666667,1055.0,1023.0,990.0,1022.66666667
92082,503200.0,867.5,1280.0,1203.0,1121.0,1201.33333333
94044,714100.0,867.428571429,1388.0,1322.0,1242.0,1317.33333333
90240,485500.0,867.25,232.0,203.0,183.0,206.0
91390,548800.0,867.0,100.0,78.0,57.0,78.3333333333
91504,646700.0,867.0,1186.0,1167.0,1195.0,1182.66666667
95757,378600.0,866.7,2274.0,2286.0,2233.0,2264.33333333
95037,779500.0,866.7,2318.0,2182.0,2109.0,2203.0
95448,584400.0,866.6,665.0,615.0,547.0,609.0
91344,523800.0,866.333333333,2488.0,2298.0,2231.0,2339.0
96027,170100.0,866.0,198.0,195.0,183.0,192.0
94020,883000.0,866.0,43.0,37.0,30.0,36.6666666667
92704,416700.0,865.714285714,183.0,182.0,168.0,177.666666667
91040,462100.0,865.666666667,721.0,666.0,643.0,676.666666667
93611,259400.0,865.578947368,6348.0,6192.0,5994.0,6178.0
92586,182700.0,865.0,525.0,536.0,442.0,501.0
95139,672600.0,865.0,307.0,281.0,265.0,284.333333333
93662,156300.0,864.571428571,334.0,316.0,284.0,311.333333333
93654,170100.0,864.142857143,422.0,446.0,408.0,425.333333333
90813,321000.0,864.0,482.0,411.0,432.0,441.666666667
90670,403500.0,864.0,201.0,189.0,181.0,190.333333333
95366,339300.0,864.0,1400.0,1402.0,1335.0,1379.0
95355,246900.0,863.8125,4296.0,3987.0,3967.0,4083.33333333
93636,266000.0,863.75,792.0,846.0,797.0,811.666666667
91745,578900.0,863.454545455,499.0,440.0,422.0,453.666666667
93428,619500.0,863.333333333,226.0,234.0,241.0,233.666666667
91377,692300.0,863.285714286,2404.0,2472.0,2553.0,2476.33333333
95690,291400.0,863.0,19.0,20.0,19.0,19.3333333333
95219,307600.0,863.0,887.0,849.0,793.0,843.0
95128,743300.0,862.75,422.0,424.0,373.0,406.333333333
92708,666300.0,862.714285714,2768.0,2654.0,2617.0,2679.66666667
90029,659100.0,862.666666667,262.0,277.0,322.0,287.0
91941,514100.0,862.6,1795.0,1770.0,1662.0,1742.33333333
92117,513200.0,862.538461538,1574.0,1464.0,1467.0,1501.66666667
91367,625800.0,862.5,3075.0,2928.0,2875.0,2959.33333333
95054,816100.0,862.0,126.0,119.0,127.0,124.0
92501,248200.0,862.0,142.0,142.0,140.0,141.333333333
91748,562900.0,861.666666667,224.0,220.0,194.0,212.666666667
90712,468900.0,861.285714286,513.0,478.0,463.0,484.666666667
93612,166800.0,861.2,1278.0,1325.0,1315.0,1306.0
90280,332800.0,861.0,13.0,11.0,11.0,11.6666666667
93312,267200.0,860.8125,5610.0,5594.0,5839.0,5681.0
92223,259100.0,860.666666667,2361.0,2349.0,2275.0,2328.33333333
93402,420900.0,860.666666667,549.0,572.0,586.0,569.0
91304,528800.0,860.6,914.0,791.0,717.0,807.333333333
92567,262800.0,860.25,409.0,386.0,371.0,388.666666667
95377,414600.0,860.2,1193.0,1194.0,1184.0,1190.33333333
91945,348000.0,860.2,197.0,204.0,262.0,221.0
92391,156700.0,860.0,167.0,155.0,134.0,152.0
92881,464300.0,859.833333333,2919.0,3093.0,3028.0,3013.33333333
96150,342100.0,859.5,1334.0,1254.0,1267.0,1285.0
94510,510400.0,859.142857143,1920.0,1882.0,1798.0,1866.66666667
92655,448100.0,859.0,123.0,109.0,107.0,113.0
95126,673800.0,859.0,428.0,442.0,404.0,424.666666667
94550,672600.0,858.888888889,4105.0,3650.0,3484.0,3746.33333333
93001,494700.0,858.857142857,1656.0,1705.0,1749.0,1703.33333333
95035,729500.0,858.833333333,600.0,553.0,518.0,557.0
94546,581500.0,858.818181818,1793.0,1720.0,1689.0,1734.0
92647,611300.0,858.769230769,2578.0,2532.0,2572.0,2560.66666667
92071,396000.0,858.727272727,4381.0,4272.0,3992.0,4215.0
92530,254000.0,858.555555556,1359.0,1437.0,1386.0,1394.0
90012,408700.0,858.5,106.0,113.0,135.0,118.0
90731,496200.0,858.5,1109.0,1007.0,1026.0,1047.33333333
94005,675800.0,858.0,95.0,97.0,97.0,96.3333333333
92058,386200.0,858.0,889.0,947.0,950.0,928.666666667
91780,654900.0,857.833333333,494.0,451.0,443.0,462.666666667
91730,364200.0,857.545454545,1318.0,1274.0,1201.0,1264.33333333
95818,445800.0,857.333333333,808.0,896.0,883.0,862.333333333
90605,408100.0,857.166666667,1091.0,1181.0,791.0,1021.0
93003,493400.0,857.133333333,3636.0,3571.0,3419.0,3542.0
95678,291300.0,857.0,2804.0,2743.0,2666.0,2737.66666667
91351,399000.0,856.666666667,2342.0,2137.0,2001.0,2160.0
91335,422400.0,856.166666667,1551.0,1503.0,1457.0,1503.66666667
95329,193700.0,856.0,107.0,102.0,98.0,102.333333333
95928,270100.0,856.0,1170.0,1184.0,1215.0,1189.66666667
93442,510500.0,856.0,556.0,537.0,533.0,542.0
93723,272600.0,855.666666667,175.0,181.0,176.0,177.333333333
94523,596100.0,855.5,2944.0,2823.0,2725.0,2830.66666667
93514,335000.0,855.4,706.0,665.0,693.0,688.0
95829,301700.0,854.6,1106.0,1072.0,1003.0,1060.33333333
91350,456400.0,854.444444444,3060.0,2980.0,2794.0,2944.66666667
92084,447300.0,854.142857143,1177.0,1110.0,1016.0,1101.0
93010,525600.0,854.1,1526.0,1521.0,1482.0,1509.66666667
90032,376600.0,854.0,170.0,236.0,192.0,199.333333333
90033,340200.0,854.0,161.0,133.0,94.0,129.333333333
90713,484900.0,853.714285714,2064.0,1945.0,1757.0,1922.0
95062,677900.0,853.555555556,1139.0,1057.0,1066.0,1087.33333333
92595,327000.0,853.285714286,1483.0,1671.0,1557.0,1570.33333333
95819,424500.0,853.25,567.0,599.0,582.0,582.666666667
95223,244700.0,853.0,120.0,106.0,87.0,104.333333333
93444,473600.0,853.0,684.0,624.0,564.0,624.0
93311,266000.0,853.0,2870.0,2778.0,2808.0,2818.66666667
93527,174800.0,853.0,97.0,83.0,76.0,85.3333333333
91911,372300.0,852.941176471,607.0,578.0,543.0,576.0
90504,579000.0,852.875,754.0,711.0,636.0,700.333333333
92028,487100.0,852.8,1787.0,1643.0,1505.0,1645.0
92057,382000.0,852.545454545,2451.0,2592.0,2676.0,2573.0
92582,234000.0,852.5,138.0,141.0,154.0,144.333333333
92227,147200.0,852.375,390.0,367.0,343.0,366.666666667
92866,532300.0,852.0,118.0,110.0,98.0,108.666666667
93271,265300.0,852.0,81.0,68.0,69.0,72.6666666667
93667,238900.0,852.0,297.0,259.0,240.0,265.333333333
95688,405900.0,851.75,2440.0,2465.0,2442.0,2449.0
93433,381900.0,851.666666667,432.0,387.0,365.0,394.666666667
91935,602900.0,851.5,488.0,424.0,397.0,436.333333333
93955,375500.0,851.25,399.0,395.0,406.0,400.0
93245,182200.0,851.083333333,1721.0,1662.0,1538.0,1640.33333333
92081,466600.0,851.0,969.0,883.0,902.0,918.0
95942,277100.0,851.0,45.0,52.0,54.0,50.3333333333
90717,570100.0,851.0,273.0,236.0,210.0,239.666666667
95110,517500.0,851.0,15.0,24.0,32.0,23.6666666667
95662,330800.0,850.909090909,3915.0,3956.0,3877.0,3916.0
92675,643900.0,850.875,2052.0,2150.0,2265.0,2155.66666667
93215,147100.0,850.666666667,59.0,54.0,44.0,52.3333333333
95136,707200.0,850.6,428.0,409.0,435.0,424.0
93405,598800.0,850.5,1074.0,1100.0,1135.0,1103.0
95320,252200.0,850.5,990.0,986.0,952.0,976.0
91506,640600.0,849.8,1605.0,1515.0,1544.0,1554.66666667
95632,254700.0,849.75,1822.0,1757.0,1701.0,1760.0
94112,736900.0,849.666666667,267.0,213.0,199.0,226.333333333
95624,329700.0,849.388888889,4384.0,4286.0,4141.0,4270.33333333
93063,478800.0,849.090909091,4287.0,4149.0,3874.0,4103.33333333
92315,296800.0,849.0,511.0,477.0,486.0,491.333333333
95379,164600.0,849.0,549.0,575.0,556.0,560.0
95127,548200.0,848.875,233.0,223.0,244.0,233.333333333
92629,776700.0,848.666666667,1367.0,1398.0,1361.0,1375.33333333
92683,528200.0,848.181818182,698.0,634.0,598.0,643.333333333
94610,867900.0,848.0,223.0,229.0,229.0,227.0
92065,433000.0,847.666666667,2759.0,2628.0,2531.0,2639.33333333
95831,356500.0,847.5,791.0,799.0,817.0,802.333333333
93940,617500.0,847.4,890.0,734.0,678.0,767.333333333
95949,335100.0,847.166666667,1783.0,1597.0,1479.0,1619.66666667
95521,276100.0,847.0,1174.0,1184.0,1301.0,1219.66666667
95519,264500.0,847.0,916.0,905.0,915.0,912.0
92507,280600.0,846.8,573.0,488.0,440.0,500.333333333
95112,570500.0,846.666666667,96.0,95.0,92.0,94.3333333333
95570,353200.0,846.5,130.0,120.0,124.0,124.666666667
92139,341000.0,846.5,292.0,259.0,232.0,261.0
93551,302900.0,846.363636364,2186.0,2051.0,1675.0,1970.66666667
94608,477100.0,846.333333333,111.0,124.0,131.0,122.0
95023,404200.0,846.076923077,1615.0,1557.0,1466.0,1546.0
91786,402400.0,845.7,1663.0,1607.0,1496.0,1588.66666667
95834,311500.0,845.333333333,542.0,555.0,555.0,550.666666667
95228,328200.0,845.0,126.0,118.0,128.0,124.0
90806,422800.0,845.0,31.0,29.0,29.0,29.6666666667
91205,508400.0,845.0,1636.0,1648.0,1618.0,1634.0
91801,539300.0,844.8,207.0,168.0,123.0,166.0
91010,429800.0,844.75,253.0,237.0,212.0,234.0
96055,133300.0,844.666666667,338.0,341.0,349.0,342.666666667
92831,534000.0,844.428571429,1121.0,1036.0,1023.0,1060.0
95503,230600.0,844.363636364,1110.0,1105.0,1141.0,1118.66666667
93656,131700.0,844.333333333,205.0,178.0,179.0,187.333333333
92004,229600.0,844.0,56.0,46.0,34.0,45.3333333333
95472,653200.0,843.818181818,2129.0,2200.0,2246.0,2191.66666667
93536,259400.0,843.692307692,4069.0,3932.0,3936.0,3979.0
95006,413700.0,843.5,969.0,1068.0,1069.0,1035.33333333
90804,399100.0,843.25,909.0,887.0,834.0,876.666666667
91803,548300.0,843.0,87.0,56.0,52.0,65.0
93426,388700.0,843.0,27.0,27.0,30.0,28.0
92201,198700.0,843.0,1083.0,1059.0,1022.0,1054.66666667
94080,698500.0,843.0,445.0,537.0,420.0,467.333333333
92256,112600.0,843.0,123.0,106.0,96.0,108.333333333
91107,764300.0,842.625,1172.0,1018.0,1055.0,1081.66666667
94559,469800.0,842.5,315.0,318.0,315.0,316.0
92860,467800.0,842.444444444,2290.0,2257.0,2265.0,2270.66666667
95403,429600.0,842.428571429,827.0,809.0,757.0,797.666666667
92504,274700.0,842.333333333,1460.0,1369.0,1317.0,1382.0
96114,178500.0,842.0,245.0,221.0,222.0,229.333333333
95003,728300.0,842.0,1963.0,1947.0,1912.0,1940.66666667
94536,693800.0,841.933333333,2058.0,2000.0,1930.0,1996.0
92313,295500.0,841.666666667,464.0,453.0,426.0,447.666666667
91761,357500.0,841.555555556,653.0,604.0,581.0,612.666666667
91331,357500.0,841.5,130.0,108.0,93.0,110.333333333
95132,746900.0,841.25,493.0,440.0,445.0,459.333333333
93420,573300.0,841.142857143,2428.0,2391.0,2296.0,2371.66666667
91724,481800.0,841.0,922.0,877.0,814.0,871.0
92253,386400.0,840.833333333,1380.0,1263.0,1147.0,1263.33333333
95404,554600.0,840.5,272.0,231.0,249.0,250.666666667
93238,194600.0,840.0,52.0,31.0,35.0,39.3333333333
92025,434900.0,840.0,2517.0,2373.0,2375.0,2421.66666667
92123,466800.0,839.714285714,353.0,330.0,342.0,341.666666667
92865,548700.0,839.666666667,192.0,162.0,143.0,165.666666667
94587,604100.0,839.625,419.0,373.0,366.0,386.0
92154,357500.0,839.545454545,294.0,284.0,226.0,268.0
93960,252200.0,839.333333333,90.0,94.0,89.0,91.0
94085,732900.0,839.333333333,113.0,106.0,107.0,108.666666667
95356,265900.0,839.333333333,524.0,693.0,719.0,645.333333333
91602,680600.0,839.333333333,597.0,629.0,575.0,600.333333333
91303,394400.0,839.0,109.0,101.0,104.0,104.666666667
92571,227300.0,839.0,221.0,212.0,239.0,224.0
94553,460300.0,838.857142857,1762.0,1725.0,1678.0,1721.66666667
93465,555700.0,838.833333333,1269.0,1186.0,1235.0,1230.0
92841,464200.0,838.75,482.0,467.0,423.0,457.333333333
91601,512400.0,838.6,479.0,446.0,431.0,452.0
92407,234600.0,838.583333333,1345.0,1219.0,1137.0,1233.66666667
94585,286000.0,838.25,161.0,303.0,338.0,267.333333333
92285,70400.0,838.0,53.0,51.0,59.0,54.3333333333
96022,190200.0,837.833333333,1636.0,1630.0,1667.0,1644.33333333
95648,379300.0,837.727272727,3901.0,3926.0,3843.0,3890.0
93630,173300.0,837.4,373.0,344.0,330.0,349.0
92262,312700.0,836.75,869.0,833.0,767.0,823.0
94503,419400.0,836.666666667,624.0,624.0,611.0,619.666666667
95938,394100.0,836.333333333,598.0,569.0,557.0,574.666666667
95835,305200.0,836.285714286,1125.0,1062.0,1050.0,1079.0
95638,455200.0,836.0,156.0,162.0,149.0,155.666666667
92252,101800.0,836.0,327.0,304.0,264.0,298.333333333
92234,231100.0,835.857142857,846.0,780.0,662.0,762.666666667
93610,154700.0,835.428571429,879.0,860.0,875.0,871.333333333
94531,360800.0,835.333333333,1366.0,1286.0,1062.0,1238.0
92506,371000.0,835.307692308,2382.0,2350.0,2134.0,2288.66666667
90242,414700.0,835.0,366.0,322.0,283.0,323.666666667
95368,242000.0,835.0,650.0,563.0,530.0,581.0
92336,377900.0,835.0,1142.0,1132.0,1044.0,1106.0
92844,435900.0,834.666666667,201.0,200.0,191.0,197.333333333
90241,488300.0,834.5,722.0,634.0,567.0,641.0
92557,260600.0,834.454545455,1345.0,1206.0,1134.0,1228.33333333
93023,612300.0,834.444444444,1438.0,1402.0,1377.0,1405.66666667
94561,337400.0,834.444444444,2207.0,2158.0,2096.0,2153.66666667
92027,367900.0,833.7,1612.0,1526.0,1506.0,1548.0
94560,581900.0,833.636363636,1359.0,1359.0,1255.0,1324.33333333
95236,330600.0,833.5,371.0,339.0,341.0,350.333333333
95018,473700.0,833.5,1311.0,1355.0,1281.0,1315.66666667
92083,366800.0,833.2,1084.0,1039.0,1053.0,1058.66666667
96073,313300.0,833.166666667,1222.0,1148.0,1192.0,1187.33333333
92606,691400.0,833.0,390.0,384.0,368.0,380.666666667
91710,408200.0,833.0,1901.0,1705.0,1573.0,1726.33333333
92346,264600.0,832.833333333,1359.0,1280.0,1190.0,1276.33333333
93314,355600.0,832.8,1914.0,1816.0,1769.0,1833.0
92036,293500.0,832.75,1153.0,1215.0,1296.0,1221.33333333
91001,650900.0,832.5,284.0,289.0,364.0,312.333333333
93614,225900.0,832.5,547.0,548.0,514.0,536.333333333
95726,217800.0,832.5,415.0,403.0,416.0,411.333333333
95357,231700.0,832.25,686.0,597.0,543.0,608.666666667
95826,244300.0,832.125,1008.0,1028.0,1048.0,1028.0
93453,459600.0,832.0,130.0,141.0,147.0,139.333333333
96134,77700.0,832.0,118.0,117.0,110.0,115.0
95460,537600.0,832.0,296.0,293.0,301.0,296.666666667
95004,499200.0,832.0,130.0,111.0,101.0,114.0
92377,317300.0,832.0,416.0,385.0,352.0,384.333333333
95713,285700.0,831.5,722.0,693.0,657.0,690.666666667
91406,453400.0,831.181818182,791.0,800.0,805.0,798.666666667
94521,499800.0,831.111111111,2808.0,2627.0,2501.0,2645.33333333
94805,390700.0,831.0,74.0,96.0,104.0,91.3333333333
93553,219200.0,831.0,85.0,80.0,80.0,81.6666666667
92840,447800.0,830.636363636,755.0,713.0,640.0,702.666666667
93901,398700.0,830.285714286,1033.0,980.0,969.0,994.0
95667,279600.0,830.166666667,3622.0,3487.0,3508.0,3539.0
95640,227400.0,830.0,201.0,205.0,222.0,209.333333333
92399,303100.0,829.9,3714.0,3692.0,3608.0,3671.33333333
91401,629700.0,829.4,806.0,831.0,941.0,859.333333333
95222,256700.0,829.0,286.0,280.0,295.0,287.0
92551,231400.0,828.75,530.0,480.0,469.0,493.0
95492,483600.0,828.666666667,1975.0,2000.0,1855.0,1943.33333333
93710,200200.0,828.6,598.0,473.0,445.0,505.333333333
95045,471600.0,828.5,177.0,162.0,136.0,158.333333333
95123,683400.0,828.461538462,1955.0,1887.0,1840.0,1894.0
91732,414100.0,828.0,115.0,92.0,80.0,95.6666666667
91502,445800.0,828.0,1080.0,1112.0,1068.0,1086.66666667
90601,432600.0,827.8,314.0,277.0,220.0,270.333333333
92509,285500.0,827.666666667,1627.0,1496.0,1328.0,1483.66666667
95326,265800.0,827.6,743.0,767.0,751.0,753.666666667
92555,296400.0,827.285714286,740.0,707.0,655.0,700.666666667
93446,386800.0,827.166666667,955.0,972.0,904.0,943.666666667
95694,311000.0,827.0,358.0,329.0,368.0,351.666666667
95376,314800.0,826.647058824,2803.0,2634.0,2427.0,2621.33333333
90621,467200.0,826.5,314.0,314.0,301.0,309.666666667
95776,285500.0,826.5,478.0,384.0,356.0,406.0
91766,326200.0,826.5,283.0,261.0,291.0,278.333333333
92505,301400.0,826.222222222,774.0,750.0,666.0,730.0
92101,486800.0,826.166666667,293.0,321.0,366.0,326.666666667
93035,487600.0,826.0,348.0,348.0,331.0,342.333333333
91723,436100.0,826.0,795.0,716.0,651.0,720.666666667
90247,390100.0,826.0,29.0,32.0,30.0,30.3333333333
93647,128700.0,826.0,13.0,21.0,15.0,16.3333333333
93015,340300.0,826.0,134.0,135.0,109.0,126.0
92503,292300.0,825.785714286,1914.0,1774.0,1663.0,1783.66666667
94558,494300.0,825.761904762,3650.0,3481.0,3377.0,3502.66666667
92250,143600.0,825.75,138.0,124.0,130.0,130.666666667
91042,474400.0,825.75,731.0,663.0,643.0,679.0
93704,193800.0,825.545454545,1818.0,1663.0,1653.0,1711.33333333
90042,513700.0,825.5,56.0,48.0,42.0,48.6666666667
92111,474300.0,825.307692308,886.0,825.0,815.0,842.0
95245,192700.0,825.0,59.0,66.0,58.0,61.0
92868,438600.0,825.0,75.0,58.0,63.0,65.3333333333
92371,214900.0,824.75,841.0,794.0,778.0,804.333333333
92114,342000.0,824.333333333,71.0,66.0,67.0,68.0
93618,152500.0,824.285714286,272.0,270.0,256.0,266.0
95461,232100.0,824.0,888.0,876.0,863.0,875.666666667
95337,324500.0,824.0,610.0,596.0,577.0,594.333333333
94612,442700.0,824.0,155.0,192.0,243.0,196.666666667
92374,291200.0,823.909090909,3428.0,3396.0,3249.0,3357.66666667
93722,189900.0,823.307692308,1996.0,1921.0,1814.0,1910.33333333
95953,163000.0,823.2,340.0,340.0,369.0,349.666666667
96097,132300.0,823.0,691.0,693.0,833.0,739.0
95687,322200.0,822.888888889,2475.0,2561.0,2438.0,2491.33333333
95453,217500.0,822.666666667,656.0,606.0,587.0,616.333333333
95722,407200.0,822.5,167.0,159.0,154.0,160.0
93277,174600.0,822.4375,2799.0,2613.0,2500.0,2637.33333333
92843,439000.0,822.333333333,155.0,145.0,131.0,143.666666667
90650,375800.0,822.230769231,367.0,361.0,348.0,358.666666667
95973,280800.0,822.0,42.0,51.0,50.0,47.6666666667
93451,296000.0,821.5,103.0,106.0,97.0,102.0
93291,192700.0,821.454545455,1579.0,1617.0,1496.0,1564.0
93036,405300.0,821.375,575.0,557.0,499.0,543.666666667
92801,424600.0,821.3,575.0,482.0,510.0,522.333333333
91763,332800.0,821.25,330.0,307.0,317.0,318.0
91605,423200.0,821.2,568.0,562.0,540.0,556.666666667
92277,93200.0,821.142857143,1375.0,1332.0,1258.0,1321.66666667
93265,220400.0,821.0,202.0,179.0,183.0,188.0
93445,338300.0,821.0,49.0,58.0,42.0,49.6666666667
92352,332000.0,820.75,1548.0,1474.0,1399.0,1473.66666667
92879,363300.0,820.625,828.0,863.0,764.0,818.333333333
92019,435900.0,820.454545455,4596.0,4605.0,4348.0,4516.33333333
95060,757300.0,820.428571429,1580.0,1586.0,1550.0,1572.0
92585,280300.0,820.2,943.0,932.0,903.0,926.0
95382,277100.0,820.0,1992.0,1920.0,1913.0,1941.66666667
91762,325400.0,819.888888889,612.0,556.0,480.0,549.333333333
90715,415400.0,819.75,141.0,113.0,110.0,121.333333333
92802,447600.0,819.666666667,263.0,238.0,222.0,241.0
95363,252000.0,819.666666667,729.0,663.0,614.0,668.666666667
96067,230200.0,819.5,666.0,632.0,619.0,639.0
94513,452000.0,819.5,5066.0,5083.0,4999.0,5049.33333333
93926,255300.0,819.333333333,55.0,59.0,52.0,55.3333333333
93601,279900.0,819.0,184.0,208.0,182.0,191.333333333
95692,227300.0,819.0,643.0,650.0,649.0,647.333333333
92337,302100.0,819.0,431.0,401.0,394.0,408.666666667
92307,200400.0,818.857142857,1969.0,1867.0,1710.0,1848.66666667
95603,340900.0,818.857142857,2178.0,2152.0,2081.0,2137.0
94579,469700.0,818.75,232.0,210.0,210.0,217.333333333
91932,382600.0,818.0,523.0,496.0,479.0,499.333333333
93274,147600.0,817.80952381,2827.0,2778.0,2710.0,2771.66666667
95695,263400.0,817.538461538,1605.0,1462.0,1394.0,1487.0
93422,425200.0,817.444444444,2203.0,2120.0,2054.0,2125.66666667
91202,655700.0,817.333333333,1927.0,1879.0,1815.0,1873.66666667
93230,160900.0,817.0,2634.0,2511.0,2488.0,2544.33333333
95388,127000.0,817.0,117.0,121.0,124.0,120.666666667
93212,103900.0,816.75,185.0,172.0,180.0,179.0
92707,380100.0,816.666666667,91.0,72.0,64.0,75.6666666667
95348,201300.0,815.75,559.0,555.0,513.0,542.333333333
91977,359000.0,815.583333333,1031.0,986.0,791.0,936.0
95627,205300.0,815.5,221.0,202.0,184.0,202.333333333
91950,317600.0,815.0,48.0,49.0,31.0,42.6666666667
93555,151700.0,815.0,2277.0,2230.0,2180.0,2229.0
94928,414300.0,815.0,2312.0,2162.0,2084.0,2186.0
95631,277400.0,815.0,428.0,373.0,331.0,377.333333333
93065,485800.0,814.92,8528.0,8462.0,7475.0,8155.0
95340,187400.0,814.538461538,1157.0,1130.0,1057.0,1114.66666667
94109,933300.0,814.5,153.0,80.0,84.0,105.666666667
91306,448200.0,814.333333333,103.0,99.0,95.0,99.0
92392,190900.0,814.266666667,1654.0,1554.0,1473.0,1560.33333333
95407,387700.0,814.0,224.0,229.0,223.0,225.333333333
92372,206700.0,814.0,162.0,154.0,158.0,158.0
96130,115800.0,813.833333333,1203.0,1131.0,1165.0,1166.33333333
93637,176400.0,813.818181818,1092.0,958.0,884.0,978.0
95304,481900.0,813.8,611.0,585.0,596.0,597.333333333
96021,132100.0,813.75,957.0,903.0,962.0,940.666666667
95386,180200.0,813.666666667,1420.0,1345.0,1348.0,1371.0
93638,138300.0,813.333333333,299.0,290.0,270.0,286.333333333
93455,353800.0,813.3,2307.0,2404.0,2317.0,2342.66666667
92545,211600.0,813.166666667,1540.0,1404.0,1353.0,1432.33333333
91755,545500.0,813.0,27.0,24.0,20.0,23.6666666667
90007,491200.0,813.0,64.0,63.0,50.0,59.0
92867,603300.0,812.75,249.0,220.0,185.0,218.0
95210,162500.0,812.75,211.0,178.0,182.0,190.333333333
95843,304600.0,812.666666667,3150.0,3105.0,3093.0,3116.0
95425,400200.0,812.666666667,459.0,439.0,421.0,439.666666667
95620,333400.0,812.6,1042.0,980.0,942.0,988.0
95328,138800.0,812.5,254.0,248.0,242.0,248.0
91752,405200.0,812.5,393.0,401.0,369.0,387.666666667
95401,387500.0,812.4,763.0,797.0,816.0,792.0
95252,245600.0,812.333333333,983.0,985.0,900.0,956.0
93644,211100.0,812.0,810.0,776.0,756.0,780.666666667
95666,181100.0,812.0,108.0,108.0,101.0,105.666666667
91978,414200.0,812.0,1089.0,1086.0,928.0,1034.33333333
95324,238100.0,812.0,986.0,989.0,967.0,980.666666667
95614,303700.0,812.0,309.0,280.0,163.0,250.666666667
96002,209900.0,811.9,2413.0,2272.0,2359.0,2348.0
94571,276100.0,810.666666667,515.0,498.0,444.0,485.666666667
95383,213000.0,810.5,176.0,172.0,176.0,174.666666667
95562,181100.0,810.5,150.0,163.0,156.0,156.333333333
92806,501000.0,810.333333333,398.0,358.0,363.0,373.0
95476,591300.0,809.888888889,1483.0,1419.0,1316.0,1406.0
95209,244100.0,809.5,1169.0,1112.0,1083.0,1121.33333333
93907,385200.0,809.285714286,331.0,299.0,270.0,300.0
93906,321700.0,809.083333333,586.0,782.0,708.0,692.0
93022,498000.0,809.0,128.0,110.0,110.0,116.0
91106,554400.0,809.0,62.0,72.0,73.0,69.0
95926,255500.0,809.0,5114.0,5112.0,5087.0,5104.33333333
95237,265300.0,809.0,97.0,131.0,144.0,124.0
94518,521800.0,808.8,500.0,466.0,400.0,455.333333333
90260,430300.0,808.5,268.0,252.0,240.0,253.333333333
92105,318500.0,808.333333333,91.0,75.0,76.0,80.6666666667
92040,408900.0,807.833333333,2991.0,2920.0,2977.0,2962.66666667
91776,556900.0,807.5,302.0,261.0,283.0,282.0
95050,762900.0,807.166666667,616.0,586.0,594.0,598.666666667
93436,254400.0,806.818181818,1385.0,1297.0,1289.0,1323.66666667
94605,401400.0,806.0,38.0,31.0,32.0,33.6666666667
94533,262000.0,805.230769231,1463.0,1767.0,1823.0,1684.33333333
94580,447900.0,805.2,673.0,618.0,647.0,646.0
92805,418400.0,805.2,187.0,168.0,161.0,172.0
93306,159100.0,804.9375,1588.0,1528.0,1524.0,1546.66666667
93313,206900.0,804.222222222,1100.0,1063.0,1013.0,1058.66666667
92026,412100.0,804.125,1828.0,1726.0,1696.0,1750.0
93725,133900.0,803.75,104.0,103.0,105.0,104.0
92115,397100.0,803.571428571,314.0,278.0,296.0,296.0
90744,372200.0,803.25,110.0,85.0,76.0,90.3333333333
95076,421400.0,803.230769231,534.0,500.0,496.0,510.0
93622,126700.0,803.0,105.0,101.0,110.0,105.333333333
95437,335900.0,802.75,668.0,626.0,638.0,644.0
92804,446500.0,802.705882353,1502.0,1360.0,1245.0,1369.0
94545,455700.0,802.625,338.0,297.0,285.0,306.666666667
90501,545800.0,801.5,729.0,688.0,643.0,686.666666667
92570,240500.0,801.3,416.0,397.0,346.0,386.333333333
95307,200600.0,800.933333333,1535.0,1371.0,1338.0,1414.66666667
95993,242300.0,800.857142857,1531.0,1466.0,1443.0,1480.0
91722,401500.0,800.428571429,360.0,309.0,272.0,313.666666667
96088,185500.0,800.0,102.0,116.0,114.0,110.666666667
93933,415600.0,799.8,342.0,351.0,324.0,339.0
93706,101700.0,799.625,650.0,618.0,612.0,626.666666667
94538,644400.0,799.625,1641.0,1547.0,1549.0,1579.0
93561,212400.0,799.333333333,2071.0,2048.0,1995.0,2038.0
94015,701000.0,799.111111111,236.0,262.0,273.0,257.0
95203,142900.0,799.0,57.0,46.0,49.0,50.6666666667
95828,203800.0,798.75,493.0,465.0,432.0,463.333333333
91770,490600.0,798.5,87.0,89.0,76.0,84.0
90640,422000.0,798.333333333,281.0,240.0,223.0,248.0
95350,193400.0,798.277777778,2830.0,2662.0,2593.0,2695.0
94547,457800.0,798.2,235.0,210.0,178.0,207.666666667
94931,437000.0,798.0,124.0,107.0,105.0,112.0
95133,609700.0,797.666666667,108.0,137.0,127.0,124.0
95111,532700.0,797.5,115.0,107.0,85.0,102.333333333
95212,275800.0,797.333333333,626.0,628.0,614.0,622.666666667
94803,429100.0,797.333333333,376.0,378.0,372.0,375.333333333
92276,158500.0,797.0,52.0,40.0,35.0,42.3333333333
90723,321000.0,797.0,113.0,86.0,75.0,91.3333333333
91206,657400.0,796.8,1711.0,1675.0,1687.0,1691.0
92335,255000.0,796.666666667,492.0,448.0,403.0,447.666666667
92583,184500.0,796.0,1035.0,978.0,1007.0,1006.66666667
94578,437300.0,796.0,58.0,51.0,47.0,52.0
94577,469000.0,795.875,676.0,630.0,586.0,630.666666667
92021,382400.0,795.7,2261.0,2218.0,2017.0,2165.33333333
95660,157400.0,795.636363636,1380.0,1385.0,1340.0,1368.33333333
93267,116300.0,795.5,231.0,213.0,222.0,222.0
93609,138100.0,795.333333333,203.0,179.0,165.0,182.333333333
94591,323100.0,794.857142857,436.0,506.0,514.0,485.333333333
95117,845300.0,794.666666667,309.0,297.0,266.0,290.666666667
92345,179000.0,794.48,4227.0,4058.0,3911.0,4065.33333333
92395,171100.0,794.285714286,1872.0,1884.0,1796.0,1850.66666667
93033,352300.0,794.142857143,339.0,299.0,264.0,300.666666667
95608,430500.0,794.125,5137.0,5150.0,5224.0,5170.33333333
96052,160800.0,794.0,24.0,21.0,22.0,22.3333333333
93454,275200.0,793.727272727,699.0,602.0,599.0,633.333333333
93210,136300.0,793.5,421.0,405.0,368.0,398.0
95621,275000.0,793.0,1720.0,1552.0,1408.0,1560.0
92308,176100.0,792.714285714,2422.0,2505.0,2616.0,2514.33333333
94572,380500.0,792.0,80.0,78.0,80.0,79.3333333333
94565,293900.0,791.928571429,585.0,572.0,474.0,543.666666667
95945,285400.0,791.9,2841.0,2708.0,2705.0,2751.33333333
93041,311800.0,791.666666667,174.0,138.0,119.0,143.666666667
96001,217900.0,791.466666667,3401.0,3309.0,3317.0,3342.33333333
93309,172800.0,791.384615385,1676.0,1562.0,1425.0,1554.33333333
95380,198100.0,791.125,1457.0,1367.0,1363.0,1395.66666667
92284,136300.0,791.0,1619.0,1451.0,1436.0,1502.0
90292,821800.0,791.0,12.0,17.0,24.0,17.6666666667
93030,420200.0,790.875,656.0,546.0,501.0,567.666666667
90706,401700.0,790.833333333,244.0,238.0,229.0,237.0
90038,686200.0,790.5,87.0,85.0,78.0,83.3333333333
94590,218200.0,790.5,123.0,129.0,90.0,114.0
90710,472800.0,790.5,200.0,184.0,144.0,176.0
95116,483700.0,790.0,75.0,63.0,60.0,66.0
95242,306700.0,789.6,2706.0,2662.0,2625.0,2664.33333333
96013,121900.0,789.5,275.0,257.0,278.0,270.0
95122,499500.0,789.5,40.0,37.0,43.0,40.0
95982,181800.0,789.0,633.0,598.0,568.0,599.666666667
92324,212500.0,788.7,544.0,535.0,319.0,466.0
95969,195000.0,788.125,1912.0,1880.0,1851.0,1881.0
91702,366600.0,787.666666667,177.0,163.0,159.0,166.333333333
94806,293400.0,787.333333333,138.0,123.0,120.0,127.0
92553,222100.0,787.307692308,507.0,480.0,432.0,473.0
90502,371800.0,787.0,41.0,32.0,30.0,34.3333333333
93543,180300.0,786.5,357.0,320.0,282.0,319.666666667
95827,224800.0,786.4,805.0,771.0,737.0,771.0
92544,192300.0,786.111111111,2393.0,2175.0,2082.0,2216.66666667
95207,179100.0,785.916666667,1624.0,1544.0,1556.0,1574.66666667
95338,224400.0,785.8,687.0,639.0,711.0,679.0
95354,164400.0,785.666666667,702.0,679.0,648.0,676.333333333
95623,266900.0,785.5,618.0,575.0,582.0,591.666666667
95358,173400.0,785.363636364,713.0,636.0,683.0,677.333333333
96093,166700.0,785.0,423.0,415.0,383.0,407.0
93510,486100.0,784.666666667,661.0,586.0,540.0,595.666666667
92020,416600.0,784.615384615,2372.0,2405.0,2490.0,2422.33333333
93458,253900.0,784.5,87.0,92.0,73.0,84.0
95691,295400.0,784.142857143,1569.0,1571.0,1507.0,1549.0
94589,236000.0,784.0,408.0,407.0,443.0,419.333333333
95240,219500.0,783.7,1130.0,1090.0,1025.0,1081.66666667
96064,152700.0,783.5,176.0,154.0,164.0,164.666666667
95634,224900.0,783.5,367.0,328.0,253.0,316.0
93703,120400.0,783.166666667,240.0,242.0,227.0,236.333333333
91746,374500.0,783.0,13.0,13.0,12.0,12.6666666667
92311,93000.0,783.0,987.0,939.0,874.0,933.333333333
90028,653200.0,782.8,434.0,425.0,383.0,414.0
95961,169400.0,782.6,1382.0,1291.0,1290.0,1321.0
91402,356400.0,782.5,42.0,38.0,41.0,40.3333333333
93552,216300.0,782.4,534.0,490.0,427.0,483.666666667
95959,368800.0,782.142857143,1096.0,1088.0,1016.0,1066.66666667
91606,452000.0,782.0,390.0,339.0,330.0,353.0
95451,204600.0,781.5,659.0,631.0,595.0,628.333333333
90745,400900.0,781.333333333,242.0,181.0,156.0,193.0
94564,405100.0,781.333333333,561.0,536.0,516.0,537.666666667
95367,233600.0,781.0,451.0,478.0,470.0,466.333333333
93308,173800.0,781.0,3510.0,3394.0,3340.0,3414.66666667
95987,177400.0,780.0,55.0,51.0,48.0,51.3333333333
93292,179400.0,780.0,1396.0,1283.0,1210.0,1296.33333333
92220,186500.0,779.571428571,431.0,400.0,365.0,398.666666667
95991,189300.0,779.307692308,1823.0,1787.0,1702.0,1770.66666667
91744,371600.0,779.0,110.0,106.0,94.0,103.333333333
95901,161900.0,778.571428571,1814.0,1704.0,1688.0,1735.33333333
95814,337500.0,778.0,14.0,20.0,15.0,16.3333333333
92240,151000.0,778.0,688.0,580.0,544.0,604.0
93304,127200.0,777.916666667,487.0,444.0,471.0,467.333333333
92539,179800.0,777.5,350.0,342.0,292.0,328.0
95833,272900.0,777.5,373.0,317.0,299.0,329.666666667
92543,137100.0,777.142857143,1167.0,1144.0,1070.0,1127.0
94544,443000.0,776.375,215.0,193.0,174.0,194.0
93286,134200.0,776.25,221.0,184.0,173.0,192.666666667
95642,257600.0,776.166666667,1175.0,1126.0,1068.0,1123.0
93307,130000.0,776.0,845.0,793.0,756.0,798.0
92376,251800.0,775.5,304.0,269.0,251.0,274.666666667
93727,188400.0,775.416666667,562.0,531.0,494.0,529.0
93305,114600.0,773.8,166.0,162.0,165.0,164.333333333
95540,244000.0,773.6,1061.0,962.0,892.0,971.666666667
93257,143500.0,773.346153846,2440.0,2407.0,2330.0,2392.33333333
93263,135600.0,772.25,286.0,267.0,258.0,270.333333333
95361,258000.0,772.181818182,1932.0,1907.0,1845.0,1894.66666667
92394,177100.0,772.0,82.0,62.0,66.0,70.0
95204,158400.0,772.0,492.0,461.0,443.0,465.333333333
95131,706700.0,771.75,140.0,216.0,190.0,182.0
94525,377200.0,771.5,170.0,151.0,146.0,155.666666667
92404,197500.0,771.153846154,776.0,711.0,660.0,715.666666667
95327,193300.0,771.0,199.0,171.0,185.0,185.0
91352,396600.0,771.0,166.0,153.0,142.0,153.666666667
94509,273500.0,770.533333333,1531.0,1467.0,1339.0,1445.66666667
90250,467300.0,770.285714286,186.0,220.0,225.0,210.333333333
95336,257800.0,770.076923077,2929.0,2774.0,2623.0,2775.33333333
93202,121500.0,770.0,96.0,89.0,79.0,88.0
91792,435700.0,770.0,26.0,21.0,14.0,20.3333333333
92316,245900.0,769.75,324.0,292.0,266.0,294.0
93280,134500.0,768.333333333,176.0,173.0,166.0,171.666666667
95822,194800.0,768.3,642.0,647.0,634.0,641.0
95316,236400.0,768.2,603.0,588.0,576.0,589.0
95470,367300.0,768.0,181.0,193.0,174.0,182.666666667
96094,147000.0,768.0,279.0,270.0,257.0,268.666666667
93702,88400.0,767.666666667,101.0,104.0,114.0,106.333333333
93513,181000.0,767.5,45.0,43.0,38.0,42.0
95838,199200.0,767.0,423.0,423.0,438.0,428.0
95670,235800.0,766.692307692,2390.0,2230.0,2172.0,2264.0
95330,288700.0,766.5,413.0,414.0,424.0,417.0
93256,109900.0,766.0,39.0,39.0,25.0,34.3333333333
91764,302100.0,765.714285714,199.0,217.0,209.0,208.333333333
93240,127900.0,764.333333333,667.0,672.0,640.0,659.666666667
95215,121900.0,764.285714286,643.0,600.0,522.0,588.333333333
94541,436400.0,763.5,422.0,392.0,323.0,379.0
95482,284700.0,762.461538462,1818.0,1715.0,1632.0,1721.66666667
95823,185300.0,761.666666667,399.0,395.0,402.0,398.666666667
95605,173100.0,761.5,227.0,181.0,178.0,195.333333333
90805,345800.0,761.0,164.0,131.0,121.0,138.666666667
95490,228600.0,760.833333333,748.0,745.0,726.0,739.666666667
95567,264200.0,760.0,39.0,39.0,43.0,40.3333333333
95610,241500.0,759.333333333,1330.0,1337.0,1284.0,1317.0
96003,234100.0,758.545454545,1879.0,1865.0,1913.0,1885.66666667
93550,180500.0,758.166666667,681.0,677.0,583.0,647.0
96019,150900.0,757.25,970.0,977.0,866.0,937.666666667
93705,133800.0,756.285714286,267.0,278.0,274.0,273.0
92408,195700.0,755.75,137.0,154.0,171.0,154.0
93247,136200.0,755.0,148.0,104.0,106.0,119.333333333
93505,85800.0,754.75,394.0,381.0,368.0,381.0
92590,855000.0,754.666666667,1803.0,1979.0,2021.0,1934.33333333
95628,417000.0,754.111111111,3738.0,3767.0,3645.0,3716.66666667
96080,145500.0,752.785714286,2245.0,2108.0,2038.0,2130.33333333
91706,361100.0,752.75,80.0,89.0,82.0,83.6666666667
95966,159000.0,752.7,2108.0,2002.0,1844.0,1984.66666667
91731,402300.0,752.0,24.0,18.0,11.0,17.6666666667
93301,162500.0,748.0,1352.0,1312.0,1341.0,1335.0
93235,95400.0,748.0,15.0,19.0,12.0,15.3333333333
91342,404800.0,747.0,95.0,73.0,68.0,78.6666666667
95817,230400.0,747.0,74.0,85.0,112.0,90.3333333333
90660,370700.0,747.0,32.0,29.0,28.0,29.6666666667
96007,174000.0,746.5,1367.0,1276.0,1298.0,1313.66666667
93726,148100.0,745.615384615,956.0,893.0,854.0,901.0
92225,122000.0,745.5,554.0,548.0,518.0,540.0
95458,118300.0,745.0,109.0,87.0,100.0,98.6666666667
95824,144300.0,745.0,88.0,80.0,71.0,79.6666666667
91204,424600.0,743.5,192.0,216.0,190.0,199.333333333
95255,148900.0,743.0,42.0,35.0,36.0,37.6666666667
95321,209900.0,742.5,182.0,183.0,184.0,183.0
95351,139200.0,741.846153846,849.0,716.0,696.0,753.666666667
94519,414900.0,740.0,285.0,276.0,304.0,288.333333333
93268,106300.0,739.25,1112.0,1083.0,1019.0,1071.33333333
95832,170200.0,739.0,28.0,20.0,29.0,25.6666666667
93535,172700.0,737.0,1153.0,985.0,1067.0,1068.33333333
93534,153200.0,735.0,624.0,503.0,437.0,521.333333333
91767,331600.0,735.0,67.0,73.0,73.0,71.0
94134,677100.0,735.0,11.0,11.0,13.0,11.6666666667
92356,112300.0,734.5,326.0,231.0,212.0,256.333333333
92405,173400.0,733.142857143,249.0,208.0,177.0,211.333333333
95423,150500.0,733.0,90.0,92.0,79.0,87.0
95954,160600.0,729.666666667,458.0,421.0,415.0,431.333333333
95501,216800.0,726.571428571,1341.0,1205.0,1202.0,1249.33333333
95965,154100.0,726.125,607.0,620.0,602.0,609.666666667
91962,305100.0,726.0,131.0,20.0,123.0,91.3333333333
91405,431500.0,725.666666667,80.0,102.0,92.0,91.3333333333
94014,598200.0,725.5,47.0,36.0,27.0,36.6666666667
95685,275600.0,723.5,558.0,542.0,560.0,553.333333333
95370,217900.0,723.125,1645.0,1525.0,1530.0,1566.66666667
90606,382400.0,723.0,59.0,70.0,43.0,57.3333333333
93223,114600.0,722.666666667,61.0,86.0,75.0,74.0
92314,200600.0,722.5,413.0,377.0,368.0,386.0
90201,337700.0,718.8,105.0,88.0,89.0,94.0
93728,130500.0,717.0,129.0,150.0,124.0,134.333333333
96025,128900.0,717.0,122.0,114.0,90.0,108.666666667
93927,198000.0,712.0,13.0,14.0,14.0,13.6666666667
93560,159300.0,711.2,733.0,622.0,639.0,664.666666667
90063,318500.0,711.0,92.0,69.0,69.0,76.6666666667
92121,515300.0,710.5,262.0,295.0,286.0,281.0
94520,339000.0,708.25,287.0,320.0,272.0,293.0
95206,174900.0,705.727272727,778.0,757.0,701.0,745.333333333
92344,241700.0,703.0,537.0,552.0,525.0,538.0
95916,171300.0,701.0,38.0,24.0,28.0,30.0
95205,106800.0,700.4,214.0,199.0,199.0,204.0
93203,124900.0,698.25,109.0,98.0,104.0,103.666666667
93204,102700.0,698.0,16.0,17.0,11.0,14.6666666667
92325,165100.0,695.5,281.0,229.0,217.0,242.333333333
94102,783000.0,690.0,32.0,32.0,34.0,32.6666666667
95249,177700.0,686.6,1019.0,966.0,998.0,994.333333333
95422,102200.0,684.0,347.0,351.0,368.0,355.333333333
96137,313500.0,682.666666667,188.0,167.0,168.0,174.333333333
95655,301600.0,682.0,169.0,221.0,233.0,207.666666667
93701,94600.0,670.666666667,137.0,130.0,101.0,122.666666667
94804,299900.0,657.0,23.0,18.0,18.0,19.6666666667
90810,349300.0,657.0,35.0,28.0,28.0,30.3333333333
93501,75300.0,648.0,125.0,113.0,98.0,112.0
91103,581100.0,647.0,20.0,13.0,16.0,16.3333333333
95602,376900.0,641.0,90.0,71.0,76.0,79.0
95619,242000.0,628.0,38.0,22.0,27.0,29.0
